model,file,si_sdr_clean_vs_enh,lsd_clean_vs_enh,dur_s
ulunas,p225_008_mic1-59f91c49779a-91837fa46750.wav,31.4908,3.4789,7.648
ulunas,p225_046_mic2-da535b0a1810-0c5e94966c09.wav,24.6435,5.2504,3.16
ulunas,p225_264_mic2-66e13cbe7664-603f92effc5c.wav,27.4216,5.7144,3.664
ulunas,p227_027_mic1-12a90df9c17b-4595663829b8.wav,29.7121,5.696,3.033
ulunas,p227_086_mic1-f8cebac24ffb-b153d12f39c0.wav,24.8374,4.4204,3.071
ulunas,p227_236_mic1-54a48991de5d-fecf7711eeec.wav,22.5734,5.2436,3.649
ulunas,p227_357_mic1-53509e8e5c46-e5ea89bc3663.wav,29.1203,4.3943,4.573
ulunas,p228_012_mic2-b9d89ff8c2e3-122d9b92008f.wav,21.7246,5.3712,5.099
ulunas,p228_077_mic2-9e4995b9a63c-084ecf6a0417.wav,27.7368,7.6064,3.45
ulunas,p228_084_mic2-5ffb128688c2-acfd6b5f3163.wav,30.0249,4.9555,4.611
ulunas,p228_115_mic2-75446df0418c-f4558b4ef84d.wav,20.8441,6.6304,3.542
ulunas,p228_177_mic2-730112f85b97-bf911a1752d7.wav,28.1523,6.0389,3.259
ulunas,p228_178_mic2-5c256c52fae5-fc29a34f1764.wav,25.2058,6.2984,3.894
ulunas,p228_212_mic2-df6d3e0199fa-86687bc87d39.wav,28.8541,7.5897,3.133
ulunas,p228_224_mic2-85c2c4f5d874-2610f979d573.wav,31.3044,6.4781,4.771
ulunas,p228_256_mic2-6bdc7136c06f-77a70a91d188.wav,29.5142,7.3053,4.811
ulunas,p228_313_mic2-9f808a4d5adb-ce1322a1229e.wav,20.2562,5.6063,4.439
ulunas,p228_345_mic2-3f047d50bb75-99dbe688b1eb.wav,14.5147,5.3804,4.515
ulunas,p229_023_mic2-f27ec6b01281-722b381fcd96.wav,28.5058,4.2549,10.803
ulunas,p229_079_mic2-34e786947658-8adf8b08763f.wav,28.6261,6.1696,4.173
ulunas,p229_139_mic2-a943166db5c5-ca451b7068d2.wav,27.766,6.1218,3.204
ulunas,p229_149_mic2-5f4be6d5bf30-1064bc84d395.wav,27.557,5.48,3.954
ulunas,p229_238_mic2-b59a55a36a05-3d510ca879a2.wav,29.5807,5.856,3.928
ulunas,p229_246_mic2-de9cc77242ad-2c9f8017b2f1.wav,24.4305,6.973,3.59
ulunas,p229_253_mic2-ee24e2d339fd-c60f57d48cd4.wav,25.4538,6.4721,3.735
ulunas,p229_382_mic2-7ffa4d1a01dc-73786ef65a4d.wav,25.9235,5.8693,3.543
ulunas,p230_024_mic1-8509a33a5312-e0940e9d2f8c.wav,22.8789,5.1212,7.793
ulunas,p230_026_mic2-2da9f4cc6682-20980baa910e.wav,31.0952,5.5345,3.136
ulunas,p230_043_mic2-46dabdda7ced-f6ca90b3be22.wav,25.5722,7.4825,3.165
ulunas,p230_050_mic2-1e7f349e5f6b-cf25da91b0cb.wav,26.0908,4.8375,4.106
ulunas,p230_057_mic2-f2bed977efc9-7d6aa439f112.wav,27.1899,7.7405,4.099
ulunas,p230_066_mic1-40123510c8b6-83eb64cd7d07.wav,22.3548,6.4428,3.321
ulunas,p230_077_mic2-033165b3ba38-37ff8c8119d3.wav,28.5098,5.3298,3.203
ulunas,p230_125_mic2-60f63636436c-48b15925e06b.wav,27.6072,7.3908,5.124
ulunas,p230_174_mic2-fcec544d0c73-4f30543c208a.wav,22.3787,7.5069,3.358
ulunas,p230_234_mic2-a0990bcde0ac-133cba00c3ed.wav,20.6353,6.4133,3.758
ulunas,p230_243_mic2-836ddfeb0fcb-65c1ad4ef3dd.wav,17.7819,7.335,3.917
ulunas,p232_017_mic2-314229618b2a-e912e75680f0.wav,31.3231,6.3308,3.265
ulunas,p232_021_mic2-2a3b99252050-1f83e3af0926.wav,32.0329,4.6015,8.892
ulunas,p232_061_mic1-0430dec85adf-6d92b89ae58d.wav,30.534,4.5426,3.619
ulunas,p232_114_mic2-a789dc404e37-87c92614e934.wav,37.6001,6.1168,3.55
ulunas,p232_362_mic2-85db8ac6e950-9be7f1a12c71.wav,29.5596,4.4894,3.216
ulunas,p233_017_mic2-08028eff2337-7d6e9e917a12.wav,23.7668,5.3273,4.798
ulunas,p233_024_mic2-ead3ba148063-3bd5436c1ed9.wav,27.5016,5.7232,6.758
ulunas,p233_047_mic1-6c3e4a1303d4-a461e3af2987.wav,21.1618,5.9079,4.128
ulunas,p233_051_mic1-61314cbff34e-920db54ba4d7.wav,24.4474,5.6395,4.053
ulunas,p233_051_mic2-613670f8945f-855aa64ccb89.wav,24.0707,5.313,4.053
ulunas,p233_055_mic1-a0646b55cd97-bd75316672e9.wav,26.4221,4.7548,3.957
ulunas,p233_067_mic2-a702a11c2c4d-1f943e564967.wav,15.4005,5.7462,4.321
ulunas,p233_082_mic1-b6706c029ce4-259448299868.wav,23.4827,6.2574,3.989
ulunas,p233_128_mic2-7a0034176265-487c9c84c418.wav,20.8382,6.5413,4.319
ulunas,p233_151_mic2-aad63c6a7697-cd79e3a41173.wav,22.1161,6.57,3.946
ulunas,p233_161_mic1-3e6e440c11c8-db35629698f0.wav,26.2061,8.6063,3.97
ulunas,p233_191_mic2-59c09f86212c-58132e1a6627.wav,28.5994,5.5684,3.117
ulunas,p233_225_mic1-c3e92e47d7b8-c4daec662f3a.wav,28.3034,6.1068,3.222
ulunas,p233_225_mic2-da41f2085fab-cebac0e57c51.wav,23.9361,5.3466,3.222
ulunas,p234_144_mic2-5cd3e25f2c17-14732f35dc65.wav,22.6241,8.2306,3.29
ulunas,p234_237_mic2-4ef18510a6c5-24fd7b862241.wav,26.0379,8.7593,3.348
ulunas,p236_051_mic2-04a3d833aab5-ebd690f20814.wav,26.7424,5.6228,3.072
ulunas,p236_148_mic2-3f718924af88-c20a84b95777.wav,26.4663,8.5738,4.354
ulunas,p236_164_mic2-8d962f40d937-2d94d96754d5.wav,27.9365,4.3682,3.163
ulunas,p236_381_mic2-c9305a9b7077-71a1e4764401.wav,23.2104,5.1621,4.098
ulunas,p236_435_mic2-ab4344fe0b11-c8f5e9593791.wav,24.9309,8.3473,3.595
ulunas,p237_046_mic2-f7c5a1f3c41d-95102695a373.wav,24.3975,8.2818,3.93
ulunas,p237_098_mic2-f30973e82cfc-b4e3da1d44fb.wav,28.4835,6.3892,3.219
ulunas,p237_181_mic2-9c78a873a373-cd1fa3aaced7.wav,30.4482,7.2567,3.913
ulunas,p237_201_mic2-c2f27d9e42d5-a69940ca1d55.wav,25.4316,6.5139,4.428
ulunas,p237_225_mic2-9c8096d8ddbd-d0c3a462fa01.wav,25.7403,6.6486,4.752
ulunas,p237_256_mic2-963e152df7e4-0459ef5a378c.wav,32.2055,5.9107,3.316
ulunas,p237_311_mic2-a6c827eb23cd-27a13f3ac007.wav,29.2787,6.0275,4.184
ulunas,p238_003_mic2-16cfda1856c9-e30ff89a971b.wav,27.3076,4.1161,8.322
ulunas,p238_004_mic2-6b3aaa603557-926868cecfc2.wav,22.2425,6.2686,6.421
ulunas,p238_008_mic2-6cd1a38af039-7c1ebffbb8e2.wav,25.955,4.8305,9.558
ulunas,p238_009_mic2-cde9c39f4f79-88acb222465a.wav,30.5659,5.0301,6.146
ulunas,p238_033_mic2-12dd60139d64-b7583892cff4.wav,29.7239,5.5033,4.439
ulunas,p238_085_mic1-7cb33a36807b-1f0b64d0aa61.wav,25.3795,4.8605,3.152
ulunas,p238_108_mic2-5c7d8b830fd3-e8a1e2dcf7f6.wav,20.8838,5.9662,3.458
ulunas,p238_123_mic2-ab07fca59845-bbc7e4e4db0c.wav,21.2087,5.0851,3.803
ulunas,p238_132_mic2-d2f2050a09c0-8062febf2629.wav,33.6551,5.3748,3.119
ulunas,p238_140_mic2-9250edb3e273-13d75e0099f3.wav,31.5126,4.8575,4.313
ulunas,p238_213_mic2-6e9cb09c0c0b-17f00a25d936.wav,28.4764,5.6401,3.503
ulunas,p238_228_mic2-b7aea1a6b2a1-aae2118da6a7.wav,24.0265,5.5545,5.421
ulunas,p238_248_mic2-9324dd47990d-562c10106712.wav,24.0166,4.4481,3.332
ulunas,p238_256_mic2-4921a54c5753-3f7d2b6e995e.wav,27.9661,5.1572,3.459
ulunas,p238_260_mic2-7b532efcc89b-afd1eaa2c262.wav,31.628,6.0776,3.97
ulunas,p238_263_mic1-6ca272d2d389-c0fa64164832.wav,26.0201,4.3025,4.141
ulunas,p238_320_mic2-4a2dc9067e49-d019c84af95d.wav,30.1616,5.1309,4.61
ulunas,p238_340_mic2-fa9cd0bf4ac8-0a5805ffd030.wav,25.6056,4.4314,4.015
ulunas,p238_342_mic2-53e7799f48dc-9bea8a3f6149.wav,32.2971,5.3919,4.315
ulunas,p238_343_mic2-dcf49afe2f4e-7760f0e8792e.wav,25.1024,4.2745,5.913
ulunas,p238_370_mic2-2a47ec94d7e7-5ec6dd5a8e9c.wav,26.8002,4.2455,3.8
ulunas,p238_377_mic1-54f7103936b3-89592a1ea4af.wav,25.347,5.3097,3.418
ulunas,p238_389_mic2-0a3b2fcbdcd4-6fc410d41afc.wav,16.6174,4.8402,3.588
ulunas,p238_394_mic2-4a741420f1b8-2366c730a56a.wav,30.138,5.5515,3.502
ulunas,p238_395_mic2-2539cbed71b0-447c08069b49.wav,26.7537,4.5908,4.525
ulunas,p238_429_mic2-559088dd88ad-e89f459c0b8b.wav,25.7109,6.2182,3.205
ulunas,p238_442_mic2-b921f6580985-2bacd4bc32a8.wav,26.5211,5.9225,4.27
ulunas,p238_444_mic2-f8e3985d96a0-69d9b064085e.wav,29.4112,4.7201,3.286
ulunas,p238_445_mic2-5df1779db28f-9d88a846a253.wav,23.5202,4.7158,5.464
ulunas,p238_446_mic2-626ff980cd35-a3d111b14f4c.wav,33.8761,4.9905,3.672
ulunas,p239_014_mic2-ef90b5103a42-ae1e4d725dc5.wav,25.2969,5.8401,4.315
ulunas,p239_015_mic2-851acef5adbb-52f1ec0950d7.wav,24.9928,5.037,5.079
ulunas,p239_021_mic2-d26c4d967aef-747aadfa6811.wav,22.9623,4.5911,7.956
ulunas,p239_047_mic2-a9f434c481e9-66d321c2b152.wav,21.0546,6.2909,3.801
ulunas,p239_161_mic2-6abdb8dd6273-63908936fdbf.wav,25.0405,5.3431,3.542
ulunas,p239_225_mic2-aadb29466322-5cd710abb0ea.wav,21.0746,5.1679,3.374
ulunas,p239_289_mic2-d51fe18dfa27-bbd1410d52db.wav,20.5665,6.0418,3.414
ulunas,p239_301_mic2-2a9b93bc80dd-ab5ff12680f9.wav,19.1252,6.6583,3.414
ulunas,p239_322_mic2-b9307bbb353e-f51539f3c1b9.wav,22.9651,5.1451,3.244
ulunas,p239_422_mic2-8797f603d0eb-3a9907dc5081.wav,20.7202,5.5121,3.205
ulunas,p239_435_mic2-eec2b8fee5ab-53715bbaf8cd.wav,24.9048,5.6249,3.332
ulunas,p239_454_mic2-c374d3c4f872-df04c928ef7d.wav,24.1888,5.216,3.585
ulunas,p239_467_mic2-5a72e84e51af-8a0517bd3ab1.wav,24.2863,6.407,3.841
ulunas,p239_473_mic2-6c4571e79a77-fa1027334dad.wav,31.3411,5.0335,3.39
ulunas,p240_003_mic2-964b5815953a-c2b37450230d.wav,22.3233,5.5581,7.216
ulunas,p240_006_mic2-77a5036b7c07-f8adcc2ca5b6.wav,25.5375,5.8052,5.539
ulunas,p240_044_mic2-df01b2258ca3-c5111e359d17.wav,21.9395,7.0648,3.926
ulunas,p240_123_mic2-c75f640d39f5-b84169f5a446.wav,24.4927,5.4259,4.497
ulunas,p240_175_mic2-d635382f41f0-056b28079dd8.wav,23.4159,6.3867,4.874
ulunas,p240_179_mic2-0a4222bab7ca-c3f33b5c5568.wav,17.5813,7.6066,4.271
ulunas,p240_262_mic2-eb9c6da9d5cc-35257876963f.wav,21.4917,5.4805,3.672
ulunas,p240_307_mic2-b4799e169aff-c4fa73c3b6fd.wav,21.298,6.0701,3.194
ulunas,p240_358_mic2-1d4840402fb9-03cb78601f18.wav,23.0719,5.1324,4.185
ulunas,p241_002_mic2-1c171aaae17d-ded48ba92fda.wav,29.6764,7.3671,3.752
ulunas,p241_013_mic2-4160874deb9c-dbe3b59c84b9.wav,34.0861,5.2536,4.445
ulunas,p241_021_mic2-6c95c5b0560f-440f88c04dd3.wav,32.9355,4.4949,8.754
ulunas,p241_025_mic2-ef1469218407-34ad9239e3fa.wav,28.6731,4.0927,3.287
ulunas,p241_056_mic2-f8ba17bae249-269419f28007.wav,32.0538,8.9964,3.396
ulunas,p241_068_mic2-783e2ccd9e64-cee14e267a90.wav,23.2718,7.0686,3.084
ulunas,p241_069_mic2-6867f8212990-1a84aea3db6f.wav,27.5331,5.6392,3.266
ulunas,p241_130_mic2-bb16ffc9e5da-7f6de896f3b7.wav,21.7657,5.0583,3.909
ulunas,p241_138_mic2-290a0f261571-dbade4f15432.wav,23.0148,7.5608,3.589
ulunas,p241_190_mic2-ebff56a0d453-825e6142b8e8.wav,33.8157,5.2295,3.979
ulunas,p241_255_mic2-bfea8743873d-4ff59e36fc85.wav,28.3906,6.328,3.055
ulunas,p241_276_mic2-1fee016102bb-65d64cb2f094.wav,22.1765,6.427,3.715
ulunas,p241_293_mic2-d807a85cbc30-5ed95df2c89e.wav,22.8832,5.1238,3.975
ulunas,p243_016_mic2-3d2faa6c5253-46ef956fe623.wav,34.4067,5.3519,7.642
ulunas,p243_026_mic1-82606f527123-5e3dec5f9a46.wav,25.5689,6.265,5.206
ulunas,p243_047_mic2-3ea1dd097a41-f9ac573b2068.wav,34.4936,5.0382,3.628
ulunas,p243_056_mic1-02c5ef02300f-08e7b63216af.wav,28.7172,5.0257,3.375
ulunas,p243_064_mic1-0cc4f7ec4c46-6b18bd2519b4.wav,27.3109,5.0695,3.067
ulunas,p243_066_mic1-b81458667130-0d02620bf44d.wav,32.6321,5.1096,3.239
ulunas,p243_067_mic2-9ad9035e683a-10f9c745ae65.wav,34.6784,5.3345,3.508
ulunas,p243_091_mic2-2e7c1c87ed20-1e0a4191438d.wav,35.1335,7.2135,3.799
ulunas,p243_105_mic2-962a4274fc14-eef7f4bf1d94.wav,29.2522,8.3167,3.335
ulunas,p243_122_mic2-6b03431c7b87-5704c8f65f00.wav,33.5704,6.1809,4.397
ulunas,p243_127_mic1-435f357cb804-3ec72a13a7e6.wav,29.5706,5.4888,4.04
ulunas,p243_129_mic2-c39da770ca1c-d3a143bdf8a1.wav,33.7395,5.7926,3.508
ulunas,p243_130_mic2-7128102e0ba8-161d4641e4c3.wav,33.0876,6.094,3.331
ulunas,p243_140_mic2-49065b5a95cd-e75513633a7c.wav,30.5443,7.8153,3.408
ulunas,p243_153_mic1-a11655ae2fa3-46973c0487ba.wav,24.8886,5.8245,3.21
ulunas,p243_156_mic2-745a7f949838-49fe77ba97dd.wav,36.5217,6.1722,4.235
ulunas,p243_157_mic2-b6760900d3bf-944dc2d12c89.wav,32.3071,7.3679,3.354
ulunas,p243_160_mic2-6d6f754bd504-0c19d04387b7.wav,28.5909,5.4286,3.678
ulunas,p243_169_mic1-f21285f7bc01-7093442b3071.wav,33.2588,5.3521,3.484
ulunas,p243_173_mic1-db74224b5ad7-36e3ffb71b3e.wav,28.821,4.1632,4.057
ulunas,p243_187_mic2-a4328533f208-da52eb162da0.wav,29.0124,6.3186,3.757
ulunas,p243_194_mic2-d9cf4de4afc8-b441cc2811be.wav,29.2417,4.4851,3.894
ulunas,p243_204_mic1-47a2d0481862-bb8d042908ad.wav,32.2747,4.5632,3.371
ulunas,p243_213_mic1-690c464f3986-192abda9b768.wav,30.3099,4.3162,5.123
ulunas,p243_214_mic1-1815bea42a61-c38cbf044c43.wav,30.7737,5.1606,4.007
ulunas,p243_251_mic1-65f4318d12ad-e1787e5c29f7.wav,28.7865,4.0739,3.546
ulunas,p243_264_mic2-66077d584c06-1a21a653115f.wav,28.9885,5.9309,3.409
ulunas,p243_269_mic1-a88aa2075453-ed6e3ccc6f8e.wav,26.4727,6.3094,3.224
ulunas,p243_274_mic1-676216355a15-0ef56b047be2.wav,30.7086,4.5161,5.073
ulunas,p243_276_mic2-de45d41319c4-3455f3f603ef.wav,34.3969,6.3148,4.311
ulunas,p243_278_mic1-79d52fef4fd5-0a4b274e61a1.wav,29.5002,3.9539,3.416
ulunas,p243_280_mic2-6c2426ace46d-78418c70fb74.wav,36.3564,5.5186,3.557
ulunas,p243_298_mic1-9123dfba46a6-b73d3d5bfb8e.wav,31.2284,4.0034,3.412
ulunas,p243_315_mic2-df420298c930-1ce6e5b28ca7.wav,35.2221,6.96,3.034
ulunas,p243_323_mic2-ddada3618b23-7204e145de15.wav,28.8392,6.2846,3.121
ulunas,p243_326_mic1-0a9227e922c0-fb79d1aefd0c.wav,31.5153,4.3491,3.888
ulunas,p243_341_mic1-4f1fbb153d76-8769a68f8fc5.wav,29.2257,7.2246,3.33
ulunas,p243_342_mic2-d1b25b77e41b-e9b28e49b8bc.wav,29.7789,5.8295,3.499
ulunas,p243_344_mic2-708c4fe61c31-f809f883006a.wav,34.5722,4.9262,4.354
ulunas,p243_348_mic2-59ac7849c722-5cc1564a981c.wav,26.9274,6.0916,3.515
ulunas,p243_356_mic2-29101d10104e-dc93b312036f.wav,36.7354,4.4947,4.028
ulunas,p243_372_mic2-2201577490b2-b6c6d72f1041.wav,27.4759,6.7462,3.252
ulunas,p243_380_mic2-1ed27999d72e-8d4ae64fd437.wav,31.6831,7.1168,4.107
ulunas,p243_387_mic2-2ad1ec9ce460-ed22945a75d9.wav,34.1468,5.5222,3.655
ulunas,p243_388_mic1-852138526c97-35be23bd4844.wav,31.3088,5.2793,4.655
ulunas,p243_389_mic2-6cb7bc124b2b-ffbc91cd8d48.wav,33.8846,6.1822,4.054
ulunas,p243_390_mic1-babb4da8c361-ce6960d5595c.wav,29.1352,4.6309,4.146
ulunas,p244_011_mic2-f464d282b827-6324c88c7f98.wav,31.5264,5.8697,6.377
ulunas,p244_029_mic2-852a7bacc44c-3bc2ba246e7c.wav,30.4549,6.8511,3.178
ulunas,p244_071_mic1-21230dd3e35b-8cc229646019.wav,25.7917,4.8212,4.372
ulunas,p244_071_mic2-69f37ea696d3-7a2c965df353.wav,20.9512,6.14,4.372
ulunas,p244_091_mic2-eafa4bd6d6e3-3e311f52a92e.wav,25.8762,6.5867,3.771
ulunas,p244_105_mic2-78a3afdc4e89-2a90722b99e7.wav,25.6324,6.8475,3.107
ulunas,p244_123_mic2-a7500d1e5b4b-639002e54c52.wav,18.3083,6.6763,4.448
ulunas,p244_163_mic2-7be4e5d438d5-8257b5078b1d.wav,31.5069,5.6148,3.127
ulunas,p244_167_mic2-b4a62818cdba-815b703d2c12.wav,27.5716,7.6043,3.532
ulunas,p244_232_mic2-6ae25aba8360-e4ef18b012ac.wav,24.1245,4.9134,3.023
ulunas,p244_313_mic2-219d01864199-df191e8849f3.wav,26.3037,6.3922,3.401
ulunas,p244_379_mic2-05e6e6ac6be1-7bb3c024d6e6.wav,30.0029,6.0025,3.84
ulunas,p244_396_mic2-1aae40216dd2-bcf40fd70358.wav,24.0271,5.3109,3.191
ulunas,p244_410_mic2-7bb75959a914-2259a93190e3.wav,33.4221,5.2477,4.208
ulunas,p246_006_mic2-6e85f57d0ee9-5d350c380278.wav,33.1166,6.2315,6.747
ulunas,p246_024_mic1-ac4b200e6899-c32aff364cf5.wav,32.0336,3.9532,7.546
ulunas,p246_033_mic1-ab632ef79676-8ea76a30beb2.wav,26.8152,5.2615,4.415
ulunas,p246_083_mic1-4becc6c982cf-9ae19c83e154.wav,24.9521,5.8848,3.824
ulunas,p246_126_mic1-fcd492603ef1-31ba85b32028.wav,19.6626,5.0863,3.536
ulunas,p246_224_mic1-768ca80acfab-227b650a0383.wav,25.066,5.4998,3.636
ulunas,p246_239_mic1-13d1f7d0647d-65f5c4dba2f7.wav,22.7803,4.9034,4.819
ulunas,p246_258_mic1-70e38bedc924-af941749cbdd.wav,26.1524,5.2392,4.365
ulunas,p246_274_mic2-eb54a3506c9d-a616e137ca7d.wav,24.202,9.6461,5.133
ulunas,p246_276_mic2-e1410226610c-4161b9333092.wav,29.8364,6.8836,4.412
ulunas,p247_024_mic2-cb93e704e871-2260a3478c21.wav,26.8467,5.0542,7.029
ulunas,p247_069_mic1-6feb04caa664-a0b88e36dd5d.wav,28.6973,6.4377,3.18
ulunas,p247_078_mic2-cdf16b0e0379-0e52f37939ee.wav,28.8308,6.7385,3.381
ulunas,p247_092_mic1-8859324a0062-26d4f6b91804.wav,24.0575,3.8106,3.422
ulunas,p247_113_mic1-75a94796af7a-de2d500b426f.wav,23.108,6.0859,4.439
ulunas,p247_116_mic2-00b9f914c069-6970c2d8a4e5.wav,24.7557,7.3915,3.078
ulunas,p247_127_mic2-d664b99f061c-ef63248a95d3.wav,25.4523,6.4471,3.159
ulunas,p247_130_mic2-61f72bc2b52e-b2e3d2fb4f7b.wav,24.5357,8.5874,3.328
ulunas,p247_157_mic1-585a436c7124-e84c0b5f5455.wav,24.3763,5.9603,3.068
ulunas,p247_176_mic2-d7210581e27d-781f8a05713e.wav,30.1662,4.5332,4.941
ulunas,p247_185_mic1-a252c97e8230-0d97d87e6b90.wav,22.5244,6.4649,3.078
ulunas,p247_199_mic2-c85e9da4834f-9632fbc4eeaa.wav,24.0088,4.4468,3.526
ulunas,p247_206_mic1-6668a0eb51e8-12a1607c5e87.wav,26.6701,4.0923,3.004
ulunas,p247_210_mic2-076c9b303f07-28a916cb303d.wav,27.324,5.2208,3.527
ulunas,p247_236_mic2-d191304aa687-833ed044ad4d.wav,26.3692,5.168,3.594
ulunas,p247_239_mic2-e0237f6d6789-fab70cb8f5fa.wav,31.5118,5.0123,3.762
ulunas,p247_289_mic2-573ec0599529-270a5e471777.wav,23.8556,5.8503,4.77
ulunas,p247_357_mic2-e8a458a91e71-5c34f4acbcbc.wav,16.702,5.3792,3.114
ulunas,p247_404_mic2-646a69f12906-648939b48659.wav,22.9511,4.563,3.203
ulunas,p247_408_mic2-52955c799386-bc30bfd0ae05.wav,28.8881,5.7794,3.563
ulunas,p247_479_mic2-02ca8fb369b5-64e0d8ed8c9a.wav,27.3275,6.3338,3.326
ulunas,p248_007_mic2-55e7bc0b82fc-61a23e6d380b.wav,35.603,4.0539,5.517
ulunas,p248_008_mic2-c6b3db8cf121-523a10c4f8cb.wav,33.0684,4.1566,9.491
ulunas,p248_013_mic2-ffb8aed19e9a-7cabb3617c4e.wav,30.7756,4.7259,5.443
ulunas,p248_029_mic1-afcd8426ac0b-25c873c0cb7e.wav,28.8316,4.4744,4.822
ulunas,p248_032_mic1-1a8101e654f4-530069153b9b.wav,29.9532,4.182,3.892
ulunas,p248_034_mic2-b62589242897-6375c3d8f9c1.wav,31.8632,4.6538,5.446
ulunas,p248_046_mic2-2a19485dc5a3-9075cd37517c.wav,31.2712,5.5842,3.764
ulunas,p248_066_mic2-52f583ed99f3-602c0124af48.wav,36.7923,6.112,3.547
ulunas,p248_106_mic1-6eb0022dbc6e-fcf809c21a71.wav,32.6779,4.222,6.204
ulunas,p248_108_mic1-14f01f09303f-09c1165bdbaf.wav,23.7892,4.0481,3.681
ulunas,p248_109_mic2-e3f7d7772283-2462919f9c0a.wav,13.9561,6.5346,3.675
ulunas,p248_118_mic1-a992692b402b-a7932c1551b3.wav,26.5436,4.6323,3.019
ulunas,p248_133_mic2-b10b3fec4d89-6ba3489a04c3.wav,15.5743,4.3311,3.033
ulunas,p248_149_mic2-13507aa7afc5-1c4a456a87fc.wav,29.3685,6.0125,3.437
ulunas,p248_153_mic2-664a80868d8f-bdbd2bdcffbd.wav,31.3874,5.7033,5.699
ulunas,p248_154_mic1-7a77a481cd71-1c2b3005a93b.wav,28.8862,3.4474,3.764
ulunas,p248_159_mic1-416e5d2d897f-fadd710ef01a.wav,31.4528,3.755,4.74
ulunas,p248_163_mic2-37cee5447278-f6312393832e.wav,30.3202,5.7448,3.944
ulunas,p248_165_mic1-42bd592ed3a6-6b3e820f7c74.wav,29.8028,5.2473,3.464
ulunas,p248_191_mic1-abcfff94cd98-a99411dfbd5d.wav,30.2743,3.5645,3.659
ulunas,p248_193_mic1-646a8e62e8ab-d15780425e4c.wav,29.6529,4.5827,3.629
ulunas,p248_226_mic2-0a8375bd5771-cbc668c60f0a.wav,30.687,4.3322,4.608
ulunas,p248_242_mic1-5cb39f643a55-7c476ba0df38.wav,21.4022,4.5778,3.758
ulunas,p248_268_mic1-efd30c47c57d-3c67c107351c.wav,26.0335,4.6103,3.204
ulunas,p248_284_mic1-a0286bd02a2f-e59fa600c235.wav,29.0303,5.2235,3.589
ulunas,p248_289_mic2-ee24f8f58894-162960736964.wav,28.7584,6.744,5.446
ulunas,p248_308_mic2-4fcf35e6b2a5-ee5e97d781b1.wav,30.7415,4.8476,3.021
ulunas,p248_310_mic2-eb1378db9276-39c3c1dd6cc5.wav,33.6406,4.8757,5.25
ulunas,p248_314_mic1-b9fbaa00dff3-bea9f54bf46f.wav,30.9353,4.7574,3.372
ulunas,p248_319_mic2-9a001163e0bd-d5eb7ccaeee3.wav,31.4948,5.5346,3.468
ulunas,p248_325_mic1-80f8f407b824-d16cab9082bd.wav,23.274,6.0709,3.338
ulunas,p248_336_mic1-cfb47a783997-1741fb799e16.wav,27.9801,3.8989,5.738
ulunas,p248_347_mic2-bba2d8c7cddb-d20403dd5fe4.wav,21.299,6.4046,3.458
ulunas,p248_353_mic1-c0e7dca1ab7d-d60d664aa71d.wav,24.7565,6.609,4.758
ulunas,p248_362_mic2-5cb727d532c7-83cf2e1c62a3.wav,33.3695,5.4765,3.202
ulunas,p249_018_mic2-c6f4066e375e-5ba9565c74e2.wav,20.9126,5.3226,5.121
ulunas,p249_035_mic2-83e638959925-5afb4fbf3a6f.wav,19.1298,5.3609,4.304
ulunas,p249_205_mic2-52160b761109-5cce4f04d659.wav,29.1925,6.6668,4.602
ulunas,p249_256_mic2-4e892800ed36-7c2e53bca0aa.wav,22.1939,6.0979,4.022
ulunas,p249_278_mic2-e64c67785b3e-a6c570263b47.wav,23.0976,7.2923,4.944
ulunas,p249_287_mic2-f2ce754dc345-a6de49ecec23.wav,27.4911,5.5918,4.423
ulunas,p249_338_mic2-4081725953ea-10682cf62ee2.wav,22.3997,7.5073,4.894
ulunas,p249_341_mic2-64c145892de7-c55259a84124.wav,20.8446,6.1593,3.553
ulunas,p250_019_mic2-f95c1a8b42ed-2b66e82c5043.wav,26.0237,4.9694,6.781
ulunas,p250_052_mic2-e2e39db695b9-36bb1c47c85d.wav,17.0909,8.2366,3.287
ulunas,p250_245_mic2-f40c49e78ef1-ac2e247ba410.wav,36.5999,4.8822,3.25
ulunas,p250_260_mic2-4ac388086047-8fa01a7c32d8.wav,29.1597,6.2444,3.563
ulunas,p250_292_mic1-fb27c3574ff5-3924c5dcc445.wav,16.2408,6.2753,3.087
ulunas,p250_305_mic2-affc7368f644-d308de38e5eb.wav,26.3054,7.1713,3.188
ulunas,p250_312_mic2-04bb2f5fc576-8eea76f291b7.wav,29.7357,5.6728,3.673
ulunas,p250_334_mic2-db04a307a813-534005de3908.wav,29.3091,6.344,3.204
ulunas,p250_443_mic1-aa70a09729d6-6ce758ae1acf.wav,27.5182,6.6596,3.286
ulunas,p251_006_mic2-9ebe79d0ddde-b0606c0e278e.wav,30.2563,6.0002,5.577
ulunas,p252_002_mic2-bf278953a6c9-03e7487569ee.wav,26.8486,3.7801,4.313
ulunas,p252_004_mic2-806c604a83cf-1b5414f93f1c.wav,24.615,4.0586,5.59
ulunas,p252_028_mic2-6c1016faf7e6-e4d71a84d3d7.wav,31.3766,4.9717,3.459
ulunas,p252_029_mic2-2c2b9fdb976c-89b767d95bde.wav,33.7414,4.9597,3.386
ulunas,p252_083_mic2-a30acb3b9eba-75e43f14033c.wav,25.8458,6.0083,3.204
ulunas,p252_101_mic2-94541922203d-7274632a5bd3.wav,27.3285,5.1776,5.447
ulunas,p252_125_mic2-e28df9dad3d1-e4f5acd96db5.wav,26.6922,4.8954,3.702
ulunas,p252_176_mic2-e2611f2298b8-cfbbf9521bb2.wav,20.9885,4.5764,4.726
ulunas,p252_218_mic2-d2bebb412901-a80e86449469.wav,24.7219,5.1603,3.522
ulunas,p252_224_mic2-2b4866d825e4-a3729731db48.wav,26.3487,5.1784,3.89
ulunas,p252_233_mic2-d8a3ad4c830f-56c81339b705.wav,29.0629,5.3953,3.823
ulunas,p252_281_mic2-8851d0e07ad3-4e9cc920cc03.wav,27.2873,5.7509,3.217
ulunas,p252_297_mic2-98220718ed63-95b6b5bf0be5.wav,35.5946,4.2848,3.99
ulunas,p252_343_mic2-1fd9a2166037-bb37dd93d646.wav,29.2164,5.5552,3.684
ulunas,p252_381_mic2-10795ad8873a-6678f7299782.wav,31.6201,5.8656,3.562
ulunas,p252_384_mic2-dcc80ecd040c-caaea163956c.wav,34.625,5.4096,3.496
ulunas,p253_002_mic2-406e3d4815fb-686703c90fa9.wav,25.3396,5.3834,3.926
ulunas,p253_020_mic2-f2a35070051d-000fbc7a88ec.wav,24.5057,5.3449,4.114
ulunas,p253_024_mic1-64d303d445de-9e03ffd95482.wav,24.5108,5.144,6.829
ulunas,p253_085_mic2-11ec45192c6b-12e72f0039b1.wav,34.8557,6.2846,3.195
ulunas,p253_101_mic1-2637a392731f-41cdb8a92d10.wav,23.1716,5.6845,3.416
ulunas,p253_180_mic2-a486fd44ebb5-aa2bdd701ac5.wav,30.5238,5.1626,4.077
ulunas,p253_197_mic2-9c681c304a2f-95ff793d1fb4.wav,24.8469,5.9706,4.675
ulunas,p253_225_mic2-2590a19c47fa-2fc71a00f889.wav,31.5155,6.7792,3.89
ulunas,p253_265_mic2-52db3cc103dd-9c8692052016.wav,30.7684,6.4806,3.276
ulunas,p253_276_mic2-9a6f67efdd05-5e1b22d1c29d.wav,27.1408,5.5058,3.845
ulunas,p253_316_mic2-8cb9e9e8ff38-1a1079f7cdf9.wav,29.0557,6.1911,3.667
ulunas,p253_328_mic2-3bc8cbd92a9d-10f4905f7ff9.wav,29.1027,5.7579,3.229
ulunas,p253_337_mic2-8d0dfb8acf31-467e5a0ffa72.wav,25.0449,4.8784,5.469
ulunas,p254_007_mic2-fdd748570063-ac6fa29e710c.wav,31.8611,5.2671,4.578
ulunas,p254_009_mic2-2d1eb5d8385b-12779c349133.wav,27.6138,5.5312,4.649
ulunas,p254_151_mic2-6cb32da0ee32-c3e354661770.wav,23.6173,4.4538,4.538
ulunas,p255_007_mic2-758c6e76ba1a-b7180bb730b5.wav,27.0608,7.5881,4.272
ulunas,p255_012_mic2-69168c1b32c2-f8ebd5d3e174.wav,22.3173,5.7272,4.739
ulunas,p255_021_mic2-5ef10c85dccb-b5ad0048d22e.wav,27.6178,4.5678,9.155
ulunas,p255_024_mic2-eb9d9038c5d2-74a69f51823f.wav,30.6397,5.7027,6.964
ulunas,p255_083_mic2-4f629f5cb75e-a936e0456fb8.wav,25.9845,5.9583,4.269
ulunas,p255_120_mic2-5c2aa843bc86-5e7c158737e5.wav,20.4306,6.8715,4.679
ulunas,p255_135_mic2-a5bd75b73827-9e29fa28aa0d.wav,21.2001,6.2937,3.032
ulunas,p255_151_mic2-aadf740246f0-ab9618f4755a.wav,21.0886,6.4356,5.185
ulunas,p255_157_mic2-2e8aef4c26e6-11606570bbe9.wav,27.1189,5.3442,3.738
ulunas,p255_163_mic2-91a09fe09332-e71ed3f948a7.wav,28.8787,5.2698,3.46
ulunas,p255_194_mic2-e91efe893e36-545ed8829676.wav,27.7198,6.0206,4.269
ulunas,p255_198_mic2-4887b3d2114f-15fcbbae8909.wav,20.4444,8.0745,3.691
ulunas,p255_206_mic2-c1b7782ce7aa-6de9e5da4aa3.wav,26.0264,6.6262,4.461
ulunas,p255_238_mic2-0349b09a0b63-886aa7413709.wav,24.6029,6.3223,3.39
ulunas,p255_249_mic1-a2dc60f039cd-6ed3cd273cf4.wav,25.1497,4.7867,3.758
ulunas,p255_261_mic2-5d56ce3fb5f4-af9918732e23.wav,24.0517,5.6614,4.526
ulunas,p255_269_mic2-674e88e569ec-4a274d8f33a0.wav,32.3186,5.9521,4.82
ulunas,p255_302_mic2-c2894a59aa3f-59263216cd13.wav,23.6306,5.4917,4.098
ulunas,p255_307_mic2-bc7baeb280f1-150b3c12a395.wav,21.5118,5.58,4.964
ulunas,p255_329_mic2-517118382cb2-92935247a5c8.wav,30.0581,5.7154,5.459
ulunas,p255_336_mic2-68fa29a25b39-e38f71d7ff73.wav,24.6364,5.6345,3.659
ulunas,p255_346_mic2-bd34e9c84b46-e06983dd967f.wav,27.803,6.0557,3.631
ulunas,p255_369_mic2-f10d324f0af3-d80330b11dc5.wav,27.1678,7.9676,3.394
ulunas,p255_370_mic2-5edc54f25d1c-2aeb05ed3932.wav,31.3374,6.3871,3.857
ulunas,p256_077_mic2-f1dd62386a1a-ff1f0457fd06.wav,32.4929,5.8014,3.675
ulunas,p256_127_mic2-3dd943c1cf49-b42bc5b2ff5f.wav,34.6683,5.2742,4.483
ulunas,p256_193_mic2-41d8d1e98e4d-c2ff612b8568.wav,25.4647,5.0971,3.063
ulunas,p256_201_mic2-ead0caa6f7f0-b3b17020631b.wav,33.4623,4.8935,4.602
ulunas,p256_215_mic2-1c374a457fab-1d61f6f79762.wav,30.588,4.5573,5.344
ulunas,p256_216_mic1-9da27261ebdc-ceb5d8f2d8c8.wav,35.1836,4.0399,5.027
ulunas,p256_259_mic1-f8dffa84f484-f381bdf08f7c.wav,30.9549,5.1783,4.889
ulunas,p256_274_mic2-67f14c810c0a-30d5430a6c8c.wav,28.7165,4.0592,4.53
ulunas,p256_283_mic2-8024e4469ccb-ba31c8db5989.wav,26.5075,5.3052,3.437
ulunas,p256_290_mic2-f78eae113208-905c77e29c30.wav,31.5842,4.695,4.063
ulunas,p257_004_mic2-92656244bb30-cef430ab9c61.wav,17.8588,6.6357,3.631
ulunas,p257_127_mic2-f1483fd909f3-cc28134c0849.wav,29.6733,6.5411,3.421
ulunas,p257_206_mic2-785b6dfa870d-3cc8789d520a.wav,23.0406,5.756,3.116
ulunas,p257_237_mic2-2e9412446ce7-3ceaf7b3ac0b.wav,24.3397,6.4302,3.546
ulunas,p257_366_mic2-5a891dc4a279-6fb1843bb8f7.wav,24.7526,6.5736,3.585
ulunas,p257_389_mic2-75360da1a35e-0e2294ce4ce7.wav,25.5304,6.9977,3.67
ulunas,p258_090_mic2-a837c9b84e46-9c64f854fb01.wav,31.803,6.4376,3.535
ulunas,p258_124_mic1-753e6bb12efa-54b2af41c8c3.wav,23.5318,6.3212,3.032
ulunas,p258_183_mic1-42616d5e735a-7bd924116a01.wav,26.0569,5.5988,3.848
ulunas,p258_183_mic2-ef778536f11c-d24f7177cf0d.wav,25.1336,4.8763,3.848
ulunas,p258_216_mic1-93a926cd251c-14abfe7b2361.wav,24.0806,7.0516,3.183
ulunas,p258_222_mic1-dec5703f1f8b-d38a220fc793.wav,25.0299,5.0103,3.806
ulunas,p258_227_mic2-dfe760137efb-5fb440f52e56.wav,30.6483,5.9139,3.935
ulunas,p258_272_mic2-cb087d195c6d-d730f1121b37.wav,24.3541,6.5746,3.92
ulunas,p258_289_mic1-6ac89db1abc6-29ba1815bb4a.wav,26.4876,5.2388,3.021
ulunas,p258_305_mic1-c1f8a666c08c-84a3c09f0759.wav,25.6097,6.8102,3.781
ulunas,p258_316_mic1-04841d0b077b-cff65a9e0e3b.wav,30.2638,6.5562,3.292
ulunas,p258_329_mic1-1b6aef89ecda-63d1a0f96108.wav,26.4299,6.3454,3.867
ulunas,p258_378_mic1-8a04326b9019-d180fa0135a1.wav,26.2953,6.9809,3.571
ulunas,p258_392_mic1-a8dd3a0063d4-9d4186bc6e20.wav,24.9125,4.5831,3.012
ulunas,p259_019_mic1-bbf2398283aa-a2ac01cc1d23.wav,22.103,4.1686,7.425
ulunas,p259_039_mic1-226f7790572c-e308f012f1fb.wav,29.7185,5.0778,3.546
ulunas,p259_056_mic2-8ea14a0dbaec-0b5f67e545a5.wav,31.4752,5.0125,3.297
ulunas,p259_059_mic1-de954a3e7ffc-78629aa245f7.wav,25.2846,6.4306,3.085
ulunas,p259_078_mic1-988dd6ea7b02-3029706c1871.wav,28.305,5.9223,3.027
ulunas,p259_091_mic1-38b18be43b58-320b7219b218.wav,27.2874,5.2866,3.197
ulunas,p259_104_mic1-73ae6fb16a05-17be795f68db.wav,29.3521,6.614,3.428
ulunas,p259_106_mic2-c85844cfefad-bb4ae2ba5a35.wav,26.7908,5.4097,3.526
ulunas,p259_110_mic1-c7cbf15aaf29-fd1a5c2ce581.wav,30.2344,5.9218,3.467
ulunas,p259_118_mic1-5b5680d368bc-d077a90bbd3e.wav,28.8514,5.2371,4.436
ulunas,p259_130_mic2-df486ce6265d-556aad41e044.wav,27.826,5.5247,4.47
ulunas,p259_132_mic2-8bd456a619de-24ade7bbf6bc.wav,30.8604,4.6573,3.335
ulunas,p259_136_mic1-baaf081915f8-cdca9cb93939.wav,24.608,5.0238,3.661
ulunas,p259_153_mic2-a541c066c806-98f6bd529e8b.wav,23.981,4.5911,3.432
ulunas,p259_215_mic1-7dedd171b10c-522ab78f6a22.wav,26.1796,5.7992,3.363
ulunas,p259_252_mic2-91775593bdfc-0ebaa34edb73.wav,26.8125,5.7805,3.23
ulunas,p259_262_mic1-2649462a9062-7dc5da6ba235.wav,28.0223,6.9724,3.836
ulunas,p259_390_mic2-c32b5ec81acf-3a3406f53b22.wav,25.8432,4.9061,4.345
ulunas,p259_399_mic2-7f252123ba61-0f59af14c7ed.wav,23.8364,6.4693,3.075
ulunas,p259_409_mic1-89daa7cccb00-c27f892da776.wav,28.373,5.7993,3.277
ulunas,p259_409_mic2-c847ce0b1117-0770ff1a43b7.wav,23.1107,4.8,3.277
ulunas,p259_440_mic2-8fcec93e2530-3bb24c20a9ae.wav,30.2373,4.5761,4.757
ulunas,p259_481_mic2-82a9a68d6ecb-1b2eb6a5e9d8.wav,22.3738,4.5808,3.363
ulunas,p260_008_mic1-60cc9678d603-808583beeb96.wav,30.3974,3.9678,5.955
ulunas,p260_013_mic1-87bd4741d27c-daaa31152e9b.wav,30.9086,4.344,4.099
ulunas,p260_014_mic1-edbf40780a59-78963590e796.wav,30.3814,3.9165,4.923
ulunas,p260_018_mic1-7f938a0c1810-160fce3dd8d7.wav,31.0209,3.9758,5.524
ulunas,p260_020_mic1-2d781070008e-29a23a87e225.wav,36.0021,3.2701,4.192
ulunas,p260_034_mic1-2a4393e51def-51db531b3482.wav,33.1338,4.0761,4.378
ulunas,p260_040_mic1-961ca8b4d9b1-20f0e07e786c.wav,29.3235,4.9094,3.885
ulunas,p260_044_mic1-c6a2369a8fc6-9390aec1e322.wav,26.0382,3.901,3.856
ulunas,p260_059_mic2-a5119c69d5d2-40d7d78787f0.wav,26.7772,5.4769,3.364
ulunas,p260_060_mic2-e5be4a341b63-24f63ceefe64.wav,27.1133,4.5067,3.944
ulunas,p260_086_mic1-416d0fe55746-28a7a813bde1.wav,29.6811,4.702,4.056
ulunas,p260_120_mic2-eacbf09158bf-7f4721b719c5.wav,31.0432,7.4736,3.737
ulunas,p260_146_mic2-98d2e16b4da3-171bc0afb4b3.wav,34.6812,5.1806,3.721
ulunas,p260_179_mic1-10716cff245a-74fc473039cd.wav,28.1609,5.3931,3.17
ulunas,p260_214_mic1-4f1596439ad6-5f8d630ee9ce.wav,25.6291,4.4349,3.602
ulunas,p260_215_mic2-f4946f70784a-b5beec306f54.wav,32.6698,8.071,3.908
ulunas,p260_216_mic1-433323f9f57a-cf41ce014c35.wav,28.3994,4.4304,3.855
ulunas,p260_236_mic1-ece76588d7db-e9e949eb80ad.wav,28.296,5.1348,3.329
ulunas,p260_276_mic1-dc4ff6b4c3dd-18cba979bd04.wav,24.2495,4.943,3.186
ulunas,p260_278_mic2-7413f9d67bb5-3c05734db78c.wav,32.1099,5.4293,3.445
ulunas,p260_322_mic2-bb3da81575ae-ce963a1b45dd.wav,31.6542,6.9306,3.068
ulunas,p260_335_mic1-2b8f5196330d-cc7dcb9fc3ad.wav,24.9345,4.3226,5.097
ulunas,p260_342_mic2-ef578b308c80-c48078a8987c.wav,34.7301,6.1902,3.164
ulunas,p261_004_mic2-f4d988361696-12e5797480e1.wav,27.1525,6.0084,4.441
ulunas,p261_023_mic2-2347633fcbc7-e974f877512e.wav,28.1786,5.2129,9.818
ulunas,p261_024_mic1-24707669a440-f54e02ccf4d2.wav,23.6181,3.9945,6.061
ulunas,p261_070_mic2-626f8a7abe1b-9a0d39bef820.wav,33.2038,5.585,3.712
ulunas,p261_178_mic1-1e7d5059a6a3-b2d82cef9254.wav,27.3693,5.8231,4.137
ulunas,p261_233_mic2-4f2622ebaf63-0a565704e7ed.wav,29.8917,6.5203,3.117
ulunas,p261_262_mic2-ffcddfe0f726-3b825ddbee84.wav,20.9115,6.0495,3.247
ulunas,p261_279_mic2-c93020398b73-5e834acc77af.wav,24.9385,6.9611,3.501
ulunas,p261_284_mic1-ed0f7e0e3f28-af0b124f0961.wav,27.1565,5.3456,3.887
ulunas,p261_290_mic2-73013ee31ac4-c3bab5161511.wav,28.9703,6.319,3.63
ulunas,p261_333_mic2-65db654fd94d-c4830c365a38.wav,34.6116,6.1816,4.354
ulunas,p262_019_mic2-a838b87467cb-fd51489159e8.wav,20.3201,5.2166,8.147
ulunas,p262_023_mic2-64b58aaa1203-70caa22ee8fd.wav,25.9352,4.7954,11.192
ulunas,p262_030_mic2-75f0cec40a83-df2fe9f91796.wav,24.4306,4.2545,5.181
ulunas,p262_050_mic2-9cab19fa4fc0-ccba801bc07c.wav,18.5851,6.9403,3.034
ulunas,p262_091_mic2-4e51235bf572-fab98a013575.wav,24.6075,7.3873,3.515
ulunas,p262_162_mic2-39d03e9321db-94b587d706d7.wav,29.5554,5.7793,4.77
ulunas,p262_164_mic2-a8b7b2d1f671-3480329000dc.wav,24.3697,6.6835,3.374
ulunas,p262_167_mic2-de04a527f51c-5755a62733b3.wav,23.8192,5.4558,4.278
ulunas,p262_183_mic2-d2ac5b80c868-34965eda2271.wav,19.7358,8.9528,3.428
ulunas,p262_301_mic2-138d1e1b777c-21436ca1715b.wav,24.0284,5.9531,4.544
ulunas,p262_305_mic2-779092d74f23-c1593875e6c9.wav,28.2478,5.7384,3.589
ulunas,p262_344_mic2-1312ec37abb2-bfc6683080a0.wav,23.3175,5.5927,3.514
ulunas,p262_358_mic2-20d8a8856c0c-41c8c7cae8bc.wav,30.1146,5.2164,3.246
ulunas,p262_363_mic2-1b2e20afc93a-87b13582340a.wav,17.8321,6.9547,3.928
ulunas,p262_380_mic2-6cfb25566a4c-98fc9998112c.wav,19.8775,6.2981,3.118
ulunas,p262_391_mic2-9a7c43bfff99-6305d40822f7.wav,28.315,4.703,4.487
ulunas,p263_007_mic2-5c2728f0c603-9d29e2051c93.wav,34.9904,6.5746,4.438
ulunas,p263_049_mic2-2459ab2a7b64-35eb95133336.wav,28.2925,6.0611,3.544
ulunas,p263_054_mic2-522a0f771283-c1869c96a1bf.wav,36.9891,5.1889,4.009
ulunas,p263_107_mic2-327838680024-f74489381182.wav,35.9643,6.4697,3.115
ulunas,p263_119_mic2-21ee197953f3-a2a298f3c022.wav,29.7071,6.9092,4.057
ulunas,p263_168_mic1-83d3853d1eb6-41c7eed4f3c1.wav,28.2964,5.7602,3.798
ulunas,p263_168_mic2-208775fff6b0-3952d3cd9289.wav,36.0302,6.1153,3.798
ulunas,p263_217_mic1-59bd88337860-79274f2aff8a.wav,25.4066,5.7529,3.544
ulunas,p263_219_mic2-fe35347cadff-1834d07bf633.wav,35.6445,6.368,3.46
ulunas,p263_241_mic2-0dc105f756b3-32f6e6db6819.wav,34.3863,5.5925,4.268
ulunas,p263_262_mic2-af72e6612421-2650a1080a6f.wav,32.9141,5.7584,4.573
ulunas,p263_313_mic2-6928e2b8d5e7-de7cffbe26b1.wav,29.6398,6.5079,3.03
ulunas,p263_316_mic2-f12fba428b1d-e2f4805e458b.wav,26.0829,6.7532,3.713
ulunas,p263_375_mic2-ebee9fdc92a5-06cbc63306b6.wav,31.7966,6.326,3.371
ulunas,p263_381_mic1-da5a1d5b49cf-3b70d254ee09.wav,26.8335,4.9215,4.994
ulunas,p263_381_mic2-f3e5dbab7e33-9f472741b809.wav,34.1546,5.4655,4.994
ulunas,p263_405_mic2-679644a85639-db50aa309b30.wav,35.4587,5.7016,4.132
ulunas,p264_059_mic2-97a10a7e3cf0-2fd0df046866.wav,32.1418,5.1302,3.121
ulunas,p264_130_mic2-b918b95489e6-b5b752b08a73.wav,26.243,8.2881,3.673
ulunas,p264_143_mic2-8243008e8984-d4bab008bfd2.wav,25.6137,7.4533,3.588
ulunas,p264_146_mic2-655c1684047d-bb5f687c7cd3.wav,22.192,5.4738,3.158
ulunas,p264_174_mic2-b279384eaa46-7e65b1c01db7.wav,27.9825,9.8458,3.288
ulunas,p264_247_mic2-75ffd66acfcb-36ce3a4ffd3c.wav,21.5006,6.2848,5.467
ulunas,p264_252_mic2-44cd7ead917c-d665ced7b170.wav,25.5197,6.5673,3.117
ulunas,p264_256_mic2-f8feb259b543-fe976feef680.wav,21.1924,6.7837,3.162
ulunas,p264_405_mic2-0728ad206a53-41378f8b1b1b.wav,23.7199,4.3211,5.841
ulunas,p264_440_mic2-4c000c184fa2-544813928ed5.wav,18.4463,5.9289,3.502
ulunas,p264_441_mic2-5e862d275a5a-cfafae93ead9.wav,21.5747,6.9782,5.509
ulunas,p264_473_mic2-2e81c22544a7-03c8426eb97f.wav,22.3834,5.9292,3.674
ulunas,p264_478_mic2-3ad076606d5a-4aba06e60237.wav,23.8968,4.63,4.399
ulunas,p265_015_mic2-1b598c44fc4c-a2d26c1905b4.wav,27.5497,6.4009,8.274
ulunas,p265_036_mic2-32cb14b88b65-bfa7c8557c67.wav,23.2232,5.0238,5.253
ulunas,p265_072_mic2-5d255ba69a9e-a351dd75c2ac.wav,21.9119,6.1277,4.1
ulunas,p265_075_mic2-382e14566b44-018fcfdcaa20.wav,24.6774,7.3038,3.668
ulunas,p265_173_mic2-eca9b8e639fd-e616fcdece66.wav,26.7352,5.8934,5.419
ulunas,p265_180_mic2-2fc8063a5c77-23a0f10331f2.wav,24.6819,6.0848,5.158
ulunas,p265_236_mic2-e118ea1ca6b8-0db2ffa04935.wav,29.9215,5.1898,4.152
ulunas,p265_264_mic2-294062d4a63b-cd6a114b1f46.wav,27.4708,4.858,5.992
ulunas,p265_273_mic2-64a0d2b3c163-9d73f66e5de1.wav,20.932,6.1505,4.86
ulunas,p265_280_mic2-0114615e2bd4-8f0cfd886ce9.wav,25.2036,5.6213,5.426
ulunas,p265_314_mic2-f3012c196449-8162031d0ad2.wav,21.7729,5.3271,5.437
ulunas,p265_345_mic2-a8631eda3284-5aeb6487b928.wav,23.6078,5.542,4.853
ulunas,p266_057_mic2-66bb7294bc3c-85c6ed383298.wav,21.7556,8.1867,4.2
ulunas,p266_269_mic2-e4b73efbb007-346ffc0867c2.wav,23.6201,7.7012,4.524
ulunas,p267_083_mic2-84e8a30d24c3-91edfd3be058.wav,25.9423,6.9135,3.094
ulunas,p267_358_mic2-808e5b33e72d-4e2951229959.wav,21.6397,7.7856,3.927
ulunas,p268_010_mic2-ead0e09f4b36-28fbd3476d34.wav,26.2144,5.5379,3.876
ulunas,p268_016_mic2-ce95ab0fd3a0-c557066651f0.wav,32.607,4.8488,7.543
ulunas,p268_026_mic2-5cb38eb9ba30-65cbbc168e3d.wav,29.6612,7.0682,3.354
ulunas,p268_060_mic1-995ae315d3df-c15d3cc60751.wav,25.6069,7.6646,3.78
ulunas,p268_066_mic2-d8a0ca2584de-1a99902ff3e2.wav,29.8041,5.7527,3.723
ulunas,p268_079_mic1-41649c8931b8-d2b4de63a327.wav,27.6803,4.6891,3.997
ulunas,p268_088_mic1-f0eb2fc11fe5-cb12226c43ba.wav,25.5945,5.3798,4.23
ulunas,p268_111_mic1-c86d4ec872b3-787d506b7102.wav,26.835,6.8707,3.012
ulunas,p268_116_mic1-6ffa983baa32-d3c4b7cf2a81.wav,26.8794,4.8573,3.931
ulunas,p268_129_mic2-6aa289556ff9-ce0d17ae8732.wav,34.3009,6.0953,3.087
ulunas,p268_142_mic2-5f3b7882c632-aa642edac9e5.wav,27.0405,5.1762,5.142
ulunas,p268_166_mic2-0085caa2efc9-01141383e132.wav,28.4117,6.2397,3.079
ulunas,p268_195_mic1-a213ac683b2b-191b947b6553.wav,27.7334,4.8471,3.473
ulunas,p268_212_mic2-f52e1e42baf8-742c8c9a1d3f.wav,24.2737,8.2588,3.905
ulunas,p268_215_mic1-2d227dbbf633-5b68c859719d.wav,28.9805,4.2446,3.173
ulunas,p268_217_mic1-70f6951bee40-9aac4b77e477.wav,24.7649,5.0033,4.485
ulunas,p268_230_mic2-6dbf1cdfeb46-e19e0db20c0e.wav,24.3777,5.5885,4.151
ulunas,p268_245_mic2-d00bfbd3b206-91384590c2fe.wav,28.1355,5.5335,3.003
ulunas,p268_263_mic1-b0e85c47636d-ac28a6a975bf.wav,25.7461,4.2428,3.826
ulunas,p268_263_mic2-6111fe44c94f-e464133b6dc7.wav,29.8326,5.1163,3.826
ulunas,p268_277_mic2-a0b39babc5d7-c9053fab42a7.wav,29.7953,6.2738,3.527
ulunas,p268_294_mic1-17e571697560-56506aee3362.wav,29.7625,4.3898,5.965
ulunas,p268_305_mic2-ae9711bd7d27-d5d01ec4f2d3.wav,28.9402,5.1438,5.761
ulunas,p268_308_mic1-ef2924c7388e-e74c2264b69b.wav,33.2136,4.7223,3.139
ulunas,p268_322_mic2-4e0caf971744-446d84006424.wav,28.5012,5.1775,4.123
ulunas,p268_323_mic1-6c224a6334fa-c9198da7e71d.wav,29.1605,5.124,4.19
ulunas,p268_328_mic2-7cf566cf915f-4b2058949b74.wav,28.1565,5.8384,5.273
ulunas,p268_360_mic1-d5e2e98e503e-a89f29fd3d5e.wav,29.4033,4.2127,3.174
ulunas,p268_364_mic1-df8ed22ee8a2-0af9c9d2162b.wav,26.9864,4.9372,4.039
ulunas,p268_370_mic1-c4858a0d19f5-086ad19e67aa.wav,27.7273,4.676,3.052
ulunas,p268_374_mic2-5c0338f86471-c75bd446d62f.wav,28.7696,6.9726,3.177
ulunas,p268_383_mic1-67e4393fda00-3e8277f462a6.wav,26.4774,6.7472,3.161
ulunas,p268_402_mic2-ec43a0a8121a-3b2fa64b1203.wav,29.7072,5.8704,4.279
ulunas,p268_406_mic1-46fa73b4aada-719659c096f8.wav,29.2146,5.2352,3.333
ulunas,p268_407_mic1-f01d584c3e13-b10b0478d655.wav,31.9309,5.1706,3.977
ulunas,p268_409_mic2-916cc9d1b71f-49fcf2ddd079.wav,27.1031,5.436,3.931
ulunas,p269_005_mic2-66c8dd7e5e23-02f5c9e5d73b.wav,25.2481,6.7188,5.6
ulunas,p269_009_mic2-76540ef20d41-18c7f4dbc364.wav,32.1323,6.0375,4.704
ulunas,p269_018_mic2-f4fa86b6d3cd-2882da26877c.wav,23.4236,5.1265,5.268
ulunas,p269_028_mic2-460886347ad3-6f7eaf1482b5.wav,25.1887,6.194,3.14
ulunas,p269_034_mic2-7b68796f8f15-be8942dbfd14.wav,19.2568,6.399,4.402
ulunas,p269_096_mic2-20ddb4109554-5132e890f666.wav,31.4058,5.4157,3.296
ulunas,p269_114_mic2-99aec057cadb-55fe740212aa.wav,23.0636,6.557,3.809
ulunas,p269_121_mic2-4078675f936d-fd2466f7aab4.wav,27.9794,6.5661,4.391
ulunas,p269_129_mic2-45603bca0053-dcf04b26f349.wav,25.6969,5.7259,3.329
ulunas,p269_135_mic2-ca6826babffe-577d67d22483.wav,27.0694,5.6138,4.174
ulunas,p269_136_mic2-b80d9da6bc25-1f6cf17ba7ef.wav,28.5107,5.9059,3.587
ulunas,p269_140_mic2-37746fa244cc-16745770f954.wav,24.8504,5.9347,4.369
ulunas,p269_169_mic2-eb69f3cfd02c-cebda15963c3.wav,26.1791,6.0635,4.081
ulunas,p269_207_mic2-48a0ca6d44c9-7069742de608.wav,30.8737,5.7894,3.423
ulunas,p269_218_mic2-21c2e4141c65-1153c1e3b261.wav,25.6765,5.0476,3.354
ulunas,p269_228_mic2-beee6e3d03c4-aa2a83fb5d74.wav,29.354,5.9742,4.489
ulunas,p269_254_mic2-d826872b4760-b48c270b1a50.wav,22.5642,6.8459,3.087
ulunas,p269_272_mic2-7bc04227c523-ef822137fe68.wav,27.345,7.6441,3.248
ulunas,p269_281_mic2-62b48a8abd2e-b773e8fd934c.wav,23.8764,5.8601,3.739
ulunas,p269_283_mic2-d729d4e1f6e3-844f1342791d.wav,23.5752,6.0161,3.202
ulunas,p269_299_mic2-bd15a139fe9f-0a3c4acc307e.wav,25.4738,5.8621,3.075
ulunas,p269_301_mic2-0042a69d4efa-95f9e93bb552.wav,24.0784,5.7527,3.042
ulunas,p269_323_mic2-35adadcd423a-ae56e09eb045.wav,26.5845,5.9487,4.597
ulunas,p269_349_mic2-033d8945f63f-151fbcccc488.wav,32.505,5.5493,3.467
ulunas,p269_371_mic2-3d9577f4ed84-fcf402eb161a.wav,28.4236,5.3224,3.942
ulunas,p269_389_mic2-c43427e2b9b8-64f6e877e651.wav,25.6097,7.21,3.069
ulunas,p270_056_mic2-24a8c9b7c648-417f2dfc0fd7.wav,29.9385,7.7201,3.076
ulunas,p271_008_mic1-b8074dc77432-40f9a8d0ef52.wav,29.2919,5.0545,9.38
ulunas,p271_008_mic2-6f657aeb16d4-b254327fb29e.wav,30.6505,4.6915,9.38
ulunas,p271_015_mic1-40e029cb60bf-517901e6cecc.wav,26.7404,4.0354,7.428
ulunas,p271_070_mic1-b64f3a36ed58-7fa3717667a8.wav,27.9862,4.1947,3.332
ulunas,p271_103_mic1-1014ce1b7cff-05e176a450f8.wav,26.9455,5.3285,4.097
ulunas,p271_115_mic1-e8f56c1b4684-6bbd465e29a4.wav,27.9104,4.9708,3.374
ulunas,p271_124_mic2-c208e6fb0e0e-80e6409d7c17.wav,24.4682,7.2485,4.827
ulunas,p271_132_mic1-a1b86cc4a689-6139ec62ec13.wav,29.5976,5.7068,4.58
ulunas,p271_182_mic1-8abc6abf1487-9825e8e3faaf.wav,26.9062,5.0254,5.592
ulunas,p271_183_mic2-c1212c5ae6b9-7a5e5f8d600f.wav,26.8919,6.3049,4.248
ulunas,p271_196_mic1-7605f757627a-e4be18ab5c73.wav,26.3478,6.0661,4.57
ulunas,p271_219_mic2-bc20c4f3c342-4c1de92887c6.wav,26.9967,5.3532,5.582
ulunas,p271_232_mic1-47f4150ad63c-d9f0686b663d.wav,28.19,5.3609,5.038
ulunas,p271_255_mic1-9c6cf772b5b6-fe435e814a64.wav,20.8476,6.5083,3.94
ulunas,p271_308_mic1-7a7e71657668-24dbf96888ea.wav,26.0749,5.4297,5.586
ulunas,p271_310_mic2-787385b84dab-20b98ec2e2d0.wav,31.0334,6.0128,4.357
ulunas,p271_339_mic1-e8ba2e33f65d-854275f02f01.wav,24.269,6.9287,3.371
ulunas,p271_381_mic1-0e6aae408668-6171586da210.wav,26.2625,4.1032,3.845
ulunas,p271_422_mic1-2b4596850d96-cf0cf4e73be0.wav,27.8988,7.3329,3.406
ulunas,p272_006_mic2-90303eb4fbb5-8a5f6857ddbb.wav,27.9251,5.126,5.68
ulunas,p272_025_mic2-73b9ca76740e-2e79125c2618.wav,32.7574,5.5006,3.798
ulunas,p272_066_mic2-31a588c03fa5-fc62827a8901.wav,24.4747,6.9334,3.588
ulunas,p272_116_mic2-ef329173f1eb-d7cbd25fa4cc.wav,31.7035,5.8599,5.159
ulunas,p272_152_mic2-a13d9ea01576-a1acbe50c82f.wav,31.4769,6.5533,4.261
ulunas,p272_156_mic2-ca1190912479-db848bd057c0.wav,36.1302,5.168,4.76
ulunas,p272_165_mic2-1a1b81580224-fd7034c06a1f.wav,38.213,6.5851,3.699
ulunas,p272_199_mic2-42c1634d56eb-435835e3e5e5.wav,31.4056,6.6755,3.006
ulunas,p272_224_mic2-ec79f84a2378-0b16443bd994.wav,31.6518,5.0485,3.564
ulunas,p272_228_mic2-5deb7160d133-dae09a23515b.wav,39.5813,5.3242,4.139
ulunas,p272_231_mic2-d5bb680460ab-e2bfbaa8ffc0.wav,28.5052,5.8765,4.014
ulunas,p272_246_mic2-78469ed3f85f-41e4e58da9a5.wav,34.592,5.7814,4.142
ulunas,p272_269_mic2-7647436256e9-6d43b8eb7eb8.wav,33.2181,6.7087,3.756
ulunas,p272_362_mic2-fbf4380fa904-cd0627588068.wav,35.7014,6.0645,3.33
ulunas,p272_363_mic2-5bcea855bcd2-b788ff6be355.wav,27.1576,5.303,3.067
ulunas,p272_365_mic2-ef5f7b406b7a-307505d4f384.wav,37.0017,5.8397,4.059
ulunas,p272_387_mic2-71a288169af7-f96c03ec73d7.wav,27.6372,7.901,3.054
ulunas,p273_008_mic2-22fbb25d9907-4ebe36aed5dc.wav,21.5976,6.2268,8.391
ulunas,p273_016_mic2-aab580d8245f-b06356a338df.wav,27.6237,6.1883,7.125
ulunas,p273_023_mic2-d9956ced8793-46bf60066b54.wav,27.2964,6.4794,12.445
ulunas,p273_043_mic2-03914acb7383-6b361ec470b3.wav,24.705,7.8237,3.667
ulunas,p273_164_mic2-ccf90fd34dc1-937ef970c85d.wav,23.2831,7.4702,3.247
ulunas,p273_211_mic2-66034c0c3532-5d65d4267a50.wav,22.1173,8.7465,3.303
ulunas,p273_229_mic2-a94ab787ec45-2cf1979c00ac.wav,25.1924,7.8988,3.116
ulunas,p273_328_mic1-5949c3a95e23-e07150e44a41.wav,23.9077,6.5493,3.158
ulunas,p274_012_mic1-8456f561fcd4-a68775894544.wav,23.0515,4.6727,4.985
ulunas,p274_014_mic2-e6517469ea68-afd955fdd678.wav,27.053,6.6069,5.216
ulunas,p274_016_mic2-90aa8acc729c-f27e0e28292b.wav,30.1038,4.8276,6.956
ulunas,p274_024_mic2-e70eec27cfbf-ab8126479fa2.wav,29.346,5.9041,7.239
ulunas,p274_034_mic2-df18f3c291b7-b74ec7dbde7b.wav,25.7159,7.508,3.46
ulunas,p274_059_mic1-a1813df43f7c-c2ae8deabb32.wav,27.6556,5.1287,3.502
ulunas,p274_079_mic2-18b3989f233f-bb1df7362daf.wav,27.9375,4.9559,3.841
ulunas,p274_095_mic1-6d34d2b8666d-d03845897c2b.wav,21.0611,5.3647,4.601
ulunas,p274_105_mic2-fee9872103a2-075b65fb8052.wav,29.6289,6.0817,4.613
ulunas,p274_130_mic2-dc53204c5b65-8000cc8a4452.wav,28.0786,7.5473,3.648
ulunas,p274_132_mic1-e4d8870138cc-78641dc4b6f2.wav,33.9262,5.419,3.073
ulunas,p274_132_mic2-e88d7fb336d4-08f7b765ff09.wav,33.8908,7.3761,3.073
ulunas,p274_158_mic2-7e4312be9466-31b109cb061e.wav,30.8587,6.5573,3.542
ulunas,p274_162_mic1-3e5854b27f5e-b3f6736ef0ac.wav,32.212,5.1078,3.496
ulunas,p274_163_mic2-f0485d6cfe30-bd1330f1ae31.wav,30.7198,6.6664,3.885
ulunas,p274_167_mic1-5a045b7efbce-d4c156daead4.wav,29.753,5.2738,3.93
ulunas,p274_241_mic2-0c2b3b2b3481-de9e5b404449.wav,30.0347,5.4975,3.844
ulunas,p274_248_mic2-83eb4afbcf68-c2dc9e0617b6.wav,29.5514,8.3602,4.841
ulunas,p274_266_mic1-3d61cd625348-5a071771ac52.wav,28.6998,5.8718,4.407
ulunas,p274_269_mic1-1adeac365b34-0e34a0dda969.wav,30.1627,6.4752,3.958
ulunas,p274_270_mic1-2a9c5e6007e6-06a237fcb9d5.wav,26.9626,6.7761,3.917
ulunas,p274_297_mic1-fd8c04b0ed8a-92252256a212.wav,29.5976,5.0727,3.689
ulunas,p274_306_mic1-1018876d243f-0ee216b24f91.wav,30.7357,6.3077,3.075
ulunas,p274_318_mic1-687aae80bade-b26bae06ada3.wav,27.7546,5.4544,4.513
ulunas,p274_349_mic1-d9bbe5993dcf-0786f30410ea.wav,25.3908,5.4721,3.277
ulunas,p274_351_mic1-e10db426cf2c-b832c8c671b3.wav,29.1541,5.136,4.063
ulunas,p274_378_mic1-9c7f89515e27-104b351805f0.wav,15.7772,4.7814,5.336
ulunas,p274_391_mic1-ad7c065c943a-f3d5208c6b9a.wav,28.1019,5.6811,3.209
ulunas,p274_416_mic1-4523c790ed87-822cb3ac4388.wav,27.4287,4.6528,3.627
ulunas,p274_436_mic1-377bacbb4787-a165556efebd.wav,33.9544,5.2688,3.63
ulunas,p274_457_mic1-3975c1845d4e-b1af65c7265b.wav,32.0379,5.1747,3.508
ulunas,p274_470_mic1-1f06bfa76f74-f79d4b441d80.wav,21.435,5.311,4.447
ulunas,p275_278_mic2-f3560fe890f7-13394dfc0d86.wav,25.2683,5.1319,3.448
ulunas,p276_006_mic2-7556640b8eee-fecc86178049.wav,17.3425,5.7497,6.444
ulunas,p276_008_mic2-629a0fea1a8a-47ab4b33387d.wav,23.8314,4.9474,8.376
ulunas,p276_010_mic2-1af142b322c0-ad1c6f10426e.wav,21.9624,4.8703,3.826
ulunas,p276_042_mic2-0178469db7ae-e7ac68713c87.wav,23.6516,5.5604,3.37
ulunas,p276_046_mic2-80c8cb0efb59-c0a83d01d2db.wav,17.757,6.9466,3.424
ulunas,p276_062_mic2-d08e65fa7dbf-928568e52b4d.wav,15.4193,5.93,3.517
ulunas,p276_085_mic2-f3d4c6c1fbf6-40f0794771ba.wav,21.1267,6.66,3.638
ulunas,p276_104_mic2-fec8957a6fc8-a8b3e713435b.wav,23.4814,5.6154,3.292
ulunas,p276_175_mic2-bc9fc176512f-6073f9dd9bed.wav,24.999,7.774,4.233
ulunas,p276_185_mic2-5845ada53833-8cd6924d0f55.wav,15.4709,6.2593,4.071
ulunas,p276_186_mic2-e51b69a6c267-6ecc5339b064.wav,13.1288,6.1176,3.096
ulunas,p276_192_mic2-92007c1be57c-78ec56588ec8.wav,16.6768,7.2752,3.394
ulunas,p276_249_mic2-19139829f692-9b6f8c257599.wav,17.8433,7.3929,4.261
ulunas,p276_259_mic2-f1dedd7aaf36-a77fc749552c.wav,25.0971,6.4628,3.663
ulunas,p276_292_mic2-52187ee62291-49dd6fd7a1b8.wav,15.2938,6.3906,4.261
ulunas,p276_332_mic2-ee74f04eb8f6-2eddff9a45d3.wav,19.3202,5.3344,4.345
ulunas,p277_024_mic2-582f55e3e4d4-300587006aa6.wav,19.1078,5.0544,7.503
ulunas,p277_066_mic2-ffda5f502655-53c7f05ede29.wav,22.5815,6.5064,3.673
ulunas,p277_144_mic2-1abe837481a9-e02f00320cb2.wav,26.2822,5.5218,4.229
ulunas,p277_155_mic2-3131c0aa7e73-c4a71206d9bd.wav,24.956,7.5722,3.589
ulunas,p277_166_mic2-b95253300d51-f966f920324b.wav,23.5547,6.1326,4.438
ulunas,p277_184_mic2-097900b985ee-4d6f7a032438.wav,24.1159,6.7078,4.294
ulunas,p277_200_mic2-b8e2cae6716a-502922116f74.wav,24.0687,6.4147,3.373
ulunas,p277_214_mic2-71537ea36439-b009f5b95a73.wav,23.0653,7.1394,3.45
ulunas,p277_245_mic2-8fe5b915b56a-c8b06ccd48c1.wav,24.4862,5.4367,5.039
ulunas,p277_266_mic2-bb6c3057c0be-8484fe949066.wav,20.6364,6.1007,4.4
ulunas,p277_268_mic2-b4af10423a7d-de7b2f31fa60.wav,24.2781,5.9258,3.344
ulunas,p277_315_mic2-ddeadc7c3e24-e786e71c7027.wav,26.6876,6.6364,3.397
ulunas,p277_342_mic2-1ce99aef067c-c30f459f3090.wav,27.5567,5.6009,5.05
ulunas,p277_369_mic2-6a8aaac33451-d6d8843436e1.wav,28.0101,6.3001,3.47
ulunas,p277_389_mic2-88d8b2ac4cee-b1fb51182fd3.wav,26.1666,5.0384,3.588
ulunas,p277_435_mic2-a7c7048ddc6e-3921db5ccda1.wav,35.1851,5.9945,4.474
ulunas,p277_455_mic2-3693d23ad7c6-7061d7a84144.wav,25.9773,6.8039,3.414
ulunas,p277_458_mic2-1655f47f74a8-2c631e512e0a.wav,30.7407,5.9762,4.388
ulunas,p278_002_mic2-be0656bc9a54-2728b4b9f645.wav,24.7703,5.22,3.722
ulunas,p278_014_mic1-6d2babc6070e-3b1928ff1871.wav,25.7181,5.2646,4.915
ulunas,p278_016_mic2-23c7491e70a6-dae31d355d7e.wav,30.2376,4.4722,6.429
ulunas,p278_031_mic2-7cbdbfb8f622-01cb4fbbac18.wav,32.0707,5.4807,3.553
ulunas,p278_034_mic2-852929b5f723-53375ce4a35e.wav,26.7741,5.7557,4.106
ulunas,p278_066_mic2-7572568530d4-c08bbab68171.wav,34.4358,4.2235,5.214
ulunas,p278_073_mic2-fc130864f26e-92bdc54a7630.wav,26.9026,5.0615,3.867
ulunas,p278_081_mic1-682bc4f658a4-6a52c743788d.wav,26.3011,5.0269,3.066
ulunas,p278_096_mic2-f09daac90b37-e652a9752ee4.wav,27.6432,5.6098,3.191
ulunas,p278_106_mic2-cabd150df688-c5fe5ff832ed.wav,33.4932,4.3997,4.39
ulunas,p278_118_mic2-dda70998e6c9-83d9f30405a3.wav,29.2529,4.976,5.145
ulunas,p278_131_mic2-246cb3c867d7-e8928b0865d3.wav,32.1623,5.1885,3.757
ulunas,p278_132_mic2-ae6edddc450d-c3312147ddf9.wav,26.0993,5.6662,5.235
ulunas,p278_149_mic2-901c4231b68a-dcc7051ea037.wav,30.1616,4.942,3.631
ulunas,p278_150_mic2-5879835de236-45d22ab27cb2.wav,29.6527,7.2196,3.576
ulunas,p278_160_mic1-7c3a46f5de09-2f4274209125.wav,26.554,7.0179,3.238
ulunas,p278_180_mic1-ae6855c39497-ad153569ebdd.wav,29.4523,5.3676,3.922
ulunas,p278_186_mic1-99a78bcf0a9e-571365cfed91.wav,28.7958,4.2511,3.719
ulunas,p278_191_mic1-0ccb91fed113-c4dd777d2705.wav,27.921,4.2158,3.104
ulunas,p278_195_mic1-5851747dd2e2-65a33774298f.wav,32.2551,4.9595,3.667
ulunas,p278_215_mic2-4971d62a8978-56da0976a940.wav,26.73,7.3775,3.349
ulunas,p278_235_mic2-9e2e4ba67064-35a664542169.wav,29.0027,5.3648,3.084
ulunas,p278_248_mic2-1a3d83889067-12683bfc1398.wav,32.0709,6.0153,4.401
ulunas,p278_258_mic1-735b46823fcf-a2965f0dd5c5.wav,25.4226,4.8952,3.405
ulunas,p278_265_mic1-d898a88854e1-5ace2855adc9.wav,27.5202,4.5995,3.743
ulunas,p278_268_mic1-b35c88073778-f77c6a565a28.wav,28.1073,3.726,3.241
ulunas,p278_289_mic2-2897afc44c0b-efc443a61dd3.wav,31.0689,7.5832,3.222
ulunas,p278_318_mic2-98312a43086e-caac271fa959.wav,31.7069,7.1332,3.268
ulunas,p278_336_mic2-10c8d1df2252-8156d142cdaa.wav,26.4813,5.4091,3.97
ulunas,p278_370_mic2-7fcb7461edbb-837a1e4dd8bb.wav,25.4445,6.8073,3.842
ulunas,p278_398_mic2-eff4141fedf6-0236b48eedb1.wav,34.6408,5.1791,3.803
ulunas,p278_402_mic2-a1695ffc112a-cc0babee00d8.wav,32.9956,4.4793,3.934
ulunas,p278_407_mic1-5254941d40a8-d57331cc6de3.wav,27.9491,6.1569,3.099
ulunas,p279_015_mic2-041e64b26789-098c9696a34f.wav,28.0668,4.3607,5.376
ulunas,p279_020_mic1-ef3da96fb758-72d487d56c17.wav,28.0276,6.1279,3.808
ulunas,p279_026_mic2-a59951521e88-57c6b104d800.wav,29.8259,5.4653,3.555
ulunas,p279_030_mic1-59f6e59a6414-3f9270f012c8.wav,25.7375,4.405,3.28
ulunas,p279_049_mic2-75a5200c6a55-d4e921026da0.wav,22.5583,5.8663,3.417
ulunas,p279_058_mic2-53da8a345cbf-6a6854b94f7d.wav,26.4725,5.6116,3.381
ulunas,p279_093_mic1-73dc6ee0dc03-310a3ed66468.wav,28.2023,4.1073,4.265
ulunas,p279_132_mic1-e46c7fb1e6e2-f7a671516f5f.wav,26.1456,4.9131,4.463
ulunas,p279_133_mic2-33223eef8bcf-6c85438a40b9.wav,28.8389,5.0001,3.129
ulunas,p279_196_mic1-6dd82d611554-ad13b8af334b.wav,25.2589,4.7169,3.796
ulunas,p279_238_mic2-b2363eda0851-fca366e65e24.wav,30.7927,5.1671,3.023
ulunas,p279_327_mic2-20272236ebbf-1676837ee34d.wav,28.4082,5.2081,3.581
ulunas,p280_005_mic1-1e989c12ce25-152e2595d659.wav,27.0341,3.6338,7.253
ulunas,p280_018_mic1-023a05b78473-3070f39442ad.wav,27.5665,4.6619,6.197
ulunas,p280_024_mic1-0527e27b7052-04628f7c21cf.wav,27.784,3.8719,6.941
ulunas,p280_025_mic1-812f3df31c3e-6cca871ed254.wav,19.1808,5.4783,3.239
ulunas,p280_052_mic1-9113bf29282d-aba3fdd7b6e5.wav,22.5809,5.6127,3.76
ulunas,p280_069_mic1-3ca3fccf728f-50607d430738.wav,24.5063,4.755,4.109
ulunas,p280_072_mic1-ec43d263fe4b-67d9495d4e18.wav,24.8025,5.526,4.1
ulunas,p280_078_mic1-762e95afb46c-ad35932c72c6.wav,26.3041,4.4301,4.322
ulunas,p280_096_mic1-29d32666ec6f-4689b8e426bb.wav,26.0528,4.5018,6.154
ulunas,p280_145_mic1-e3c51958ba41-a6e0a1c9b8a3.wav,30.2576,4.7497,3.295
ulunas,p280_199_mic1-aaf818a6fb96-bce2e5cba076.wav,25.8344,6.3193,3.872
ulunas,p280_389_mic1-3d67e68c973d-4005907a333c.wav,29.9843,7.2635,3.248
ulunas,p281_163_mic2-81d51b181423-b8dfc0f0f084.wav,21.712,6.536,4.147
ulunas,p283_126_mic2-657605e46b6f-1be989e0acf7.wav,27.1842,7.8582,3.11
ulunas,p283_392_mic2-39dfa6560a07-cbeaae5eb45b.wav,22.993,7.4694,3.22
ulunas,p284_006_mic1-87780de97178-1b518159a541.wav,24.8591,4.4156,4.397
ulunas,p284_009_mic1-24efef08bf8f-9a04b0a2fa24.wav,29.7214,4.4314,3.97
ulunas,p284_012_mic1-9cd00fa7f484-1a20debab395.wav,28.1159,5.3873,3.781
ulunas,p284_013_mic2-bfda9c0e1991-886b8952467e.wav,29.3789,5.4655,3.673
ulunas,p284_020_mic1-be73f3f72cdc-fdf9c5c41068.wav,26.9933,5.3795,3.498
ulunas,p284_099_mic2-aaaf16769b46-60ebb34589d2.wav,35.2978,4.5103,4.527
ulunas,p284_147_mic2-4970f53afa1d-4045c3de4e5d.wav,30.7271,4.8904,4.092
ulunas,p284_180_mic1-8fd0a76a714c-6220bc9830dc.wav,26.8833,5.211,3.397
ulunas,p284_187_mic1-2b265d40623a-e27b81313422.wav,23.1407,5.6173,3.907
ulunas,p284_187_mic2-f5a2a4b1a51b-fab09217acdf.wav,28.2753,5.4145,3.907
ulunas,p284_198_mic2-34780f2d4669-f86ad71819cf.wav,30.3646,4.8945,3.559
ulunas,p284_211_mic2-999139bb2992-38a326904822.wav,34.4118,5.0381,4.438
ulunas,p284_232_mic1-a5c87840fc63-825365a6cacd.wav,29.461,4.6465,3.943
ulunas,p284_252_mic1-da52a944c086-22411a346562.wav,26.837,5.2484,3.243
ulunas,p284_273_mic1-daec5083b022-6a90d218b020.wav,25.7506,4.9975,3.755
ulunas,p284_276_mic1-e2021cac81b9-16c3b2ec31e9.wav,23.5017,5.6293,3.409
ulunas,p284_291_mic2-792ee8fe67b5-b7a477988dde.wav,28.5743,4.3756,4.782
ulunas,p284_314_mic2-697ce9cc5f3c-34ce4eb78dbc.wav,23.6803,6.1512,4.306
ulunas,p284_322_mic1-b5bc0c57bcf0-95d094985e8f.wav,24.5347,5.5524,3.29
ulunas,p284_358_mic1-2fce31924d43-1075db5efcdf.wav,29.3923,4.8555,3.717
ulunas,p284_367_mic2-bcdb57dee0ea-0620e13cc0e0.wav,36.3839,4.8886,3.602
ulunas,p284_404_mic2-bf1abc76f619-736957782b5e.wav,24.7566,5.2777,3.288
ulunas,p285_018_mic1-4b4d24ff8d63-e29ab9d03790.wav,27.1863,4.6731,5.204
ulunas,p285_027_mic2-d4c754774cf3-ac1c5e0543df.wav,16.1264,5.8101,4.691
ulunas,p285_029_mic1-c257eb00ef13-d5d367e0511e.wav,27.489,5.3573,3.659
ulunas,p285_060_mic2-7ec9f544c170-7eee7aa68901.wav,28.9463,6.3932,3.757
ulunas,p285_086_mic2-3154b6267696-3918676caa45.wav,30.769,6.5119,3.162
ulunas,p285_135_mic1-eaeea97a4142-2d142486c647.wav,24.9841,5.7607,3.032
ulunas,p285_152_mic2-e274a44797c0-7d61e6444e09.wav,31.1133,6.9789,3.289
ulunas,p285_193_mic2-37207cfb15d8-1fe4c91b513b.wav,30.6042,5.3565,3.418
ulunas,p285_224_mic2-d11edb377bc8-a8eee1e754cc.wav,18.8243,6.7539,3.158
ulunas,p285_329_mic2-0c8918463279-21f8c2b16ad8.wav,29.4687,6.0091,3.16
ulunas,p285_369_mic2-c00c16a515cd-f39ce356fa3a.wav,32.5892,5.5231,3.116
ulunas,p286_015_mic2-aebd83f481d9-58621212250c.wav,32.3811,5.2951,6.02
ulunas,p286_036_mic1-8d100fd6ff67-a0d11aa1328b.wav,25.375,4.8887,4.559
ulunas,p286_048_mic1-7013eb4c7194-0ef7a27702b1.wav,28.937,5.3042,3.972
ulunas,p286_049_mic2-c1b642f8e47c-4fb8ef9f5a06.wav,38.0922,4.4043,3.716
ulunas,p286_057_mic2-77b3dbef2929-3b344224a339.wav,31.8674,7.2644,3.765
ulunas,p286_080_mic1-a99aa29c1941-51cac182ef75.wav,29.0429,4.5903,3.759
ulunas,p286_087_mic2-e739a824baf3-06969ebb16f7.wav,34.5463,4.8607,3.119
ulunas,p286_117_mic2-c447faafa4ed-83b258471c3f.wav,32.565,5.2995,3.843
ulunas,p286_119_mic1-9a45b26b0573-cde32d674fef.wav,26.4644,4.6029,4.168
ulunas,p286_119_mic2-f632f754d017-725d82b998f5.wav,33.918,5.8226,4.168
ulunas,p286_155_mic2-e2bd4cb1afef-ac0c3c95c10d.wav,34.6324,5.3013,3.385
ulunas,p286_197_mic2-f32d11fd9ef4-14cb85c665ce.wav,23.3201,5.1203,4.775
ulunas,p286_217_mic1-3087ac526f69-743164cc39d7.wav,28.6159,3.7609,3.154
ulunas,p286_231_mic2-72485d0cde6c-8600aa0e92b0.wav,31.4311,4.7642,3.375
ulunas,p286_244_mic2-5418d4e0e337-745dab34405d.wav,37.6272,4.042,4.439
ulunas,p286_275_mic2-0ec57dabd144-ea25dbc42be0.wav,36.7809,4.8358,3.119
ulunas,p286_286_mic1-e7de3c8341f3-675881eee50a.wav,28.6477,4.1454,3.073
ulunas,p286_298_mic1-4715e8a31b0d-59cb08718288.wav,29.4714,3.9046,3.929
ulunas,p286_306_mic2-09c7bab6bae4-368f24082afd.wav,35.337,4.5594,3.973
ulunas,p286_310_mic2-b10c59fa51bf-ff1e040015b5.wav,34.7618,4.2531,3.12
ulunas,p286_320_mic2-92ee14e40d5e-eee47e5356f4.wav,36.9766,4.6942,3.629
ulunas,p286_333_mic1-78d5dc49b4a2-01e71c061971.wav,26.1276,4.2566,3.662
ulunas,p286_334_mic2-5ea3ab3bd55d-d01beb443852.wav,25.6136,4.2284,3.774
ulunas,p286_342_mic2-c90b6de8e71b-f27d3084acf2.wav,28.8168,5.5066,3.842
ulunas,p286_345_mic1-979d6385f152-5e15211b6725.wav,25.5107,4.5156,3.085
ulunas,p286_345_mic2-03385bbf93a5-7158f3e87d97.wav,26.646,6.2809,3.085
ulunas,p286_356_mic2-1f4c91a13039-8ffbee9ae22c.wav,35.2147,4.2122,3.348
ulunas,p286_383_mic1-04ec5848efa4-9811a14a1deb.wav,27.7162,4.4582,3.298
ulunas,p286_383_mic2-5083f3d4b420-c1cd58e44fd5.wav,17.7868,5.0018,3.298
ulunas,p286_410_mic1-018ae24d69fb-34a25e6c997d.wav,27.4254,6.1732,3.373
ulunas,p286_413_mic2-ac6a7b08a9f3-e6c90d3b421e.wav,32.0492,4.7099,4.399
ulunas,p286_425_mic2-cb7262cf3581-8f6c480a56de.wav,32.0849,4.7881,3.033
ulunas,p286_433_mic2-217364c726fe-7d0052c528c0.wav,29.82,6.8544,3.033
ulunas,p288_017_mic2-e3602fcee3b7-6b4665855444.wav,13.2196,6.0944,3.601
ulunas,p288_020_mic1-92d9b9bc3e1c-b097bb49c504.wav,24.0279,4.4687,4.014
ulunas,p288_039_mic1-930bfe54bf46-cc90aa9697c4.wav,24.6832,5.8685,4.287
ulunas,p288_046_mic1-7c82f8f32135-6bdeb72e51bb.wav,25.2665,7.0449,4.313
ulunas,p288_086_mic2-8e91bb76b53b-30717d0bac3f.wav,28.5001,5.2071,3.049
ulunas,p288_089_mic1-78088f84d7c1-767c847c3815.wav,27.8165,5.1588,3.759
ulunas,p288_093_mic1-b44d601f8185-7ecf8de20371.wav,33.5248,3.8373,3.599
ulunas,p288_094_mic1-e855771114ce-641b2eef023f.wav,28.4226,4.4043,4.195
ulunas,p288_111_mic1-397a39b65cd2-fe2b5e84e289.wav,29.7133,5.539,3.689
ulunas,p288_147_mic1-39c9b37434db-ce172bd25152.wav,26.8684,5.108,3.055
ulunas,p288_155_mic2-0015da0df60d-65dc6ce246e6.wav,22.8197,5.8761,4.992
ulunas,p288_201_mic1-7409f1a7b186-17b5722da349.wav,31.3423,4.4478,4.603
ulunas,p288_211_mic1-99b372ecc809-643b8dd936ca.wav,20.8138,5.9456,3.244
ulunas,p288_222_mic2-c21db4f6c3bb-97d656099a51.wav,21.0755,6.386,3.256
ulunas,p288_269_mic2-fa077af3ffa1-da8966b2e14b.wav,21.0211,5.4989,3.928
ulunas,p288_299_mic2-b9cbd92d4c9e-4aa345d973bd.wav,27.7438,5.709,3.16
ulunas,p288_302_mic1-699c76e3f78b-814cea4a5f54.wav,24.4488,4.584,4.199
ulunas,p288_383_mic2-e35144059fcc-66b0cfd88220.wav,29.3236,7.7844,4.144
ulunas,p288_387_mic2-5beae5ac3322-ec024a1e2ccd.wav,32.8435,7.2074,3.367
ulunas,p292_040_mic2-e1e91b9d305b-e9eb4cffe258.wav,26.1387,5.6869,3.075
ulunas,p292_062_mic2-d9181bd0f1ad-1351febc0039.wav,32.4762,6.8973,3.116
ulunas,p292_064_mic2-8d7ecd6f47d8-ba7b4ac9216d.wav,29.145,7.8615,3.077
ulunas,p292_071_mic2-ec896a48b9d0-8894cce11ba3.wav,25.468,11.4241,3.217
ulunas,p292_075_mic2-e457e27b187c-27876ca3a229.wav,19.9328,6.1207,4.059
ulunas,p292_078_mic2-b1b7684d7357-59513aa792a1.wav,38.3565,7.0215,3.398
ulunas,p292_106_mic2-3e3b109f49df-96a516341e9b.wav,34.1827,5.8568,3.331
ulunas,p292_118_mic2-dafb0dc06cf7-af14e823b664.wav,35.0007,6.833,3.034
ulunas,p292_154_mic2-f5bb299b5eed-c615c44dcd9a.wav,29.8218,6.2592,3.58
ulunas,p292_202_mic2-ebf45bdaee61-7d25443ed89d.wav,22.0505,8.8528,3.031
ulunas,p292_223_mic2-7bbddfdb5fd6-55c3cdc53bda.wav,32.0311,6.8461,3.606
ulunas,p292_245_mic2-664491d802f1-d33cd1b91c03.wav,34.8126,6.9701,3.033
ulunas,p292_318_mic2-53062bb0a62e-e4770249e440.wav,33.09,6.4453,3.075
ulunas,p292_374_mic2-3d89bb8bbb81-9619774e3e3c.wav,32.7338,5.3525,5.336
ulunas,p293_015_mic2-ef5e2ba602ca-7493c3d0d840.wav,31.5466,12.4634,8.087
ulunas,p293_033_mic2-7a72c2d664c4-50fab24d4f5d.wav,33.6614,11.5326,3.838
ulunas,p293_050_mic2-f7649c5d1c72-695b9baa2c7d.wav,35.4211,12.8164,4.566
ulunas,p293_093_mic2-c9c1d80ae00c-220fe09597bc.wav,28.5544,9.9845,5.61
ulunas,p293_104_mic2-4db68f597c5b-1ff2f13f614e.wav,40.5126,12.6619,4.535
ulunas,p293_122_mic2-0b6debaa1207-49769a25a186.wav,30.6986,10.3798,4.8
ulunas,p293_172_mic2-3f971d13b1a8-61fcd3b916cb.wav,34.9437,11.7056,3.606
ulunas,p293_190_mic2-f908e8892aaa-03041c439d8f.wav,31.8395,9.4069,4.012
ulunas,p293_235_mic2-28e8898f009c-b37fc8a0e77b.wav,33.8387,10.9685,3.751
ulunas,p293_252_mic2-954e5c6e39a3-1c6613f15ebb.wav,30.8574,9.2966,3.8
ulunas,p293_259_mic2-06a950979386-7218221d2b74.wav,35.9423,9.8105,4.314
ulunas,p293_265_mic2-62346c1b8653-7757b220fbab.wav,28.836,9.655,4.411
ulunas,p293_279_mic2-0ceea7642ba4-b85d265b5b3d.wav,30.5134,8.7038,4.016
ulunas,p293_291_mic2-7f60f2e36145-0e069b1dcad6.wav,34.6315,11.8453,3.794
ulunas,p293_318_mic2-89e1b9ad342e-bd5338a8276f.wav,27.8423,11.6797,3.204
ulunas,p293_331_mic2-a5c6629c49ce-cbc6a223f39d.wav,33.6403,10.8396,3.811
ulunas,p293_358_mic2-321924e9d859-eca2e89da8b2.wav,32.9667,8.4225,4.054
ulunas,p294_003_mic2-2eec83540cbf-982f439c41c2.wav,25.8232,6.816,7.477
ulunas,p294_015_mic2-6c2c1e1efddc-9683681f11e7.wav,31.1914,5.7401,6.544
ulunas,p294_044_mic2-75ba5302265a-eb348d570fe7.wav,35.2236,7.6929,3.663
ulunas,p294_108_mic2-ff0babf1b897-3a6c5939b932.wav,23.6403,5.5087,3.347
ulunas,p294_109_mic2-ad8455d65bf6-e4623689dfa8.wav,33.6142,6.2754,3.277
ulunas,p294_112_mic2-3053abf7e441-8127ea7e80cc.wav,30.204,7.4101,3.345
ulunas,p294_165_mic2-bcf919914bc8-f803c6b94981.wav,19.9328,6.8899,3.128
ulunas,p294_213_mic2-cd01c92fdbea-e10b63b1e78e.wav,31.7728,7.4327,3.799
ulunas,p294_214_mic2-9429287b7d0d-97a1b9df4dc7.wav,29.9824,8.3348,3.91
ulunas,p294_231_mic2-60707aff8a80-64a5670c774d.wav,35.3506,7.3157,3.635
ulunas,p294_314_mic2-896ab122586d-27d6f20ae545.wav,29.6598,7.1184,3.541
ulunas,p294_351_mic2-c1f00765548e-f846187a234c.wav,29.0494,5.9562,3.211
ulunas,p294_363_mic2-f97409f80f4d-d409f00de05c.wav,34.5986,6.3962,3.261
ulunas,p294_371_mic2-6df095d3a2f4-84f5ea06aa93.wav,33.2038,6.3977,3.429
ulunas,p294_399_mic2-ded4ca2ba169-32fd1eb05d86.wav,30.1795,7.2791,3.258
ulunas,p295_056_mic2-fa9eb65a7ccd-6f0c2bf144ca.wav,26.9671,7.312,3.804
ulunas,p295_060_mic2-8cf610a0d5e4-20b341d737a8.wav,33.0746,10.6076,3.894
ulunas,p295_065_mic2-3b548e122ffa-85ae66e36508.wav,31.5837,6.0717,3.527
ulunas,p295_067_mic2-e178843078b2-3a64494a8a3b.wav,27.6645,7.832,5.302
ulunas,p295_083_mic2-cf96b3c60256-b10b42a30560.wav,36.6151,7.5031,3.205
ulunas,p295_084_mic2-7f92178e26f1-e1e2203999df.wav,29.5698,6.3673,3.926
ulunas,p295_113_mic2-c41c8648b199-99f17ee4c736.wav,32.5234,4.6028,3.595
ulunas,p295_135_mic2-d87fe4856b52-9d7d7f72988e.wav,33.7923,5.1571,4.016
ulunas,p295_139_mic2-c542de125bfc-c9be86f86c7c.wav,34.9513,4.897,3.457
ulunas,p295_141_mic2-a9c811033212-45a8f131c23f.wav,28.5672,6.1458,3.602
ulunas,p295_150_mic2-3d55806495c4-1e3d9fd4c59a.wav,37.8051,5.5418,4.182
ulunas,p295_164_mic2-7004a0b30530-db573e6cb361.wav,35.0384,6.2281,3.038
ulunas,p295_193_mic2-238e9c0150e1-631af43ca710.wav,27.8148,7.3219,6.891
ulunas,p295_214_mic2-77bdda55d494-853bb966618c.wav,28.604,7.6976,4.229
ulunas,p295_225_mic2-1d0e784b4ac6-16691498fbef.wav,34.8534,4.0825,4.213
ulunas,p295_226_mic2-a7f1f3297352-f72b10606be7.wav,32.2058,4.4934,4.439
ulunas,p295_246_mic2-27c45d8318c6-e6369c0a0253.wav,31.5939,8.7258,3.888
ulunas,p295_252_mic2-b10aec049c2c-9964dac33613.wav,28.8399,6.1326,3.329
ulunas,p295_290_mic2-0da22a320cc1-257942f453ac.wav,35.4005,6.1941,4.093
ulunas,p295_292_mic2-b7575a187b48-f618588a2ca6.wav,28.2707,9.6352,4.303
ulunas,p295_329_mic2-a5da902a46b1-51aec5a926c6.wav,33.6942,8.1124,3.756
ulunas,p295_336_mic2-7c925b954e34-04145613d2af.wav,29.5278,8.0699,5.253
ulunas,p295_383_mic2-a2d8dbd68272-370b82f69bbf.wav,26.5751,7.4712,3.357
ulunas,p295_400_mic2-f122b98b59a0-0876970f7984.wav,34.106,10.187,3.331
ulunas,p295_423_mic2-6471d3055515-e689c0518487.wav,31.4616,6.8568,3.631
ulunas,p297_023_mic2-92e48f121a6b-81fb5adb86f8.wav,29.7306,4.9898,12.812
ulunas,p297_050_mic2-c682df4d2a42-ef334f59ca1c.wav,16.2883,5.6346,4.613
ulunas,p297_053_mic2-fc31031e349f-cd09af5c9d08.wav,35.3655,6.5079,3.244
ulunas,p297_058_mic2-46c55f3e5178-830cb102f447.wav,21.0156,7.5149,3.688
ulunas,p297_059_mic2-47d76ec31124-109281bedb97.wav,23.851,5.6414,3.585
ulunas,p297_074_mic2-55f61e96a470-f862ff1dcf87.wav,28.7013,4.9737,3.35
ulunas,p297_078_mic2-eac9edb08c16-9dcf7366f502.wav,34.2743,4.4702,5.207
ulunas,p297_084_mic2-0dc83e4a8669-7d302ee64ad7.wav,30.2414,5.141,5.537
ulunas,p297_102_mic2-e8a1c34aa3f0-256fc535570b.wav,27.7331,6.5995,4.159
ulunas,p297_147_mic2-6330705d2918-cd4343e7d6a2.wav,30.8914,4.8658,4.357
ulunas,p297_154_mic2-b08705bdd73c-cf55efd24ef6.wav,30.5798,5.6015,4.528
ulunas,p297_157_mic2-847a00449d93-67a946765386.wav,31.481,6.2725,4.101
ulunas,p297_163_mic2-b48cad69b736-a5ee0a42316d.wav,31.4113,5.738,3.375
ulunas,p297_166_mic2-e612cc15cf28-941547091ab0.wav,33.1379,5.2786,3.414
ulunas,p297_177_mic2-dc1a356cc8e4-8283c9b08873.wav,25.2674,5.4299,3.077
ulunas,p297_190_mic2-ce6f7132d151-247ef18ddba0.wav,34.0129,4.3134,4.945
ulunas,p297_203_mic2-5bd566827ccc-b9494fdfe9b6.wav,31.1691,5.7078,3.757
ulunas,p297_228_mic2-0b643a887d05-1af678627a5a.wav,32.4334,5.3839,3.289
ulunas,p297_256_mic2-90481fec6f62-77a3896fc32b.wav,33.8431,4.6769,3.971
ulunas,p297_273_mic2-00be1da085c2-f6d1a05fd47b.wav,29.8538,7.541,3.146
ulunas,p297_274_mic2-247387368927-119ee1715c33.wav,28.8209,5.6181,3.372
ulunas,p297_277_mic2-f6f96f3b2b36-d67ec7214220.wav,27.7228,6.5976,3.42
ulunas,p297_286_mic1-b2d39e8c1e78-e08fcf07abf6.wav,26.0038,7.2039,3.887
ulunas,p297_290_mic2-0d81678e5a4c-09e3849f602c.wav,22.4172,6.672,3.501
ulunas,p297_294_mic2-43347b56d5b0-92c7b888009f.wav,31.8015,4.1989,6.419
ulunas,p297_303_mic2-a633c17edd4c-954bc2d7e664.wav,17.5806,6.9506,3.034
ulunas,p297_308_mic2-002ff6ae52f7-990cf33fb4b9.wav,34.6942,5.0385,3.209
ulunas,p297_340_mic2-c37e0781de09-d9f2d22fa8dd.wav,26.6536,5.9149,3.856
ulunas,p297_355_mic2-427a21e95556-8ea2a4b54192.wav,24.4514,6.853,4.39
ulunas,p297_358_mic2-1d562508c887-89bb9156c964.wav,28.803,5.6418,3.804
ulunas,p297_399_mic2-6d88e5f128a5-decf720ae622.wav,29.8225,5.7069,4.099
ulunas,p298_024_mic2-a9ac5c680310-426a63010fa9.wav,23.3744,9.8537,7.955
ulunas,p298_142_mic2-da1bc98842f4-cc8849a24f1a.wav,32.897,5.7365,3.813
ulunas,p299_006_mic2-1f81fb0e7f72-616a6efa4ba3.wav,24.7745,7.0987,5.665
ulunas,p299_024_mic2-19aed983e1df-ca45512044e3.wav,30.9093,6.1683,7.357
ulunas,p299_053_mic2-739d1ea48271-d85a0cd554be.wav,33.8459,6.4068,3.756
ulunas,p299_066_mic2-a737512b072a-e0e8268756a0.wav,25.626,6.9374,3.5
ulunas,p299_134_mic2-fe9da8578dce-b1f06c3f3fb7.wav,33.8997,7.0434,3.544
ulunas,p299_138_mic2-23b3b7bbe5d0-a802e640d6c5.wav,29.1071,6.7148,4.526
ulunas,p299_161_mic2-29b262403d1a-54db90493af6.wav,30.0889,8.0846,3.117
ulunas,p299_168_mic1-424cd2df17ce-9913de973b5f.wav,27.2449,5.2495,3.334
ulunas,p299_170_mic2-83c01bee0007-8ea4cdeffffe.wav,34.6211,6.5543,3.333
ulunas,p299_195_mic1-5d46811d8cad-205e5d0b91e3.wav,26.9875,7.4558,3.376
ulunas,p299_211_mic2-10d26f598598-05e600695ce3.wav,17.5254,6.6279,3.757
ulunas,p299_229_mic2-cd7906c84b48-9799162655f3.wav,30.2728,9.9756,3.291
ulunas,p299_247_mic1-20ee6a561ad8-fd2667f94a8b.wav,30.4436,5.3918,3.385
ulunas,p299_283_mic2-0ee76a042eff-5282a6db4afb.wav,29.7996,6.2169,3.12
ulunas,p299_314_mic2-4851559c76c9-7510e82b1d12.wav,27.8043,6.2247,3.441
ulunas,p299_318_mic2-a0de8003b0b2-d8afe4af56f0.wav,29.3706,7.2969,3.623
ulunas,p299_326_mic2-1be67041c6cc-a61cdc8a2899.wav,24.1632,7.5373,3.123
ulunas,p299_405_mic2-4f60d1ffa9a3-135fabab0912.wav,33.8615,6.1513,3.984
ulunas,p300_019_mic2-e98549275582-8499862a91cc.wav,27.2791,12.1366,7.851
ulunas,p300_080_mic2-a662d712feee-a17d7320c572.wav,30.7286,9.79,5.379
ulunas,p300_393_mic2-57fefd455f21-cb9108575a7a.wav,24.005,9.7876,3.629
ulunas,p300_395_mic2-352975a75aa2-76423d754898.wav,22.2697,9.5703,5.964
ulunas,p301_008_mic2-eac5179f1dcd-710bbde3ffba.wav,35.1182,8.6442,8.443
ulunas,p301_010_mic2-a446dc2902b2-62b93c80e6b7.wav,35.8817,9.2676,3.916
ulunas,p301_013_mic2-11645f98e890-42f136a0bd1f.wav,28.208,7.9737,5.126
ulunas,p301_022_mic2-2c2624f75745-196f029fbf47.wav,34.1789,7.4744,7.544
ulunas,p301_024_mic1-bb946418df71-1884218e794a.wav,28.1964,5.387,8.092
ulunas,p301_031_mic2-b871decf3ab9-f99677a986b5.wav,22.5253,8.8004,3.251
ulunas,p301_051_mic2-0328f26b392f-297a16d19cf4.wav,35.0903,6.2838,3.439
ulunas,p301_055_mic2-e7a9052ea67a-d1eef665f484.wav,30.0933,7.0654,4.658
ulunas,p301_058_mic2-8ae6ae50e091-026308e314f6.wav,31.7208,9.1017,4.289
ulunas,p301_061_mic2-75e3deede450-cdf479994563.wav,31.4256,7.8654,4.441
ulunas,p301_064_mic2-784a2c4833a6-87add932708a.wav,30.0403,8.7194,5.048
ulunas,p301_072_mic2-dd287dbf3b60-f4dfdd6e413d.wav,27.7313,7.6695,4.642
ulunas,p301_091_mic1-e8adf751c086-074be3e67972.wav,27.8759,6.0505,3.749
ulunas,p301_092_mic1-a45bccb2bd9a-4433dbad1268.wav,27.1549,5.8434,5.096
ulunas,p301_094_mic2-cd47d9128b41-c887dba4d7cb.wav,24.2911,9.7744,5.267
ulunas,p301_110_mic2-d4e94ee5be0e-ce58de64b2ec.wav,32.4566,8.7317,4.188
ulunas,p301_111_mic2-6737460066c0-efcf625a7cf3.wav,30.5893,7.5435,5.997
ulunas,p301_115_mic2-3ee88c50df4c-dd005ceaa842.wav,34.7295,8.5099,4.589
ulunas,p301_126_mic1-27a83dbf074c-50d5d1ffc98b.wav,30.0985,6.2346,5.389
ulunas,p301_129_mic2-74e3d37583a9-393cf794014a.wav,29.8844,7.6161,4.443
ulunas,p301_134_mic1-2554e4de4c46-c2d4c451c0c0.wav,27.7498,5.1597,4.891
ulunas,p301_134_mic2-cbfbefaef7e0-567e61daeb98.wav,30.1818,8.2978,4.891
ulunas,p301_149_mic1-61ad2e9f7296-b2cad03b76b3.wav,26.3414,8.2713,4.499
ulunas,p301_151_mic2-f7d6c35086d9-0e21ee3be2fa.wav,33.1418,8.6904,5.008
ulunas,p301_152_mic1-8eb9746301ad-50acf436be6a.wav,30.3536,6.5836,3.872
ulunas,p301_171_mic2-3ea4b7efbf95-0329485e1289.wav,34.831,7.7122,4.345
ulunas,p301_173_mic2-ab0235f9e513-7c1dee20679b.wav,36.7127,7.2574,3.804
ulunas,p301_178_mic2-637fdd92d40e-ba1aa2a955fb.wav,32.6107,8.4532,4.01
ulunas,p301_229_mic2-a41fb44fbcc0-e8249fb39869.wav,28.9264,7.3284,4.06
ulunas,p301_231_mic2-9f127bbcfa92-645d9914014e.wav,32.4695,6.7247,3.88
ulunas,p301_240_mic2-3b98ffd00b34-536e71394557.wav,31.9875,7.7118,5.406
ulunas,p301_255_mic2-626a2accba2d-371d83997fa5.wav,30.1634,7.4306,4.524
ulunas,p301_259_mic2-cf613e245c4f-bbb9c8d9a6ad.wav,33.3973,7.4973,5.254
ulunas,p301_266_mic2-78bf21236a85-6c3ab1ea1dbe.wav,28.6699,8.4194,3.613
ulunas,p301_271_mic2-9c5723da2d52-568e52f7bf55.wav,27.8619,6.2929,4.012
ulunas,p301_321_mic2-4f315bd85bd5-1d0ceed284ff.wav,36.0417,8.6137,4.487
ulunas,p301_330_mic2-70685173cdce-c7ea3ec264e8.wav,31.1722,8.2152,4.352
ulunas,p301_331_mic2-d774bf96fc27-e8ca9fb3fb2e.wav,38.1369,9.4578,5.305
ulunas,p301_339_mic1-9460c0281567-ada377782f80.wav,29.7824,6.8938,5.017
ulunas,p301_351_mic2-3567475b050f-08107a867657.wav,31.4385,11.5024,3.713
ulunas,p301_352_mic1-26f33360361e-e15adc86f34c.wav,30.4458,5.1438,4.394
ulunas,p301_361_mic1-91bed28aa5a0-a2e74aa4a9b9.wav,30.5158,7.6894,3.843
ulunas,p301_367_mic2-aecdd65aa0df-08a6b24085d4.wav,29.6566,6.3712,4.106
ulunas,p301_371_mic1-29fb0fbc6900-dd5ea574136d.wav,27.9152,7.7923,4.665
ulunas,p301_406_mic1-eaffb5f39046-31188bd77af8.wav,30.5245,6.6539,3.096
ulunas,p302_040_mic2-b8e8fefc2b17-8020e6db5dd7.wav,28.0593,7.8067,3.823
ulunas,p302_081_mic1-9953723d3d9b-4e611a7df0d9.wav,26.161,5.3244,3.67
ulunas,p302_131_mic2-96a6a0a1bbee-0aa13de85727.wav,28.0606,7.0005,3.488
ulunas,p302_134_mic2-585dc4a2a420-8dffa5325e4c.wav,30.5787,7.3665,3.121
ulunas,p302_137_mic1-e45db6c222e4-a2a336ce0409.wav,28.5179,5.3686,3.557
ulunas,p302_138_mic2-3f1ef95b1733-9efb66e4ad65.wav,30.8079,8.7671,4.041
ulunas,p302_148_mic2-64fe476483cd-f301be2eb023.wav,31.7509,9.6834,4.27
ulunas,p302_175_mic2-5e7076f8e3ce-189b1d0157b0.wav,30.263,8.3713,3.398
ulunas,p302_180_mic2-68e02b65529d-0824cad61c02.wav,31.2414,10.4079,3.554
ulunas,p302_211_mic2-d62caa739af2-2c21542ccf3c.wav,27.3796,9.763,3.689
ulunas,p302_260_mic2-343577497f62-3256f72ee22b.wav,34.267,8.3536,3.577
ulunas,p302_261_mic2-5a7b4213a188-8d0300e9d459.wav,29.4935,7.5973,4.583
ulunas,p302_272_mic2-1d5f431391a7-f66f80285799.wav,31.9393,9.5281,3.513
ulunas,p302_278_mic2-47a45482fa7e-ab5863a2b3d1.wav,27.1873,7.6588,3.224
ulunas,p302_286_mic2-0d0055ccef4e-69f59c8ebe7a.wav,27.5832,9.9331,3.546
ulunas,p302_295_mic2-d13b66a6dac6-7224d1963b0f.wav,27.9976,7.4432,3.075
ulunas,p302_305_mic2-23f48b05c4f3-1042ccd64fc5.wav,30.5823,9.3181,3.844
ulunas,p302_307_mic2-994bc5ca469a-5a65601c7067.wav,29.5664,8.3592,3.108
ulunas,p303_010_mic2-0e88ee63651a-b1c4f77886de.wav,23.0995,6.1516,4.214
ulunas,p303_014_mic2-af3a9506031d-4cb8041906a8.wav,19.778,5.4022,5.995
ulunas,p303_032_mic2-452729adf37a-87ecafd9a412.wav,30.2173,5.3791,3.546
ulunas,p303_038_mic2-ee23ae9d90b0-23f0ba4e520d.wav,28.2244,7.2876,4.61
ulunas,p303_054_mic2-e49452fbc0bb-4ddff17e12b3.wav,24.0887,5.1463,4.47
ulunas,p303_095_mic2-c3b33fa16bf4-b11746941f42.wav,23.4853,7.3746,4.309
ulunas,p303_102_mic2-44bf7f7e2297-904b7753fd21.wav,26.692,5.9797,4.697
ulunas,p303_106_mic2-8afea0516fe6-efbb3a2a7598.wav,26.5976,6.6017,4.275
ulunas,p303_131_mic2-0c3aabe8a3c1-a85c7d615d4c.wav,21.8927,7.0664,3.549
ulunas,p303_149_mic2-0f5f52564fdc-af81918f6e65.wav,20.0227,7.6146,4.785
ulunas,p303_152_mic2-aa82cb6b08f8-55c29051c890.wav,28.4692,5.4336,5.011
ulunas,p303_207_mic2-456bccf6a3d5-9a4900290d67.wav,21.2585,5.7524,3.032
ulunas,p303_222_mic2-6958aa355c30-923b3064a518.wav,28.3252,8.9398,4.194
ulunas,p303_225_mic2-7ca2aea141b9-ab006af1e725.wav,33.5876,6.0391,6.554
ulunas,p303_230_mic2-98577c1a7749-8d8be49d8368.wav,19.4067,6.4362,5.204
ulunas,p303_234_mic2-c9af0dfe82bc-959b19ef01ad.wav,24.2863,7.7201,4.89
ulunas,p303_236_mic2-a3e0c9802280-1eb6f80a1e31.wav,23.0902,6.5292,3.03
ulunas,p303_238_mic2-275d9df42d32-b6ab862763a5.wav,26.5402,9.8684,4.433
ulunas,p303_255_mic2-7074d2722672-65558e62180c.wav,21.4126,6.6238,4.042
ulunas,p303_311_mic2-caefb957b47b-6a826df9e3d9.wav,29.8729,5.0309,4.823
ulunas,p303_334_mic2-f485689dd14a-c4e09d91dada.wav,24.8984,6.9339,3.969
ulunas,p303_335_mic2-282956914d19-167c1fe76475.wav,30.8521,5.2736,4.091
ulunas,p303_341_mic2-57aebe8f9928-b5a84ea3e6dd.wav,25.0879,7.3034,4.133
ulunas,p303_343_mic2-18bb4df09aa0-47922b8952de.wav,33.976,5.0185,3.91
ulunas,p303_350_mic2-808c24fa3f39-fb20e746cbda.wav,20.1486,6.5778,4.212
ulunas,p304_008_mic1-c4ba5b80ac9d-cfb7927c3c92.wav,29.9708,4.1744,8.133
ulunas,p304_031_mic2-0a896c71ac2e-8b5c6493c279.wav,33.8394,8.7464,3.952
ulunas,p304_035_mic2-3cc269af4087-5db4cdc94030.wav,33.8091,5.9322,3.504
ulunas,p304_048_mic2-c07b192e3f84-6926bcd616f9.wav,34.1021,7.0942,3.971
ulunas,p304_057_mic2-dc1fc8fd66a1-71dc29f33d61.wav,27.6519,7.2848,3.289
ulunas,p304_085_mic2-da83e5f336ea-869a0337846e.wav,31.6514,6.3334,3.295
ulunas,p304_095_mic2-8a6adadba348-d3c62bd19f40.wav,32.8198,8.1695,3.355
ulunas,p304_107_mic2-3163238ff75d-50868c8dd37c.wav,38.3166,6.7571,4.229
ulunas,p304_175_mic2-def787f792bd-617e209b2b04.wav,32.3893,7.1605,3.366
ulunas,p304_210_mic2-2919c83ecd33-a475ee3b93c2.wav,39.8265,6.1801,4.085
ulunas,p304_258_mic2-9208dd7a29bc-ddf1da108ea9.wav,34.8597,6.8607,3.37
ulunas,p304_263_mic2-d053dac57a6c-dcd62208cd34.wav,35.1271,7.3749,3.131
ulunas,p304_307_mic2-18441f16e208-6a9228b3c259.wav,33.0248,7.6,3.673
ulunas,p304_342_mic2-9e40575f2c94-75dad5044fc3.wav,36.775,5.2682,3.547
ulunas,p304_365_mic2-01926fb1b6b9-4ae0e85893d1.wav,32.3054,7.164,3.235
ulunas,p304_371_mic2-561487198b88-0b7fad09586f.wav,38.2722,6.3224,4.008
ulunas,p304_414_mic2-569d8fb6ef91-12d19b2d9e85.wav,35.552,7.2092,3.501
ulunas,p304_420_mic2-0df60984097c-9888aba22c91.wav,38.1661,9.3963,3.158
ulunas,p305_006_mic2-14c48e5d3370-19150e8af6bc.wav,25.7694,6.5638,5.663
ulunas,p305_028_mic2-89e522208fcd-b3ded2d53527.wav,20.9701,6.1425,3.922
ulunas,p305_033_mic2-4eb44d3892cf-ed74a0b79712.wav,24.9003,6.7225,3.46
ulunas,p305_067_mic2-a0dd60cbad0e-1155d6bf0452.wav,28.6296,6.6527,3.547
ulunas,p305_081_mic2-6ce550a81cca-e3465f171a5e.wav,30.4356,7.2207,4.479
ulunas,p305_094_mic2-d9f68f24c8c8-b87213ab5225.wav,21.1138,7.6308,3.885
ulunas,p305_130_mic2-c9380d2d8bfe-59cd36e11172.wav,27.2645,6.9347,4.583
ulunas,p305_143_mic2-2bb6a5accd68-143448eaa846.wav,25.1897,6.344,3.216
ulunas,p305_147_mic2-e639477728ec-bb25e79e8c35.wav,28.1528,7.1906,3.909
ulunas,p305_156_mic2-82223393fe14-accbec7e327d.wav,25.1415,6.8498,3.277
ulunas,p305_174_mic2-497c7c17680d-f599b8a99047.wav,28.8644,6.3766,3.713
ulunas,p305_195_mic2-86c62deaa2b0-3f6cf5ebd2c5.wav,20.8235,8.3582,3.072
ulunas,p305_222_mic2-14dbe705c568-c67b94e223c3.wav,30.1626,8.0372,3.533
ulunas,p305_335_mic2-e15a6bb6cf03-bf8208c999c5.wav,26.0486,8.6642,4.329
ulunas,p305_373_mic2-c496d8a4e306-06ba369ea1e0.wav,19.4638,7.9424,3.076
ulunas,p305_414_mic2-1ac40a1ce8aa-8566bf2b0a5b.wav,19.3752,9.555,3.45
ulunas,p306_003_mic2-dc16f5b66f20-be55e35a2dbe.wav,27.0629,10.0307,8.83
ulunas,p306_009_mic2-18fc2d057305-888b66258fe8.wav,28.1151,12.2384,6.171
ulunas,p306_025_mic2-442fc2b753cf-1f0bfd877b22.wav,23.6599,11.9227,6.304
ulunas,p306_032_mic2-fd069f269d1a-89a4b86a46d5.wav,23.0113,11.045,4.385
ulunas,p306_045_mic2-1e4b300e400a-3a5d9c3d7372.wav,29.2177,12.2592,4.539
ulunas,p306_046_mic2-2dabf1bcfeb2-6c6309e72311.wav,31.3391,9.3206,4.731
ulunas,p306_090_mic2-805c03545e96-7ee08997b325.wav,31.7668,9.8132,4.982
ulunas,p306_099_mic2-dfc280bdab7b-aac5180f7ede.wav,28.0958,10.5064,5.733
ulunas,p306_104_mic2-1cb09ed5eb82-cb462fa4c6dc.wav,24.8779,10.3314,3.799
ulunas,p306_131_mic2-1ce314f5f452-f7f6bfff65ee.wav,23.6037,9.3934,3.913
ulunas,p306_133_mic2-d11fada9c328-d9e51e7d01a0.wav,24.4109,8.1094,3.76
ulunas,p306_174_mic2-0911aabeb2d0-83c3cb15ee35.wav,29.1318,7.7834,4.143
ulunas,p306_212_mic2-14968857fb21-da7397481f8f.wav,25.1495,10.4007,4.362
ulunas,p306_237_mic2-840d35bec1bb-b046f4749231.wav,22.0541,10.2683,4.626
ulunas,p306_240_mic2-41c7976fbb54-2eb30d54132a.wav,28.7537,10.3282,4.185
ulunas,p306_245_mic2-ddada8d05c12-0aa2850baf0b.wav,31.2052,10.8291,6.378
ulunas,p306_269_mic2-c176778c1ae4-4fa8f0d54280.wav,31.5402,7.7276,5.083
ulunas,p306_322_mic2-03ac1418d43e-477e3f23362c.wav,23.9584,7.8669,6.481
ulunas,p306_335_mic2-f796bce3d7e7-dfe229527884.wav,13.066,9.669,3.991
ulunas,p306_351_mic2-42ab99ba3621-3b86c1882661.wav,29.054,9.16,6.887
ulunas,p307_010_mic2-29eb880caf22-cee123e5e3b7.wav,29.4302,9.3795,4.042
ulunas,p307_011_mic2-4c7bc10db0dd-9e66ab1868c9.wav,29.0847,13.2696,7.541
ulunas,p307_012_mic2-75abde3a45f9-1a74bb7fc9f7.wav,31.1182,11.3545,5.367
ulunas,p307_045_mic2-073958afe0ec-4c434aa9f6fd.wav,34.2236,7.7729,4.991
ulunas,p307_052_mic2-7f51eb24776d-9b1be79997a2.wav,28.1356,9.6587,3.531
ulunas,p307_054_mic2-d2af08e584ee-1faac370fa0c.wav,27.0438,8.8757,4.64
ulunas,p307_055_mic2-cebd107d1de4-03fbe0365182.wav,29.7673,8.1229,4.507
ulunas,p307_058_mic2-c970bc5a8ba1-367613dc1fca.wav,31.1133,8.7366,3.42
ulunas,p307_064_mic2-3e9dcff930fa-c250039471be.wav,30.9963,9.07,5.668
ulunas,p307_065_mic2-5a42ea209ead-56dc062f7743.wav,30.1453,9.6224,6.753
ulunas,p307_092_mic2-34e74ac4e01f-f2a8079ead11.wav,29.2693,9.3883,4.926
ulunas,p307_094_mic2-34969f851ac5-e8e5df52ff62.wav,30.7036,10.9457,4.171
ulunas,p307_106_mic2-c3d4ab7c009f-6c910251095c.wav,22.9747,8.3591,4.312
ulunas,p307_113_mic2-5301dd772e21-486bbe90b249.wav,34.2724,8.8804,4.028
ulunas,p307_118_mic2-c1166bb2c6e8-acd1036bec7b.wav,32.1931,11.0301,4.574
ulunas,p307_147_mic2-f829c6760338-c57a83dd99ec.wav,29.9944,9.254,4.512
ulunas,p307_148_mic2-0e7a35e4c5d4-f74a97754c29.wav,29.8242,10.8511,4.43
ulunas,p307_158_mic2-ace83d467f05-91b24f7e912b.wav,32.0007,10.0594,4.16
ulunas,p307_180_mic1-d704cfc624e9-7db3ddde5bec.wav,23.3421,7.7456,4.991
ulunas,p307_181_mic2-143cc34a77dd-8ec6510ed352.wav,31.5876,8.181,4.381
ulunas,p307_187_mic2-92b61760f068-243ee0f37b1e.wav,26.7695,11.1397,3.707
ulunas,p307_195_mic2-3d824593d16b-8a89f3f5d210.wav,33.3762,9.3176,3.821
ulunas,p307_201_mic2-a3caa8bbb815-b3692f509120.wav,36.5925,5.4516,3.131
ulunas,p307_206_mic2-8cbed831b6ba-0b982bbc5048.wav,28.2963,7.3827,4.327
ulunas,p307_207_mic1-613e80a91133-8172822deb26.wav,27.8434,4.8162,4.952
ulunas,p307_208_mic2-2c7bd51feaae-d52c33ff2094.wav,26.6553,7.2969,3.363
ulunas,p307_217_mic2-609803cd763e-3c27c16baa39.wav,30.0566,8.9008,4.333
ulunas,p307_232_mic2-8b4756879f16-0eecb2ed029b.wav,26.8473,6.2389,3.737
ulunas,p307_245_mic2-c6ef7dd83e87-586c7da17b5b.wav,24.8783,7.0956,4.481
ulunas,p307_254_mic2-5432b419c034-8cf8dacb3779.wav,29.2667,7.4611,3.594
ulunas,p307_258_mic2-83caf11802a4-a8f361dd7940.wav,26.3691,9.4203,4.203
ulunas,p307_262_mic2-abb2bd9e82d2-9efb1ce6ee20.wav,35.1144,7.6582,4.426
ulunas,p307_273_mic2-99a88093ae7d-a0a3b1a8d07c.wav,30.198,9.4907,3.941
ulunas,p307_291_mic2-d4c0483bcd4f-12cfdf73f983.wav,25.6345,8.6807,5.425
ulunas,p307_305_mic2-9061db9c49ba-8b3625e86be0.wav,33.4617,6.1968,4.311
ulunas,p307_313_mic2-a6035dae71fc-0e8e6828cc66.wav,35.7103,8.1784,3.891
ulunas,p307_317_mic2-d4ce80d2dce9-016ca85a548f.wav,28.7413,8.6014,4.287
ulunas,p307_358_mic1-79444a4a26b2-54dfc53b025e.wav,27.1115,5.0771,3.609
ulunas,p307_360_mic2-463d8798594b-504fc4dbe667.wav,24.2344,8.2709,3.135
ulunas,p307_367_mic2-69f667e73669-988a0231b0b2.wav,30.0362,8.5453,3.667
ulunas,p307_373_mic2-72b58c9834c8-2e2273184b15.wav,24.7377,9.5385,3.793
ulunas,p307_419_mic2-2d39f74379e8-2d51afa5e4a4.wav,32.1914,7.5552,3.928
ulunas,p308_043_mic2-3805d06bd6f0-7d404babbf8e.wav,33.0462,10.9682,3.117
ulunas,p308_061_mic2-87a58ebb29b4-31f66f0746a3.wav,30.1522,14.0159,4.353
ulunas,p308_214_mic2-3a307e5a7e56-19ba907264eb.wav,34.3048,11.8591,3.589
ulunas,p308_261_mic2-ec49269eb248-231873c87d11.wav,32.3046,13.566,3.075
ulunas,p308_285_mic2-b843c07e714d-0c8857907fe4.wav,29.6937,12.713,3.329
ulunas,p308_306_mic2-20fc4649e3ed-06a592ac60c1.wav,25.9588,13.9659,3.162
ulunas,p308_377_mic2-bc817e96a4de-958c5ac885a7.wav,26.4633,13.1698,3.499
ulunas,p308_411_mic2-e709c0966297-4941463ad16e.wav,25.7682,12.6715,4.012
ulunas,p308_413_mic2-884d5aa62b4a-32ab75a8d75c.wav,19.9438,11.3104,4.729
ulunas,p308_417_mic2-4a01bb47fd7e-3d1e31af7a25.wav,26.0481,13.6066,3.588
ulunas,p310_008_mic2-146e41af7e83-61dc601feeb6.wav,27.443,4.5767,8.301
ulunas,p310_019_mic2-fee821d37b8f-08d6ac30639e.wav,27.2708,6.8304,7.862
ulunas,p310_021_mic2-9173a93fd3a7-ca7f1a55f353.wav,28.3972,5.4002,10.903
ulunas,p310_032_mic2-3d357f141905-b81ccf014000.wav,24.6004,7.0396,3.856
ulunas,p310_111_mic2-a1616cce0cc1-591252c9fd85.wav,31.6036,5.3442,3.475
ulunas,p310_128_mic2-65fd4af2504b-09dc0b1a078f.wav,27.002,6.0842,3.971
ulunas,p310_145_mic2-3f9798301bf8-3650dda0a536.wav,24.4041,5.7593,3.416
ulunas,p310_164_mic2-a1377df477b1-47ff1003cc40.wav,32.5223,5.6185,3.266
ulunas,p310_229_mic2-6ead4e674554-407435760f98.wav,24.2868,6.6856,3.175
ulunas,p310_278_mic2-90a0a0877162-012fe619159e.wav,27.2583,5.683,4.16
ulunas,p310_282_mic2-984f200c8d69-5ccb99c12dc2.wav,29.7071,5.6272,3.328
ulunas,p310_318_mic2-4b9e4dcaf9d2-ca9de60adc6f.wav,20.4694,4.787,5.168
ulunas,p310_359_mic2-ad7b8bbe95b8-e67081aa22b8.wav,25.0585,6.263,4.683
ulunas,p310_381_mic2-0f0ea7b14c3f-43b2a4e3f74b.wav,23.3012,6.8702,3.161
ulunas,p310_388_mic2-d5d08d0b1932-5accaadb4972.wav,32.2405,6.3142,4.591
ulunas,p310_396_mic2-6f9b4773e0a4-18933b83a814.wav,29.3286,5.6281,3.229
ulunas,p310_416_mic2-f2d9e7ef0ea3-a30d68e522e8.wav,31.2832,5.5466,3.392
ulunas,p310_418_mic2-8c31fb44fcd2-d5d799fad9cf.wav,28.6121,6.2825,3.673
ulunas,p311_007_mic2-bf08b56b03f9-3a34a966279f.wav,32.3271,9.1755,6.119
ulunas,p311_009_mic2-b0a7a0484bd9-349fc3f98675.wav,37.2045,7.2954,4.666
ulunas,p311_011_mic2-2edead142117-8d60e7374c4d.wav,31.783,9.0357,6.468
ulunas,p311_012_mic2-d4e245547d75-d463f020acfd.wav,32.1103,8.4748,5.128
ulunas,p311_020_mic2-a61fd7277433-c691796f74cd.wav,33.8481,8.3904,4.579
ulunas,p311_033_mic2-733ea9b18403-583ae0525d6d.wav,31.1479,7.2951,3.721
ulunas,p311_038_mic2-2e305beb3697-c6bc1e520752.wav,29.2176,8.7221,3.381
ulunas,p311_087_mic2-f57b0c5198c6-08c2f2c57641.wav,32.2287,7.2024,3.577
ulunas,p311_096_mic1-474bc97f4a8d-fec950efaff0.wav,27.8868,6.6703,3.159
ulunas,p311_125_mic2-88381bff03b8-9cb3f3c6eac9.wav,34.1571,9.3379,3.22
ulunas,p311_142_mic1-0496725d8450-b49fd7c9a3f2.wav,27.6666,7.9711,3.464
ulunas,p311_219_mic2-f8700e08debb-55406f17244d.wav,34.3763,8.3909,3.954
ulunas,p311_256_mic2-8477ff8ad5a6-8b698896748a.wav,34.6064,7.865,3.675
ulunas,p311_285_mic1-2836386f9033-4ec9fb918e52.wav,30.7581,5.9599,3.425
ulunas,p311_341_mic1-64a984cbffd0-f6aad86d1eb4.wav,25.7476,5.9642,3.243
ulunas,p311_348_mic1-905da95455e8-336e39149c2a.wav,28.8167,9.5906,3.558
ulunas,p311_348_mic2-7504ee23afe5-f7aafb5ba361.wav,34.0566,7.8641,3.558
ulunas,p311_356_mic1-62cb36b7629f-b55099adbe12.wav,27.7188,11.2746,3.028
ulunas,p311_366_mic2-0f1592c712c6-6f029f46779b.wav,31.0025,8.3307,3.313
ulunas,p311_417_mic2-293ccef3bdbd-a3312315304a.wav,34.9862,8.3368,3.587
ulunas,p312_011_mic1-47c1f15ef145-fee58aa2d176.wav,29.4978,4.1769,7.127
ulunas,p312_027_mic1-1c5e5e5485d5-389cf20e2b72.wav,31.9948,5.2844,4.1
ulunas,p312_058_mic1-7eadfd5db003-c1472c303f9d.wav,26.7448,5.8282,3.246
ulunas,p312_073_mic1-b74a3b8199ad-1694a17562ac.wav,29.4875,4.6923,3.074
ulunas,p312_123_mic1-670bbe3ef441-ae573fd5140c.wav,33.8726,4.1553,3.716
ulunas,p312_182_mic2-f76575668a10-c1288e02df1f.wav,28.8838,6.0575,3.033
ulunas,p312_237_mic1-8c5b9e91c4c6-f240416fc6da.wav,26.7276,4.6905,3.215
ulunas,p312_262_mic1-dcdf14dd3b69-98c5a851eb56.wav,28.0207,4.4687,3.185
ulunas,p312_393_mic1-e34413053ae1-03835facddcb.wav,26.4373,4.5536,3.462
ulunas,p313_003_mic2-84fe2c2123da-f0d7744d57af.wav,26.4572,9.7394,10.134
ulunas,p313_009_mic2-f64b5786d572-b65793a3e8a0.wav,27.051,9.815,5.483
ulunas,p313_010_mic2-0143a10a4be5-635739aec365.wav,26.9786,9.9051,4.923
ulunas,p313_012_mic2-6c72dcd01219-e5bb6b56e299.wav,28.1996,8.8819,7.099
ulunas,p313_015_mic2-2aefa50fcd94-6023448f7895.wav,27.6989,11.1254,6.514
ulunas,p313_019_mic2-41079c571e95-ae54edd064b8.wav,25.0003,10.1029,7.714
ulunas,p313_061_mic2-2a0bb28e185c-308fc9a73da5.wav,26.4429,8.371,4.229
ulunas,p313_068_mic2-febb3a808527-f2254f9b7a33.wav,26.5552,7.953,5.125
ulunas,p313_091_mic2-5d9694949240-4d68061241ef.wav,28.2473,7.7516,5.466
ulunas,p313_134_mic2-fc9c91921f63-b78a58e58a40.wav,26.9797,9.2905,3.329
ulunas,p313_178_mic2-8b498068c897-4a164120608f.wav,31.262,11.2484,3.414
ulunas,p313_196_mic2-4f78842e2808-023e19543844.wav,22.0385,9.7626,3.162
ulunas,p313_243_mic2-f7c4ed278909-8122e9868313.wav,21.3605,9.8122,4.366
ulunas,p313_281_mic2-f831c1848c31-b972c84d7fd6.wav,27.5563,10.1543,4.739
ulunas,p313_355_mic2-e2f3476bbd68-ace068814fb5.wav,27.971,10.9204,4.289
ulunas,p314_006_mic2-cc9beab68b06-6b1bb6d297dd.wav,32.5316,4.8656,6.125
ulunas,p314_008_mic2-0d7f22266bcf-30a101d76bd2.wav,32.0371,7.9851,7.661
ulunas,p314_014_mic2-724711b29a19-ba0abc196f25.wav,31.977,7.6143,5.334
ulunas,p314_044_mic2-f1d3967c7c0d-4f0203d1f363.wav,31.6603,6.5583,4.201
ulunas,p314_053_mic2-f1b4efe2b046-f9c42a5e66bd.wav,32.7068,5.5432,3.118
ulunas,p314_061_mic2-7d2d42c5d5dc-8b0cfd55241c.wav,23.3772,6.4809,3.002
ulunas,p314_092_mic2-83d7e767d8e8-aa5120addb1e.wav,33.328,6.3672,3.545
ulunas,p314_108_mic2-f6593cb61c7f-b2c8cf4ccf6c.wav,29.6853,5.4607,3.331
ulunas,p314_157_mic2-a836c723bb59-311ef3758be0.wav,30.8258,6.0025,3.075
ulunas,p314_212_mic2-70c931bcd590-aaf7ecf3b0ab.wav,35.0037,6.0272,3.913
ulunas,p314_233_mic2-774d4bc239b3-163dc14c817c.wav,31.6785,6.0035,3.545
ulunas,p314_265_mic2-38147553524e-b8d295765bfd.wav,20.2496,6.2417,3.717
ulunas,p314_313_mic2-39db92f8ff43-c22f59bd9782.wav,35.8053,5.7257,3.109
ulunas,p314_327_mic2-46e45ff27d10-b9643c7a38e9.wav,33.5603,5.697,3.76
ulunas,p314_348_mic2-839ca989d15c-12b1b509f705.wav,28.804,6.4403,3.346
ulunas,p314_374_mic2-84b5493f15c8-e41eaa79823f.wav,27.3697,6.5027,3.843
ulunas,p314_407_mic2-448619ea90bb-ce9d3184a6e3.wav,29.2208,6.124,3.14
ulunas,p314_418_mic2-f3309ce64bd4-d3264b3176bc.wav,15.9287,7.4043,3.118
ulunas,p316_069_mic2-7462c0b424f9-92d5f9567141.wav,30.3256,7.8293,3.347
ulunas,p316_138_mic2-7d89d52bbfff-55179b3570ac.wav,32.9144,7.5941,4.095
ulunas,p317_002_mic2-68bd663bbe69-22458d0ed502.wav,31.5605,6.2224,3.286
ulunas,p317_006_mic2-1ec87c5b5389-720c1ee31413.wav,29.3418,6.9273,6.679
ulunas,p317_015_mic2-6aebea204691-d56da3f2c21d.wav,24.9856,10.0865,6.314
ulunas,p317_021_mic2-28ba365e4a12-2d77763e544e.wav,32.4999,8.5105,9.713
ulunas,p317_030_mic2-48736dd2332c-652c06bdebcf.wav,29.7083,7.293,3.459
ulunas,p317_049_mic2-3d76cdd1d451-3674f86766bd.wav,35.5049,9.0762,3.429
ulunas,p317_053_mic2-b609ad9c8d16-9e658e5c61ca.wav,31.6177,6.1185,3.103
ulunas,p317_074_mic2-bb5ef71a4eba-d0db4394d16d.wav,33.0131,7.1986,3.616
ulunas,p317_096_mic2-8fa97cb6cea3-8ad721c76152.wav,31.3848,8.3036,3.118
ulunas,p317_202_mic2-80bade36947f-717a0e30a698.wav,28.9308,7.9585,3.31
ulunas,p317_209_mic2-9d4664d97b18-4f663ee1058a.wav,27.1626,7.6814,3.02
ulunas,p317_210_mic2-35e75cca2659-56f08a62b0bc.wav,30.238,6.3014,3.898
ulunas,p317_224_mic2-682904ec1ff8-ffb3a59c48f6.wav,20.2356,7.3086,4.112
ulunas,p317_258_mic2-a74c238195fb-f185366bcf78.wav,30.1809,7.1027,3.842
ulunas,p317_266_mic2-4bd5eab55c28-b65ae9cf9fd1.wav,31.1295,8.162,3.059
ulunas,p317_270_mic2-71117af3c614-dfc6a45b41ab.wav,30.7961,9.8403,4.069
ulunas,p317_287_mic2-caa4301c3a1b-d1af3cb003db.wav,26.4984,6.4346,4.854
ulunas,p317_333_mic2-1f62e083cb65-b621232859a9.wav,28.2521,6.9653,3.925
ulunas,p317_391_mic2-a76e0f2d7884-87f8953e3151.wav,28.6882,7.6996,3.221
ulunas,p317_420_mic2-fb7a492dc8d6-9b4215d661ed.wav,36.704,6.4907,3.692
ulunas,p318_015_mic2-3c5b6e3d2161-11619430f5cf.wav,30.7488,7.0547,6.331
ulunas,p318_037_mic2-fd4561406829-d079ce5d22fe.wav,32.8241,5.9094,4.192
ulunas,p318_068_mic2-820bd9c8157f-1d0d2c58f982.wav,32.1933,7.0606,4.014
ulunas,p318_069_mic1-14ad94395f57-57c4c417c58e.wav,29.7075,4.3788,4.473
ulunas,p318_087_mic2-cf05ef5bd6f8-fb8171716d40.wav,30.2515,6.9018,3.756
ulunas,p318_091_mic2-c4a9615d61fd-7c5dae637f4f.wav,32.6429,7.0964,3.715
ulunas,p318_108_mic2-522c37c02730-48d5bfa93bc2.wav,28.6343,7.4156,3.612
ulunas,p318_121_mic2-a0ad0f5075a6-ac19caa628cb.wav,33.4171,7.7172,3.074
ulunas,p318_137_mic2-b616c55c9d3e-bd34ed633625.wav,35.5069,6.9533,4.184
ulunas,p318_158_mic2-12dfd6b8f895-33caac451390.wav,28.5154,6.1074,3.171
ulunas,p318_233_mic2-3f2b6576b365-f07b92eaea3f.wav,32.2007,5.9521,3.201
ulunas,p318_240_mic2-4d610e84c1f5-692b65af777b.wav,33.3448,7.5223,3.253
ulunas,p318_243_mic2-7213ca399d56-e77ca307ed74.wav,32.9863,5.4433,3.845
ulunas,p318_279_mic2-11c41f5c2162-c364fabcf604.wav,32.0184,5.8807,3.167
ulunas,p318_296_mic2-497b5f520d09-2d51fd47edb1.wav,33.4959,6.3116,3.503
ulunas,p318_330_mic2-007c9fb1c1ad-6221b13fc05c.wav,26.2947,8.2056,3.286
ulunas,p318_331_mic2-aa438a9255cc-baa8def695b9.wav,27.0064,8.0252,3.461
ulunas,p318_350_mic2-bc9bcbdef1d1-d6afea2d314e.wav,32.7321,7.1829,3.325
ulunas,p318_366_mic2-5a75644a5a58-bf533a6285a3.wav,34.0912,7.1472,3.338
ulunas,p318_368_mic1-b37b2681c421-374c52cbafb1.wav,27.3874,5.2183,3.841
ulunas,p318_369_mic1-b8ccaa6d1db6-0388122ac147.wav,28.7213,4.307,3.717
ulunas,p318_397_mic1-2938645fd0fd-039e071df2c2.wav,29.8311,4.767,3.291
ulunas,p323_002_mic1-21af596a9cee-f679576ecdd1.wav,29.1937,5.3178,3.629
ulunas,p323_009_mic2-0aa71fc215a9-8c2fd39e928a.wav,33.6681,5.735,6.677
ulunas,p323_026_mic1-7c90c602dd94-f9136f82bf64.wav,31.3242,4.6824,3.717
ulunas,p323_028_mic2-9123bcce49ae-0e7819ba763b.wav,16.3117,7.6597,3.033
ulunas,p323_030_mic2-bdf1a59fe35e-a31165421c3e.wav,31.314,6.6716,3.118
ulunas,p323_067_mic2-6e2794bd0e53-c090620333db.wav,32.681,7.0362,3.504
ulunas,p323_068_mic1-6657a43b93d3-365d5979b8d7.wav,29.7347,4.9958,3.418
ulunas,p323_087_mic2-4f261fc6cc73-3581fe715903.wav,34.1658,6.5457,3.794
ulunas,p323_089_mic1-3b45f3205ff8-132fbfed3119.wav,29.4034,5.6138,3.887
ulunas,p323_091_mic2-d183fce3a81e-f8bc6e7921d5.wav,24.0912,7.6192,4.271
ulunas,p323_106_mic1-5a5b3cd1c6a3-2776a681378e.wav,27.1528,5.9226,3.458
ulunas,p323_108_mic2-2d3351bb5a6f-2c927e2d3eb3.wav,30.0929,5.9721,3.417
ulunas,p323_140_mic1-daf39ee721ce-59f2718f3873.wav,29.1494,5.9921,4.229
ulunas,p323_142_mic2-79351212c632-9413636b14ef.wav,36.1985,5.1191,3.372
ulunas,p323_156_mic2-9525e34dbaa9-35952c7e1165.wav,23.5936,6.7939,3.628
ulunas,p323_195_mic2-1b3303d8abdb-840b9ecccf01.wav,37.3567,5.6819,4.098
ulunas,p323_205_mic2-af0b1f3fc9d6-34f5f4e4fda3.wav,27.9061,5.3521,3.29
ulunas,p323_211_mic2-e5c189dfaf2d-55aaa3283e65.wav,27.7339,6.314,4.44
ulunas,p323_218_mic2-43fe9be96066-94f139a503b0.wav,21.2452,7.7679,3.077
ulunas,p323_219_mic2-349a7f746e23-ceaf1004e958.wav,25.0659,6.8585,3.204
ulunas,p323_235_mic2-43f9fbe13a23-c4f0e2e42ad5.wav,30.9081,7.8791,3.245
ulunas,p323_236_mic2-9f7aacb84c55-0eee51d1572f.wav,24.6446,6.7886,3.802
ulunas,p323_258_mic1-1db3ece2e523-023820073752.wav,30.0221,4.5497,4.27
ulunas,p323_298_mic2-e24057bc8bf2-e5fcc23cd07a.wav,28.7589,6.1775,3.077
ulunas,p323_324_mic1-82091ace9787-ee9a025a84e6.wav,29.1375,5.4691,3.544
ulunas,p323_337_mic1-a56ce3b897b8-ba6b23aebab9.wav,28.9173,5.7091,4.439
ulunas,p323_343_mic2-cff31e157c57-310f9ad0374a.wav,36.503,6.0654,3.263
ulunas,p323_345_mic2-9aa86be956ad-1ae3b04ba8c5.wav,32.7172,6.5369,3.16
ulunas,p323_360_mic1-475d3dc29a87-83a355cb50d4.wav,23.3146,5.4076,3.543
ulunas,p323_390_mic1-912a35531aac-0b5f1e92a9e5.wav,26.3031,4.742,3.631
ulunas,p323_404_mic2-608d664e4452-d40fa5bd7f28.wav,29.0604,5.8199,3.539
ulunas,p323_410_mic1-62115a0c7f60-97fc43c2faf6.wav,29.7771,4.5961,3.374
ulunas,p326_003_mic2-7b4ecc711f07-e0a1f15debf4.wav,33.9453,8.2308,7.0
ulunas,p326_021_mic2-6a262ecda034-d327fdf79dd1.wav,35.4443,10.7818,8.927
ulunas,p326_037_mic2-2bd721ba4b0c-b56512c91804.wav,29.8288,8.6644,3.616
ulunas,p326_052_mic2-f66ae22251f8-eab65b2ab05e.wav,30.0801,11.343,3.31
ulunas,p326_176_mic2-c2cb40bc7598-a2b836a53762.wav,29.0128,11.0575,4.066
ulunas,p326_210_mic2-70494d0f8349-598f029c7335.wav,33.8808,12.0119,4.353
ulunas,p326_286_mic2-74636dcee9a6-f82a4cec9181.wav,27.9259,9.678,3.263
ulunas,p326_346_mic2-aeb487b06af5-4a145b47d06e.wav,30.1915,10.9853,3.61
ulunas,p326_351_mic2-59259b206e08-b56d671d7b02.wav,32.6381,11.4173,3.756
ulunas,p326_353_mic2-71ac62deae8c-280af415c665.wav,30.2849,9.9063,3.577
ulunas,p326_384_mic2-bbe27af3a98c-d0c6dcba6c80.wav,33.1983,11.5855,3.372
ulunas,p329_028_mic2-d94d52736e58-b54b44d169f2.wav,35.8498,5.0234,4.926
ulunas,p329_058_mic2-7d6ece49bd9a-dd8f18034b9c.wav,26.071,7.7011,3.182
ulunas,p329_072_mic2-e811fff32354-e31d78548595.wav,26.874,6.3311,4.065
ulunas,p329_086_mic2-0b667d5769fb-4b5310ee98e0.wav,38.2986,6.4266,3.052
ulunas,p329_102_mic2-767a7e9f9959-dd6b1f7e3070.wav,30.4136,6.7852,3.73
ulunas,p329_111_mic2-62add0a80925-eeeca40d4356.wav,29.8289,5.9798,3.23
ulunas,p329_133_mic2-5954033d80c2-4f5dda3d0c4e.wav,23.1283,6.0211,5.126
ulunas,p329_138_mic2-032999ea4092-e8c61f16a4ee.wav,30.5703,6.8763,3.581
ulunas,p329_212_mic2-55c09ce8bcd1-a3faf9732767.wav,29.9172,10.0552,3.287
ulunas,p329_226_mic2-8a5323946a02-4c94866b1169.wav,26.9071,7.5172,3.41
ulunas,p329_252_mic2-6e001b6b6424-f445fa680438.wav,29.8528,8.3542,3.055
ulunas,p329_267_mic2-78efa15cbd3c-bb710071a74b.wav,26.3943,7.553,3.194
ulunas,p329_271_mic2-5b673d4fd0d5-e18028c8d3e6.wav,20.9091,7.0461,3.757
ulunas,p329_273_mic2-25c026ee8e33-71df64548e9d.wav,28.661,9.578,3.288
ulunas,p329_327_mic2-08aaa6b071af-916f8a431560.wav,31.9033,7.3224,3.519
ulunas,p329_343_mic2-9df8278522d0-60f4002b2c4c.wav,24.3582,7.3255,3.504
ulunas,p329_345_mic2-7947bfa2552b-2e0b05a59a49.wav,23.4449,7.3341,4.377
ulunas,p329_350_mic2-aff23e8be32b-f268c11b5c50.wav,28.3748,5.7118,3.019
ulunas,p329_358_mic2-23b00e567d7a-e39db28c932f.wav,30.3322,6.2166,3.385
ulunas,p329_366_mic2-b735e7ef81a0-5df12f136f37.wav,28.5965,10.4783,3.738
ulunas,p329_374_mic2-0afe58fe47a5-24eaec389d14.wav,26.5016,6.9745,3.087
ulunas,p330_301_mic2-60a4a6109706-38545093caa0.wav,23.7153,10.4295,3.567
ulunas,p330_318_mic2-b544013e734e-2fd182550713.wav,22.9199,9.3157,3.934
ulunas,p330_341_mic2-fedfb9dffc19-2599bd003165.wav,20.6258,9.7538,3.803
ulunas,p330_413_mic2-f749dd84cfba-5a2906ea43c3.wav,21.8273,8.6661,3.245
ulunas,p333_012_mic2-755a0e92d6d2-1aee457a000f.wav,26.614,8.3361,4.418
ulunas,p333_016_mic1-55eb67fbd047-d740bb896341.wav,24.6859,5.1418,5.849
ulunas,p333_017_mic2-033ce0ef1cd6-e53c0c219691.wav,23.7034,9.6769,3.419
ulunas,p333_021_mic2-0c82077f6491-f1c321c65383.wav,25.7156,10.3361,8.41
ulunas,p333_109_mic1-31cf2a0696af-5641ffd8e49c.wav,27.9364,7.0456,3.63
ulunas,p333_125_mic2-1b91769ca400-f846d57f4b39.wav,32.1475,8.6331,3.033
ulunas,p333_140_mic2-e9824cc9ed4d-af1e99f5bec8.wav,25.6441,7.152,3.799
ulunas,p333_173_mic1-eacfc6830946-6f54a1c92f1f.wav,25.1901,6.2795,3.801
ulunas,p333_233_mic2-f9694e1571f1-ce9fe78f85e6.wav,31.3891,9.1383,3.332
ulunas,p333_234_mic2-a3f330d27cb8-f52c18432d60.wav,29.7614,10.5285,3.586
ulunas,p333_311_mic2-fa0bb84958f1-cf6a1d464aa3.wav,27.3049,9.462,3.457
ulunas,p333_316_mic2-0ff9e8e3948f-e87eba764a27.wav,26.7722,9.174,3.969
ulunas,p333_353_mic2-9ed6ef656237-af016b3da5dd.wav,28.1868,9.4262,3.544
ulunas,p333_370_mic1-670b91bcb4ed-2a2de7a2c0f7.wav,26.663,5.3751,3.544
ulunas,p333_407_mic2-25ebbfc3e8fe-308ae7eb2d0f.wav,29.2867,5.9982,4.054
ulunas,p333_416_mic1-c7057af768a7-4f3a1111d8e5.wav,30.7049,4.0624,3.458
ulunas,p334_054_mic2-9a48743d6ca6-2828cdcbc864.wav,30.32,6.7047,3.479
ulunas,p334_074_mic2-e7dddb0f29c9-bba663cdeeb7.wav,31.0063,6.2645,3.21
ulunas,p334_098_mic2-b93c320f357a-a1f856b757cc.wav,31.2248,8.158,3.205
ulunas,p334_162_mic2-02d76155a91b-3da991d27b84.wav,31.2525,7.5008,3.149
ulunas,p334_197_mic2-5f8b18193656-9aed58df10bb.wav,31.5558,7.243,3.332
ulunas,p334_199_mic2-e19eb7325bde-08391ff5286e.wav,27.3349,6.6298,3.671
ulunas,p334_205_mic2-a6bba63798ba-acac77b98eb3.wav,32.9859,6.0053,3.289
ulunas,p334_228_mic2-7fba63b85179-a1603d781743.wav,23.4258,8.4888,3.248
ulunas,p334_239_mic2-1bedcfd6b267-2dfba8a81502.wav,27.9936,8.0921,3.408
ulunas,p334_240_mic2-d3f2386d6e2e-6dc5c09d4f16.wav,28.9154,6.1547,3.446
ulunas,p334_265_mic2-378e23122452-3aaed124cb28.wav,27.8577,7.0666,3.203
ulunas,p334_324_mic2-ce31cdc20a73-64f95473c443.wav,31.8421,7.6579,3.245
ulunas,p334_407_mic2-c6ed284eb6a3-1f5838aec86b.wav,28.9892,7.387,3.461
ulunas,p334_411_mic2-c8bbbbe786f9-b5b461ca8305.wav,31.0408,5.5711,3.161
ulunas,p335_036_mic2-3004f8cf6827-8d5b29143bdf.wav,28.7595,6.4801,4.321
ulunas,p335_042_mic2-d9b19698c64c-817d4d2ced59.wav,30.7781,6.1475,4.979
ulunas,p335_084_mic2-48403f189c74-6376b8be84ce.wav,25.6842,6.8786,3.375
ulunas,p335_087_mic2-94b9c37956c4-5bf97c5936f7.wav,23.2846,5.91,3.686
ulunas,p335_095_mic2-02c0b13f0446-16d694d27a5a.wav,33.235,6.2536,3.081
ulunas,p335_141_mic2-d475615e4bbd-842eaeff6e06.wav,31.3496,6.0326,3.544
ulunas,p335_152_mic2-501d4bc4264e-5959b33aa6c4.wav,19.4715,7.6761,3.29
ulunas,p335_173_mic2-ecb8466327be-4126e3ed6177.wav,33.1118,5.6211,3.341
ulunas,p335_178_mic2-58103afff6f1-668a8139a899.wav,22.1038,6.3075,4.61
ulunas,p335_233_mic2-06627696801f-244c061e790c.wav,34.1184,6.4021,3.004
ulunas,p335_245_mic2-fa330d7edd12-be309a2b6c03.wav,23.9265,8.1872,3.275
ulunas,p335_253_mic2-7059ab3d0baa-e4743be5869f.wav,32.9168,6.3851,3.624
ulunas,p335_259_mic2-13ff6b2e5fcf-f63fa84d194e.wav,31.2338,6.1948,4.713
ulunas,p335_278_mic2-d2db24e043cf-b66ece0ea15c.wav,32.1578,6.8625,3.201
ulunas,p335_309_mic2-db6086708f6f-4b04830d52d4.wav,28.4195,6.5828,4.396
ulunas,p335_323_mic2-6e54641355a8-a0629c7e9c22.wav,34.4919,6.046,4.484
ulunas,p335_328_mic2-9027b824dd20-758b5c99e428.wav,34.8854,7.0754,4.293
ulunas,p335_341_mic2-6a3113d4665b-f3b88b98df4a.wav,27.941,5.5944,4.312
ulunas,p335_352_mic2-a17d40eb20be-06289522cc98.wav,31.997,6.1081,3.287
ulunas,p335_356_mic2-177c6e9b2dc6-bbc56786a2f7.wav,32.0444,7.4042,3.743
ulunas,p335_359_mic2-ec3691e688f0-7ada514e9934.wav,21.6539,6.607,3.131
ulunas,p335_371_mic2-e3256fa349ab-bb7fd0329226.wav,32.2951,5.9069,4.222
ulunas,p335_373_mic2-cb2fe6f09236-f68176240e78.wav,30.694,5.8843,3.36
ulunas,p335_378_mic2-4b2622fa3f1b-9c368671f372.wav,27.8396,6.0793,4.035
ulunas,p335_382_mic2-8db02164fd02-0ab125a03b0c.wav,32.2275,5.7247,4.305
ulunas,p335_388_mic2-c409b1f3f552-9063e964e272.wav,26.6272,6.4283,3.758
ulunas,p335_400_mic2-3ae40ce9557e-2ccef9d06748.wav,28.8468,9.0773,3.317
ulunas,p335_401_mic2-8ea006a70b9e-6b4f7a649300.wav,28.9529,6.0327,4.13
ulunas,p335_409_mic2-ed7ca22c4e7d-4f706bb3291d.wav,24.8556,7.9207,4.363
ulunas,p335_410_mic2-a77a5456643e-2caba7e15f19.wav,24.9114,7.2337,4.21
ulunas,p335_422_mic2-96aa4d3352fb-32b747bc5d83.wav,35.6098,7.2184,3.087
ulunas,p336_014_mic2-d1010b1693ab-05047d90ef4d.wav,21.9911,7.8879,5.316
ulunas,p336_063_mic2-0aebd707dc36-24ca1e0b615e.wav,17.912,5.7866,3.247
ulunas,p336_079_mic2-9bf60d773c19-268a1083b8e8.wav,22.6837,6.5138,3.889
ulunas,p336_080_mic2-5ddb26251c71-1d685e9eccef.wav,25.5286,7.024,3.406
ulunas,p336_083_mic2-5e148261b884-0f8d0c5745dd.wav,28.1686,7.9159,3.066
ulunas,p336_138_mic2-ea24fb86f056-147f866c5df3.wav,29.6498,5.2548,3.034
ulunas,p336_142_mic2-c1d885a0626c-ea3c3df3be05.wav,22.5778,9.1017,3.085
ulunas,p336_160_mic2-00d7b3a91dec-76098f741c6b.wav,32.7669,7.509,3.204
ulunas,p336_204_mic2-b5196ed4fd8e-c041ace36a98.wav,19.4453,7.8672,3.074
ulunas,p336_245_mic2-695564fc5bcd-eaf0eee2f95e.wav,29.7059,5.4011,3.202
ulunas,p336_283_mic2-6b82282b1d26-bc35959ca714.wav,26.9271,5.8525,3.247
ulunas,p336_308_mic2-78823517671a-65288fc52c0b.wav,29.2974,5.4424,3.03
ulunas,p339_005_mic2-1901a9a5c2ff-fd0178726ca7.wav,33.3274,5.8585,6.617
ulunas,p339_012_mic2-0111cc0526fc-f8700cef0e77.wav,30.2341,4.7631,5.281
ulunas,p339_021_mic2-99127ddaacbf-8cc1a84edc40.wav,30.8295,6.1947,9.686
ulunas,p339_179_mic2-9c9d36655420-2f8441a5dd16.wav,33.4686,8.3014,3.317
ulunas,p339_244_mic2-6d2776b35195-98862658a60e.wav,17.0814,9.5324,3.653
ulunas,p339_254_mic2-7b387ef467dc-c7a8ef19789e.wav,24.4731,6.9364,3.06
ulunas,p339_292_mic2-48d3e61e7838-92df3858e1d3.wav,26.2822,6.7717,3.288
ulunas,p339_358_mic1-b16ae6f5093d-7a1192ec5e78.wav,29.8848,4.2394,3.577
ulunas,p340_004_mic2-66aa41e04f87-cbfaaeadfe6c.wav,30.5986,7.4857,4.237
ulunas,p340_005_mic2-8e0ce6418fea-dcd409838f1a.wav,22.3991,7.9424,5.265
ulunas,p340_011_mic2-bcb34fbf8d58-21f0563e6950.wav,30.6949,7.8394,6.529
ulunas,p340_016_mic2-64298e865652-e2a81c8ce4de.wav,32.6873,7.2947,5.969
ulunas,p340_078_mic2-d91beea97eff-5a813af9c392.wav,26.8387,8.6609,3.162
ulunas,p340_141_mic2-1b26dc375ef8-3af452c9e027.wav,27.137,6.4206,3.372
ulunas,p340_146_mic2-794e88b90e03-942994494539.wav,25.951,6.6574,3.629
ulunas,p340_210_mic2-f64c28650c81-0a78d0272273.wav,33.5165,6.9643,3.33
ulunas,p341_008_mic2-bf14036cdedb-64cccb2ae025.wav,34.0138,7.9062,9.518
ulunas,p341_009_mic2-fb343ba8d4ae-cd9506cedf6a.wav,28.9924,6.9734,6.26
ulunas,p341_071_mic2-9ff5a4ebb3ca-79b6bf49b5f9.wav,28.0106,8.8545,5.307
ulunas,p341_086_mic2-08bafeaf40ca-26b7c64bb059.wav,30.8291,6.6154,3.03
ulunas,p341_093_mic2-02b0ae5b9a02-0d7eccd0a007.wav,28.6618,6.6543,3.959
ulunas,p341_111_mic2-84ac973c99f0-6454a8e2ba63.wav,31.091,6.6033,4.222
ulunas,p341_112_mic2-a6c2ad7e5e1e-8d1aea678950.wav,20.1792,5.7018,3.165
ulunas,p341_119_mic2-f18706338705-9c241b71dbf1.wav,34.302,6.6235,4.362
ulunas,p341_134_mic2-c5d4f03d32ce-aaf53ba634ea.wav,30.8849,5.6528,5.242
ulunas,p341_154_mic2-760b52d971d1-aa214149562b.wav,35.543,7.6667,3.818
ulunas,p341_170_mic2-57f37af843d3-4c81a5c261b8.wav,28.0883,6.9739,4.721
ulunas,p341_171_mic2-ddc7907618cc-e831e9231a8d.wav,30.543,7.2205,4.362
ulunas,p341_196_mic2-9a79e65e42a0-d93a0ca597f2.wav,30.71,6.2294,4.857
ulunas,p341_201_mic2-4ad89861c977-4a7d09082057.wav,31.3913,6.905,4.14
ulunas,p341_233_mic2-d3b04603740b-00a928fc4e2b.wav,22.1465,10.4079,4.689
ulunas,p341_238_mic2-5eed4513c525-812cd213d83a.wav,30.3163,8.06,3.357
ulunas,p341_252_mic2-10918ba88175-d69c4f2c8a92.wav,32.0724,7.3481,3.47
ulunas,p341_253_mic2-234aaddf4d05-f4a6053ebf05.wav,29.1408,7.9107,3.762
ulunas,p341_304_mic2-4eea83d394df-a81ca41f83a1.wav,33.2886,7.9117,4.343
ulunas,p341_323_mic2-957719b85f7c-7769648fe023.wav,32.1962,8.8499,4.019
ulunas,p341_375_mic2-cdb07eb12837-c1353c98ef38.wav,24.8346,7.0446,3.529
ulunas,p341_393_mic2-05bc6242b1c2-b03b582cdbb7.wav,31.0588,8.4419,4.281
ulunas,p343_362_mic2-53432a63d6d9-2711d9827343.wav,33.3959,12.365,3.843
ulunas,p345_057_mic2-caf70a7faac0-556d679dba68.wav,36.5959,6.1494,3.045
ulunas,p345_132_mic2-80ec518d99b1-e6998053d942.wav,24.2629,5.6749,3.802
ulunas,p345_150_mic2-64ebc96c02de-fb1d0c0d32c5.wav,31.111,6.7194,3.17
ulunas,p345_189_mic2-f5a4ad3f789a-643a3c124e8c.wav,36.5702,4.2158,4.95
ulunas,p345_233_mic2-5476f3b8cd19-fbdf4629753a.wav,28.466,4.4101,3.373
ulunas,p345_243_mic2-b8c8d955baf7-70aef6667d6e.wav,28.3148,6.9463,3.328
ulunas,p345_246_mic2-96603139a436-7f12c9422c68.wav,33.025,5.1375,6.104
ulunas,p345_260_mic2-e5ed6189ade8-86acc4db06db.wav,34.0542,5.5189,3.914
ulunas,p345_269_mic2-b92be7175f06-ee8bd841cf45.wav,33.0916,4.6768,5.38
ulunas,p345_273_mic2-ed910c84dbda-c5e1ef17f7c7.wav,27.1621,6.4996,3.16
ulunas,p345_293_mic2-f3373379bde6-f5ad951a59f6.wav,30.2168,4.7046,3.204
ulunas,p345_333_mic1-2e83396fe42a-06b2fd1c5700.wav,27.3499,5.7824,3.106
ulunas,p347_020_mic2-95681ceb7189-104d86ef5448.wav,33.2811,7.8072,4.868
ulunas,p347_033_mic2-5d47882a3ac2-391696120b34.wav,26.975,7.3133,3.849
ulunas,p347_037_mic2-fded760babba-182691145e8f.wav,29.4606,9.6963,3.246
ulunas,p347_072_mic2-5c8f34607a39-15e0c7a19f30.wav,35.7702,6.9171,3.798
ulunas,p347_140_mic2-1901086ae315-20709e56d1fa.wav,29.0531,9.5728,3.46
ulunas,p347_277_mic2-faf0a49ccbf7-06afabc330a9.wav,30.8079,6.3095,3.823
ulunas,p347_283_mic2-65c8c630067e-251f91408638.wav,31.3627,6.991,3.207
ulunas,p347_285_mic2-e45d1d11a527-4b7ad85f3084.wav,29.3595,7.3467,3.713
ulunas,p347_291_mic2-b5f81dd815f5-a1338e9067c9.wav,33.8535,9.1363,4.438
ulunas,p347_293_mic2-1162b2f79b53-52104d4bd5d5.wav,30.6489,5.9578,3.456
ulunas,p347_295_mic2-de5beff75db1-265baacda695.wav,33.4919,7.4415,3.074
ulunas,p347_311_mic2-7f91691829d5-b04a61877423.wav,30.303,7.5069,3.022
ulunas,p347_320_mic2-dac6bf1ebe33-3b445c71f40d.wav,28.768,6.2304,3.886
ulunas,p347_327_mic2-b34d99bf02c0-52ebfae00914.wav,29.1664,6.9984,3.447
ulunas,p347_376_mic2-6763eea7e73b-2b4872119c91.wav,31.243,8.0961,4.354
ulunas,p347_395_mic2-fe17f1f2860b-6575a6fc348a.wav,31.9948,8.0382,3.359
ulunas,p347_414_mic2-327c9b8e2523-2a2aa127ba90.wav,33.98,8.6184,3.415
ulunas,p347_416_mic2-c7eb3d923d4b-01060c03f092.wav,33.2037,7.0945,3.63
ulunas,p351_003_mic2-1fcf0f7a70dc-36ea9d379982.wav,26.6229,10.8174,7.241
ulunas,p351_018_mic2-242e96168cd4-adb6d01254b5.wav,29.9754,11.453,5.644
ulunas,p351_088_mic2-4113897d6c3c-a2a251bad08f.wav,29.5481,10.5661,3.418
ulunas,p351_097_mic2-3bf1ee7a519c-a0e0815d0c1b.wav,28.8158,10.3063,4.047
ulunas,p351_100_mic2-80ec6b83534e-b62c44fd0886.wav,25.7246,10.8355,3.517
ulunas,p351_119_mic2-33b201654d50-15db43c83e84.wav,24.9981,7.3159,3.041
ulunas,p351_127_mic2-e0f2b9feca6a-692d03bc2e6c.wav,26.0457,11.4693,3.168
ulunas,p351_191_mic2-e46f76c6c133-5756cd2a8a6c.wav,23.9757,10.9256,3.639
ulunas,p351_196_mic2-676861a831cb-16b63eb49169.wav,26.1632,10.1472,3.976
ulunas,p351_264_mic2-7e5c0fe9069a-6ddc2da67465.wav,25.0821,8.8025,3.622
ulunas,p351_320_mic2-0f2889311954-5b5741578ee1.wav,28.5821,10.7933,3.146
ulunas,p360_024_mic1-3a1944c43011-1a3ebfc2b14f.wav,25.1613,6.5127,7.107
ulunas,p360_068_mic2-440e0bc4695d-580602d35c00.wav,29.2009,14.2549,3.353
ulunas,p361_060_mic2-b9d89dc4cab1-459447258e0e.wav,24.6667,15.3352,3.673
ulunas,p361_076_mic2-a1569163b99c-24e51a2a764a.wav,29.648,9.0029,4.608
ulunas,p361_135_mic2-3bb53abe05d4-07bd77bd3062.wav,29.9759,9.8497,3.041
ulunas,p361_232_mic2-8fb7823a8397-be4b43be7bbc.wav,24.7952,11.1017,3.576
ulunas,p361_233_mic2-cc591323c240-8643ec5bd502.wav,29.1136,10.0686,3.052
ulunas,p361_325_mic2-90a79df00ec1-5fbe6d541770.wav,32.2236,10.7007,3.124
ulunas,p361_336_mic2-8d4aaeabc3e0-79ae08f95fc5.wav,26.368,15.6795,3.042
ulunas,p362_321_mic2-811c6f6d429a-90cf2043deb9.wav,32.3329,6.4519,3.119
ulunas,p363_005_mic2-6632fd3b605d-34b1e609602e.wav,27.134,13.4873,6.81
ulunas,p363_029_mic2-b9ffd0cd1b08-92f8ca0d3823.wav,25.5349,14.0072,3.182
ulunas,p363_072_mic2-014580fd683e-606a6f895d9f.wav,32.3849,9.1605,3.115
ulunas,p363_274_mic2-fabd86cd9960-3562d353d919.wav,28.1376,12.7125,3.418
ulunas,p363_423_mic2-1ad4a6c9705b-0fb3d13e1641.wav,30.1918,10.7975,3.15
ulunas,p364_014_mic2-a7de1bacda06-b21bc4110082.wav,34.6418,17.5521,5.194
ulunas,p364_026_mic2-0b2c5f88c130-58f00d4ab0af.wav,27.075,15.0793,4.004
ulunas,p364_030_mic2-97a840333e84-a16493ba4120.wav,29.8703,13.1506,3.869
ulunas,p364_038_mic2-7a2e89a4c4f9-7b734525cc55.wav,32.6908,15.232,3.439
ulunas,p364_069_mic2-b7c698a0ab3d-0bac4ed1f696.wav,33.1884,12.6993,3.104
ulunas,p364_079_mic2-22a25014c8a6-a3d8abba3140.wav,26.1692,12.8265,3.06
ulunas,p364_206_mic2-a19747169550-3e464aa3c8bc.wav,31.4917,15.1305,3.093
ulunas,p374_023_mic2-c0ea9a20b019-d176a2dc7158.wav,24.8173,5.2708,13.109
ulunas,p374_083_mic2-29b0c6dc5c20-12d17efc72c3.wav,31.5664,6.8152,3.549
ulunas,p374_133_mic2-39afd5a5b171-09aedb08fe23.wav,26.0963,7.0556,3.638
ulunas,p374_208_mic2-232bd75a5154-e2a0a51a7278.wav,26.2256,7.0149,3.286
ulunas,p374_211_mic2-ba872178e4b7-414f25279e25.wav,33.1308,6.1398,3.231
ulunas,p374_310_mic2-bc71787d9a3d-1cab588e5dff.wav,27.05,8.6266,4.128
ulunas,p374_387_mic2-27c57a943d8d-92b7875b464c.wav,33.2996,6.5214,3.051
ulunas,p376_346_mic2-2fa25d2a9a25-c8ff8161f43f.wav,32.5219,11.8698,3.213
gtcrn,p225_008_mic1-59f91c49779a-91837fa46750.wav,30.0342,6.1375,7.648
gtcrn,p225_046_mic2-da535b0a1810-0c5e94966c09.wav,26.1068,8.7965,3.16
gtcrn,p225_264_mic2-66e13cbe7664-603f92effc5c.wav,28.0725,9.6678,3.664
gtcrn,p227_027_mic1-12a90df9c17b-4595663829b8.wav,27.6478,8.689,3.033
gtcrn,p227_086_mic1-f8cebac24ffb-b153d12f39c0.wav,25.2186,8.034,3.071
gtcrn,p227_236_mic1-54a48991de5d-fecf7711eeec.wav,26.5993,10.2798,3.649
gtcrn,p227_357_mic1-53509e8e5c46-e5ea89bc3663.wav,24.9106,6.1446,4.573
gtcrn,p228_012_mic2-b9d89ff8c2e3-122d9b92008f.wav,27.4885,7.0005,5.099
gtcrn,p228_077_mic2-9e4995b9a63c-084ecf6a0417.wav,28.8702,10.2243,3.45
gtcrn,p228_084_mic2-5ffb128688c2-acfd6b5f3163.wav,31.981,9.4628,4.611
gtcrn,p228_115_mic2-75446df0418c-f4558b4ef84d.wav,29.3171,8.7494,3.542
gtcrn,p228_177_mic2-730112f85b97-bf911a1752d7.wav,27.5224,10.0747,3.259
gtcrn,p228_178_mic2-5c256c52fae5-fc29a34f1764.wav,22.2465,10.9806,3.894
gtcrn,p228_212_mic2-df6d3e0199fa-86687bc87d39.wav,26.0545,13.0304,3.133
gtcrn,p228_224_mic2-85c2c4f5d874-2610f979d573.wav,29.2849,10.9327,4.771
gtcrn,p228_256_mic2-6bdc7136c06f-77a70a91d188.wav,30.6973,11.1668,4.811
gtcrn,p228_313_mic2-9f808a4d5adb-ce1322a1229e.wav,28.7024,8.0675,4.439
gtcrn,p228_345_mic2-3f047d50bb75-99dbe688b1eb.wav,21.6804,9.1004,4.515
gtcrn,p229_023_mic2-f27ec6b01281-722b381fcd96.wav,27.9606,6.6733,10.803
gtcrn,p229_079_mic2-34e786947658-8adf8b08763f.wav,26.6967,9.4142,4.173
gtcrn,p229_139_mic2-a943166db5c5-ca451b7068d2.wav,28.6745,8.3837,3.204
gtcrn,p229_149_mic2-5f4be6d5bf30-1064bc84d395.wav,28.1411,8.0295,3.954
gtcrn,p229_238_mic2-b59a55a36a05-3d510ca879a2.wav,29.6261,8.0826,3.928
gtcrn,p229_246_mic2-de9cc77242ad-2c9f8017b2f1.wav,22.6152,8.3325,3.59
gtcrn,p229_253_mic2-ee24e2d339fd-c60f57d48cd4.wav,25.8068,8.5861,3.735
gtcrn,p229_382_mic2-7ffa4d1a01dc-73786ef65a4d.wav,28.6492,8.3144,3.543
gtcrn,p230_024_mic1-8509a33a5312-e0940e9d2f8c.wav,24.4482,8.8785,7.793
gtcrn,p230_026_mic2-2da9f4cc6682-20980baa910e.wav,28.3525,8.4818,3.136
gtcrn,p230_043_mic2-46dabdda7ced-f6ca90b3be22.wav,27.8487,9.5299,3.165
gtcrn,p230_050_mic2-1e7f349e5f6b-cf25da91b0cb.wav,27.328,8.2701,4.106
gtcrn,p230_057_mic2-f2bed977efc9-7d6aa439f112.wav,22.8879,8.6814,4.099
gtcrn,p230_066_mic1-40123510c8b6-83eb64cd7d07.wav,21.9626,9.3747,3.321
gtcrn,p230_077_mic2-033165b3ba38-37ff8c8119d3.wav,29.0461,8.2852,3.203
gtcrn,p230_125_mic2-60f63636436c-48b15925e06b.wav,26.3205,8.7245,5.124
gtcrn,p230_174_mic2-fcec544d0c73-4f30543c208a.wav,29.0683,9.5758,3.358
gtcrn,p230_234_mic2-a0990bcde0ac-133cba00c3ed.wav,23.6959,7.3008,3.758
gtcrn,p230_243_mic2-836ddfeb0fcb-65c1ad4ef3dd.wav,22.3689,9.1793,3.917
gtcrn,p232_017_mic2-314229618b2a-e912e75680f0.wav,30.1259,10.7223,3.265
gtcrn,p232_021_mic2-2a3b99252050-1f83e3af0926.wav,29.7593,7.4541,8.892
gtcrn,p232_061_mic1-0430dec85adf-6d92b89ae58d.wav,27.9798,8.8519,3.619
gtcrn,p232_114_mic2-a789dc404e37-87c92614e934.wav,32.0457,10.1313,3.55
gtcrn,p232_362_mic2-85db8ac6e950-9be7f1a12c71.wav,32.0803,9.7156,3.216
gtcrn,p233_017_mic2-08028eff2337-7d6e9e917a12.wav,28.4653,8.2997,4.798
gtcrn,p233_024_mic2-ead3ba148063-3bd5436c1ed9.wav,28.0235,8.4824,6.758
gtcrn,p233_047_mic1-6c3e4a1303d4-a461e3af2987.wav,22.1339,8.9755,4.128
gtcrn,p233_051_mic1-61314cbff34e-920db54ba4d7.wav,28.0015,8.3415,4.053
gtcrn,p233_051_mic2-613670f8945f-855aa64ccb89.wav,32.9098,7.724,4.053
gtcrn,p233_055_mic1-a0646b55cd97-bd75316672e9.wav,23.1961,10.9021,3.957
gtcrn,p233_067_mic2-a702a11c2c4d-1f943e564967.wav,25.4271,7.6353,4.321
gtcrn,p233_082_mic1-b6706c029ce4-259448299868.wav,25.9776,7.9912,3.989
gtcrn,p233_128_mic2-7a0034176265-487c9c84c418.wav,25.2656,7.5824,4.319
gtcrn,p233_151_mic2-aad63c6a7697-cd79e3a41173.wav,27.5268,8.5322,3.946
gtcrn,p233_161_mic1-3e6e440c11c8-db35629698f0.wav,27.7975,11.2838,3.97
gtcrn,p233_191_mic2-59c09f86212c-58132e1a6627.wav,25.6984,9.3983,3.117
gtcrn,p233_225_mic1-c3e92e47d7b8-c4daec662f3a.wav,26.3953,9.1834,3.222
gtcrn,p233_225_mic2-da41f2085fab-cebac0e57c51.wav,31.3698,7.7653,3.222
gtcrn,p234_144_mic2-5cd3e25f2c17-14732f35dc65.wav,24.9362,9.1255,3.29
gtcrn,p234_237_mic2-4ef18510a6c5-24fd7b862241.wav,24.4704,12.3873,3.348
gtcrn,p236_051_mic2-04a3d833aab5-ebd690f20814.wav,26.0626,7.9489,3.072
gtcrn,p236_148_mic2-3f718924af88-c20a84b95777.wav,24.7825,10.9359,4.354
gtcrn,p236_164_mic2-8d962f40d937-2d94d96754d5.wav,29.0249,8.5067,3.163
gtcrn,p236_381_mic2-c9305a9b7077-71a1e4764401.wav,20.9624,7.6842,4.098
gtcrn,p236_435_mic2-ab4344fe0b11-c8f5e9593791.wav,27.0101,11.0717,3.595
gtcrn,p237_046_mic2-f7c5a1f3c41d-95102695a373.wav,20.5729,10.3377,3.93
gtcrn,p237_098_mic2-f30973e82cfc-b4e3da1d44fb.wav,26.482,10.406,3.219
gtcrn,p237_181_mic2-9c78a873a373-cd1fa3aaced7.wav,29.7449,8.4887,3.913
gtcrn,p237_201_mic2-c2f27d9e42d5-a69940ca1d55.wav,28.1733,8.4388,4.428
gtcrn,p237_225_mic2-9c8096d8ddbd-d0c3a462fa01.wav,28.3594,10.3607,4.752
gtcrn,p237_256_mic2-963e152df7e4-0459ef5a378c.wav,25.0972,11.3184,3.316
gtcrn,p237_311_mic2-a6c827eb23cd-27a13f3ac007.wav,27.3177,8.7898,4.184
gtcrn,p238_003_mic2-16cfda1856c9-e30ff89a971b.wav,21.6041,7.1768,8.322
gtcrn,p238_004_mic2-6b3aaa603557-926868cecfc2.wav,21.8975,10.3171,6.421
gtcrn,p238_008_mic2-6cd1a38af039-7c1ebffbb8e2.wav,27.2981,6.894,9.558
gtcrn,p238_009_mic2-cde9c39f4f79-88acb222465a.wav,30.169,7.5226,6.146
gtcrn,p238_033_mic2-12dd60139d64-b7583892cff4.wav,25.7915,8.4511,4.439
gtcrn,p238_085_mic1-7cb33a36807b-1f0b64d0aa61.wav,26.6025,12.4749,3.152
gtcrn,p238_108_mic2-5c7d8b830fd3-e8a1e2dcf7f6.wav,30.3288,7.5996,3.458
gtcrn,p238_123_mic2-ab07fca59845-bbc7e4e4db0c.wav,26.909,8.5958,3.803
gtcrn,p238_132_mic2-d2f2050a09c0-8062febf2629.wav,28.7656,9.551,3.119
gtcrn,p238_140_mic2-9250edb3e273-13d75e0099f3.wav,26.3098,8.2931,4.313
gtcrn,p238_213_mic2-6e9cb09c0c0b-17f00a25d936.wav,29.0946,8.1476,3.503
gtcrn,p238_228_mic2-b7aea1a6b2a1-aae2118da6a7.wav,31.4627,9.1922,5.421
gtcrn,p238_248_mic2-9324dd47990d-562c10106712.wav,24.2181,9.6598,3.332
gtcrn,p238_256_mic2-4921a54c5753-3f7d2b6e995e.wav,30.9009,8.4296,3.459
gtcrn,p238_260_mic2-7b532efcc89b-afd1eaa2c262.wav,27.9107,7.8802,3.97
gtcrn,p238_263_mic1-6ca272d2d389-c0fa64164832.wav,27.5577,7.3892,4.141
gtcrn,p238_320_mic2-4a2dc9067e49-d019c84af95d.wav,26.614,7.6965,4.61
gtcrn,p238_340_mic2-fa9cd0bf4ac8-0a5805ffd030.wav,24.7951,9.1657,4.015
gtcrn,p238_342_mic2-53e7799f48dc-9bea8a3f6149.wav,34.48,8.4949,4.315
gtcrn,p238_343_mic2-dcf49afe2f4e-7760f0e8792e.wav,26.9252,6.8342,5.913
gtcrn,p238_370_mic2-2a47ec94d7e7-5ec6dd5a8e9c.wav,28.3996,8.0183,3.8
gtcrn,p238_377_mic1-54f7103936b3-89592a1ea4af.wav,26.5291,7.4398,3.418
gtcrn,p238_389_mic2-0a3b2fcbdcd4-6fc410d41afc.wav,12.4648,8.406,3.588
gtcrn,p238_394_mic2-4a741420f1b8-2366c730a56a.wav,26.5103,8.8754,3.502
gtcrn,p238_395_mic2-2539cbed71b0-447c08069b49.wav,31.7568,9.0499,4.525
gtcrn,p238_429_mic2-559088dd88ad-e89f459c0b8b.wav,29.8577,8.4423,3.205
gtcrn,p238_442_mic2-b921f6580985-2bacd4bc32a8.wav,32.0633,8.2213,4.27
gtcrn,p238_444_mic2-f8e3985d96a0-69d9b064085e.wav,26.0945,8.3224,3.286
gtcrn,p238_445_mic2-5df1779db28f-9d88a846a253.wav,30.0268,6.9621,5.464
gtcrn,p238_446_mic2-626ff980cd35-a3d111b14f4c.wav,17.2302,9.0731,3.672
gtcrn,p239_014_mic2-ef90b5103a42-ae1e4d725dc5.wav,26.5959,7.252,4.315
gtcrn,p239_015_mic2-851acef5adbb-52f1ec0950d7.wav,22.4882,7.0646,5.079
gtcrn,p239_021_mic2-d26c4d967aef-747aadfa6811.wav,21.2156,6.337,7.956
gtcrn,p239_047_mic2-a9f434c481e9-66d321c2b152.wav,21.4354,7.2102,3.801
gtcrn,p239_161_mic2-6abdb8dd6273-63908936fdbf.wav,21.8587,8.1533,3.542
gtcrn,p239_225_mic2-aadb29466322-5cd710abb0ea.wav,25.0877,8.5839,3.374
gtcrn,p239_289_mic2-d51fe18dfa27-bbd1410d52db.wav,21.1932,9.3701,3.414
gtcrn,p239_301_mic2-2a9b93bc80dd-ab5ff12680f9.wav,22.2687,8.3571,3.414
gtcrn,p239_322_mic2-b9307bbb353e-f51539f3c1b9.wav,23.603,7.6228,3.244
gtcrn,p239_422_mic2-8797f603d0eb-3a9907dc5081.wav,23.0228,8.7379,3.205
gtcrn,p239_435_mic2-eec2b8fee5ab-53715bbaf8cd.wav,24.1677,9.9217,3.332
gtcrn,p239_454_mic2-c374d3c4f872-df04c928ef7d.wav,20.9277,7.4388,3.585
gtcrn,p239_467_mic2-5a72e84e51af-8a0517bd3ab1.wav,20.9003,9.259,3.841
gtcrn,p239_473_mic2-6c4571e79a77-fa1027334dad.wav,26.3593,10.0899,3.39
gtcrn,p240_003_mic2-964b5815953a-c2b37450230d.wav,24.3205,6.8786,7.216
gtcrn,p240_006_mic2-77a5036b7c07-f8adcc2ca5b6.wav,25.7389,7.3051,5.539
gtcrn,p240_044_mic2-df01b2258ca3-c5111e359d17.wav,23.3177,7.4451,3.926
gtcrn,p240_123_mic2-c75f640d39f5-b84169f5a446.wav,23.022,7.6278,4.497
gtcrn,p240_175_mic2-d635382f41f0-056b28079dd8.wav,21.9694,9.3528,4.874
gtcrn,p240_179_mic2-0a4222bab7ca-c3f33b5c5568.wav,24.0285,8.6276,4.271
gtcrn,p240_262_mic2-eb9c6da9d5cc-35257876963f.wav,23.4473,7.4341,3.672
gtcrn,p240_307_mic2-b4799e169aff-c4fa73c3b6fd.wav,23.1219,8.8927,3.194
gtcrn,p240_358_mic2-1d4840402fb9-03cb78601f18.wav,24.9239,7.375,4.185
gtcrn,p241_002_mic2-1c171aaae17d-ded48ba92fda.wav,33.965,9.699,3.752
gtcrn,p241_013_mic2-4160874deb9c-dbe3b59c84b9.wav,32.4883,7.6121,4.445
gtcrn,p241_021_mic2-6c95c5b0560f-440f88c04dd3.wav,29.959,6.464,8.754
gtcrn,p241_025_mic2-ef1469218407-34ad9239e3fa.wav,23.1982,6.0144,3.287
gtcrn,p241_056_mic2-f8ba17bae249-269419f28007.wav,30.9432,14.2732,3.396
gtcrn,p241_068_mic2-783e2ccd9e64-cee14e267a90.wav,28.5887,10.0162,3.084
gtcrn,p241_069_mic2-6867f8212990-1a84aea3db6f.wav,29.1768,8.7288,3.266
gtcrn,p241_130_mic2-bb16ffc9e5da-7f6de896f3b7.wav,29.0427,7.1858,3.909
gtcrn,p241_138_mic2-290a0f261571-dbade4f15432.wav,27.3404,8.8578,3.589
gtcrn,p241_190_mic2-ebff56a0d453-825e6142b8e8.wav,31.7446,8.6495,3.979
gtcrn,p241_255_mic2-bfea8743873d-4ff59e36fc85.wav,30.9917,10.5118,3.055
gtcrn,p241_276_mic2-1fee016102bb-65d64cb2f094.wav,24.9636,7.9168,3.715
gtcrn,p241_293_mic2-d807a85cbc30-5ed95df2c89e.wav,27.863,9.1015,3.975
gtcrn,p243_016_mic2-3d2faa6c5253-46ef956fe623.wav,35.5552,8.3104,7.642
gtcrn,p243_026_mic1-82606f527123-5e3dec5f9a46.wav,29.5091,8.5854,5.206
gtcrn,p243_047_mic2-3ea1dd097a41-f9ac573b2068.wav,32.1441,12.5566,3.628
gtcrn,p243_056_mic1-02c5ef02300f-08e7b63216af.wav,28.2177,9.6574,3.375
gtcrn,p243_064_mic1-0cc4f7ec4c46-6b18bd2519b4.wav,28.2616,9.9312,3.067
gtcrn,p243_066_mic1-b81458667130-0d02620bf44d.wav,28.5439,10.7915,3.239
gtcrn,p243_067_mic2-9ad9035e683a-10f9c745ae65.wav,34.2961,10.9352,3.508
gtcrn,p243_091_mic2-2e7c1c87ed20-1e0a4191438d.wav,30.6374,10.7965,3.799
gtcrn,p243_105_mic2-962a4274fc14-eef7f4bf1d94.wav,31.7371,12.4552,3.335
gtcrn,p243_122_mic2-6b03431c7b87-5704c8f65f00.wav,29.7736,10.0914,4.397
gtcrn,p243_127_mic1-435f357cb804-3ec72a13a7e6.wav,31.9482,7.8563,4.04
gtcrn,p243_129_mic2-c39da770ca1c-d3a143bdf8a1.wav,32.3653,8.8463,3.508
gtcrn,p243_130_mic2-7128102e0ba8-161d4641e4c3.wav,30.5185,8.9578,3.331
gtcrn,p243_140_mic2-49065b5a95cd-e75513633a7c.wav,30.9975,12.7081,3.408
gtcrn,p243_153_mic1-a11655ae2fa3-46973c0487ba.wav,26.5375,10.8771,3.21
gtcrn,p243_156_mic2-745a7f949838-49fe77ba97dd.wav,32.8116,8.958,4.235
gtcrn,p243_157_mic2-b6760900d3bf-944dc2d12c89.wav,22.5879,12.8622,3.354
gtcrn,p243_160_mic2-6d6f754bd504-0c19d04387b7.wav,31.8767,10.0077,3.678
gtcrn,p243_169_mic1-f21285f7bc01-7093442b3071.wav,32.0559,8.6067,3.484
gtcrn,p243_173_mic1-db74224b5ad7-36e3ffb71b3e.wav,29.1003,9.0546,4.057
gtcrn,p243_187_mic2-a4328533f208-da52eb162da0.wav,31.1668,11.4169,3.757
gtcrn,p243_194_mic2-d9cf4de4afc8-b441cc2811be.wav,32.9267,8.5794,3.894
gtcrn,p243_204_mic1-47a2d0481862-bb8d042908ad.wav,29.6206,7.6614,3.371
gtcrn,p243_213_mic1-690c464f3986-192abda9b768.wav,28.147,7.4375,5.123
gtcrn,p243_214_mic1-1815bea42a61-c38cbf044c43.wav,33.7008,8.9084,4.007
gtcrn,p243_251_mic1-65f4318d12ad-e1787e5c29f7.wav,27.6244,9.0973,3.546
gtcrn,p243_264_mic2-66077d584c06-1a21a653115f.wav,29.4616,11.3955,3.409
gtcrn,p243_269_mic1-a88aa2075453-ed6e3ccc6f8e.wav,28.6761,7.9852,3.224
gtcrn,p243_274_mic1-676216355a15-0ef56b047be2.wav,27.8565,7.7837,5.073
gtcrn,p243_276_mic2-de45d41319c4-3455f3f603ef.wav,33.6025,9.8573,4.311
gtcrn,p243_278_mic1-79d52fef4fd5-0a4b274e61a1.wav,30.9178,7.253,3.416
gtcrn,p243_280_mic2-6c2426ace46d-78418c70fb74.wav,35.7715,10.3183,3.557
gtcrn,p243_298_mic1-9123dfba46a6-b73d3d5bfb8e.wav,31.1595,6.7145,3.412
gtcrn,p243_315_mic2-df420298c930-1ce6e5b28ca7.wav,32.7126,9.9315,3.034
gtcrn,p243_323_mic2-ddada3618b23-7204e145de15.wav,30.81,8.3457,3.121
gtcrn,p243_326_mic1-0a9227e922c0-fb79d1aefd0c.wav,31.7904,9.8974,3.888
gtcrn,p243_341_mic1-4f1fbb153d76-8769a68f8fc5.wav,31.4814,10.2393,3.33
gtcrn,p243_342_mic2-d1b25b77e41b-e9b28e49b8bc.wav,31.0351,8.3055,3.499
gtcrn,p243_344_mic2-708c4fe61c31-f809f883006a.wav,33.2194,8.6278,4.354
gtcrn,p243_348_mic2-59ac7849c722-5cc1564a981c.wav,30.8834,10.1742,3.515
gtcrn,p243_356_mic2-29101d10104e-dc93b312036f.wav,34.1798,8.455,4.028
gtcrn,p243_372_mic2-2201577490b2-b6c6d72f1041.wav,33.6975,9.6135,3.252
gtcrn,p243_380_mic2-1ed27999d72e-8d4ae64fd437.wav,31.6257,9.1657,4.107
gtcrn,p243_387_mic2-2ad1ec9ce460-ed22945a75d9.wav,32.6383,10.784,3.655
gtcrn,p243_388_mic1-852138526c97-35be23bd4844.wav,25.431,6.6042,4.655
gtcrn,p243_389_mic2-6cb7bc124b2b-ffbc91cd8d48.wav,33.2555,9.5151,4.054
gtcrn,p243_390_mic1-babb4da8c361-ce6960d5595c.wav,28.3386,8.7528,4.146
gtcrn,p244_011_mic2-f464d282b827-6324c88c7f98.wav,28.7152,6.928,6.377
gtcrn,p244_029_mic2-852a7bacc44c-3bc2ba246e7c.wav,29.4695,9.1983,3.178
gtcrn,p244_071_mic1-21230dd3e35b-8cc229646019.wav,24.5247,7.4508,4.372
gtcrn,p244_071_mic2-69f37ea696d3-7a2c965df353.wav,28.3299,6.8681,4.372
gtcrn,p244_091_mic2-eafa4bd6d6e3-3e311f52a92e.wav,28.1247,7.3222,3.771
gtcrn,p244_105_mic2-78a3afdc4e89-2a90722b99e7.wav,28.0879,10.1012,3.107
gtcrn,p244_123_mic2-a7500d1e5b4b-639002e54c52.wav,21.6969,7.7336,4.448
gtcrn,p244_163_mic2-7be4e5d438d5-8257b5078b1d.wav,31.1104,6.5739,3.127
gtcrn,p244_167_mic2-b4a62818cdba-815b703d2c12.wav,25.4556,8.9465,3.532
gtcrn,p244_232_mic2-6ae25aba8360-e4ef18b012ac.wav,27.9675,8.4338,3.023
gtcrn,p244_313_mic2-219d01864199-df191e8849f3.wav,26.6107,7.9753,3.401
gtcrn,p244_379_mic2-05e6e6ac6be1-7bb3c024d6e6.wav,28.6233,8.6565,3.84
gtcrn,p244_396_mic2-1aae40216dd2-bcf40fd70358.wav,26.9222,8.4702,3.191
gtcrn,p244_410_mic2-7bb75959a914-2259a93190e3.wav,23.9255,6.9348,4.208
gtcrn,p246_006_mic2-6e85f57d0ee9-5d350c380278.wav,29.6495,8.2489,6.747
gtcrn,p246_024_mic1-ac4b200e6899-c32aff364cf5.wav,33.305,6.2264,7.546
gtcrn,p246_033_mic1-ab632ef79676-8ea76a30beb2.wav,28.133,7.4117,4.415
gtcrn,p246_083_mic1-4becc6c982cf-9ae19c83e154.wav,23.8369,9.3431,3.824
gtcrn,p246_126_mic1-fcd492603ef1-31ba85b32028.wav,18.3825,7.4895,3.536
gtcrn,p246_224_mic1-768ca80acfab-227b650a0383.wav,27.1423,8.7598,3.636
gtcrn,p246_239_mic1-13d1f7d0647d-65f5c4dba2f7.wav,26.4447,8.4004,4.819
gtcrn,p246_258_mic1-70e38bedc924-af941749cbdd.wav,25.2812,9.0214,4.365
gtcrn,p246_274_mic2-eb54a3506c9d-a616e137ca7d.wav,25.9588,9.3187,5.133
gtcrn,p246_276_mic2-e1410226610c-4161b9333092.wav,30.3988,8.494,4.412
gtcrn,p247_024_mic2-cb93e704e871-2260a3478c21.wav,28.9923,8.3016,7.029
gtcrn,p247_069_mic1-6feb04caa664-a0b88e36dd5d.wav,27.9801,9.1045,3.18
gtcrn,p247_078_mic2-cdf16b0e0379-0e52f37939ee.wav,28.055,11.3585,3.381
gtcrn,p247_092_mic1-8859324a0062-26d4f6b91804.wav,25.5129,9.6035,3.422
gtcrn,p247_113_mic1-75a94796af7a-de2d500b426f.wav,25.4851,9.5001,4.439
gtcrn,p247_116_mic2-00b9f914c069-6970c2d8a4e5.wav,25.4885,10.7315,3.078
gtcrn,p247_127_mic2-d664b99f061c-ef63248a95d3.wav,22.5218,10.786,3.159
gtcrn,p247_130_mic2-61f72bc2b52e-b2e3d2fb4f7b.wav,26.1115,11.0152,3.328
gtcrn,p247_157_mic1-585a436c7124-e84c0b5f5455.wav,23.8864,10.0248,3.068
gtcrn,p247_176_mic2-d7210581e27d-781f8a05713e.wav,27.8875,7.5541,4.941
gtcrn,p247_185_mic1-a252c97e8230-0d97d87e6b90.wav,22.1882,11.4973,3.078
gtcrn,p247_199_mic2-c85e9da4834f-9632fbc4eeaa.wav,25.7313,8.5453,3.526
gtcrn,p247_206_mic1-6668a0eb51e8-12a1607c5e87.wav,24.7297,9.6973,3.004
gtcrn,p247_210_mic2-076c9b303f07-28a916cb303d.wav,27.9732,8.8419,3.527
gtcrn,p247_236_mic2-d191304aa687-833ed044ad4d.wav,32.6605,9.335,3.594
gtcrn,p247_239_mic2-e0237f6d6789-fab70cb8f5fa.wav,30.7939,11.7672,3.762
gtcrn,p247_289_mic2-573ec0599529-270a5e471777.wav,23.0783,8.4107,4.77
gtcrn,p247_357_mic2-e8a458a91e71-5c34f4acbcbc.wav,26.0363,8.9603,3.114
gtcrn,p247_404_mic2-646a69f12906-648939b48659.wav,26.7745,8.0571,3.203
gtcrn,p247_408_mic2-52955c799386-bc30bfd0ae05.wav,29.6407,9.5101,3.563
gtcrn,p247_479_mic2-02ca8fb369b5-64e0d8ed8c9a.wav,27.4959,11.0127,3.326
gtcrn,p248_007_mic2-55e7bc0b82fc-61a23e6d380b.wav,34.0345,7.087,5.517
gtcrn,p248_008_mic2-c6b3db8cf121-523a10c4f8cb.wav,32.517,6.2635,9.491
gtcrn,p248_013_mic2-ffb8aed19e9a-7cabb3617c4e.wav,31.4227,7.148,5.443
gtcrn,p248_029_mic1-afcd8426ac0b-25c873c0cb7e.wav,27.6181,7.1391,4.822
gtcrn,p248_032_mic1-1a8101e654f4-530069153b9b.wav,12.7681,9.0362,3.892
gtcrn,p248_034_mic2-b62589242897-6375c3d8f9c1.wav,29.7145,8.8322,5.446
gtcrn,p248_046_mic2-2a19485dc5a3-9075cd37517c.wav,28.088,9.3478,3.764
gtcrn,p248_066_mic2-52f583ed99f3-602c0124af48.wav,32.4494,11.4572,3.547
gtcrn,p248_106_mic1-6eb0022dbc6e-fcf809c21a71.wav,31.4238,8.3334,6.204
gtcrn,p248_108_mic1-14f01f09303f-09c1165bdbaf.wav,24.8734,7.2659,3.681
gtcrn,p248_109_mic2-e3f7d7772283-2462919f9c0a.wav,11.7733,9.8399,3.675
gtcrn,p248_118_mic1-a992692b402b-a7932c1551b3.wav,26.6988,11.5532,3.019
gtcrn,p248_133_mic2-b10b3fec4d89-6ba3489a04c3.wav,32.8766,9.035,3.033
gtcrn,p248_149_mic2-13507aa7afc5-1c4a456a87fc.wav,35.7923,10.0317,3.437
gtcrn,p248_153_mic2-664a80868d8f-bdbd2bdcffbd.wav,35.4146,9.0118,5.699
gtcrn,p248_154_mic1-7a77a481cd71-1c2b3005a93b.wav,25.4893,7.4795,3.764
gtcrn,p248_159_mic1-416e5d2d897f-fadd710ef01a.wav,22.0594,7.0104,4.74
gtcrn,p248_163_mic2-37cee5447278-f6312393832e.wav,27.5251,8.5038,3.944
gtcrn,p248_165_mic1-42bd592ed3a6-6b3e820f7c74.wav,21.1655,8.2234,3.464
gtcrn,p248_191_mic1-abcfff94cd98-a99411dfbd5d.wav,31.0533,9.4074,3.659
gtcrn,p248_193_mic1-646a8e62e8ab-d15780425e4c.wav,27.2066,9.0176,3.629
gtcrn,p248_226_mic2-0a8375bd5771-cbc668c60f0a.wav,28.6381,8.0693,4.608
gtcrn,p248_242_mic1-5cb39f643a55-7c476ba0df38.wav,24.7398,7.6463,3.758
gtcrn,p248_268_mic1-efd30c47c57d-3c67c107351c.wav,26.7655,8.2306,3.204
gtcrn,p248_284_mic1-a0286bd02a2f-e59fa600c235.wav,29.4163,9.0726,3.589
gtcrn,p248_289_mic2-ee24f8f58894-162960736964.wav,33.3354,8.8861,5.446
gtcrn,p248_308_mic2-4fcf35e6b2a5-ee5e97d781b1.wav,16.5206,9.4889,3.021
gtcrn,p248_310_mic2-eb1378db9276-39c3c1dd6cc5.wav,33.812,7.5251,5.25
gtcrn,p248_314_mic1-b9fbaa00dff3-bea9f54bf46f.wav,32.1157,10.374,3.372
gtcrn,p248_319_mic2-9a001163e0bd-d5eb7ccaeee3.wav,31.0116,9.3728,3.468
gtcrn,p248_325_mic1-80f8f407b824-d16cab9082bd.wav,17.3237,9.0945,3.338
gtcrn,p248_336_mic1-cfb47a783997-1741fb799e16.wav,27.112,7.763,5.738
gtcrn,p248_347_mic2-bba2d8c7cddb-d20403dd5fe4.wav,28.5965,8.439,3.458
gtcrn,p248_353_mic1-c0e7dca1ab7d-d60d664aa71d.wav,24.0384,7.5904,4.758
gtcrn,p248_362_mic2-5cb727d532c7-83cf2e1c62a3.wav,31.8788,9.1304,3.202
gtcrn,p249_018_mic2-c6f4066e375e-5ba9565c74e2.wav,22.0982,5.9446,5.121
gtcrn,p249_035_mic2-83e638959925-5afb4fbf3a6f.wav,28.3075,7.354,4.304
gtcrn,p249_205_mic2-52160b761109-5cce4f04d659.wav,27.1298,7.5798,4.602
gtcrn,p249_256_mic2-4e892800ed36-7c2e53bca0aa.wav,20.443,8.2261,4.022
gtcrn,p249_278_mic2-e64c67785b3e-a6c570263b47.wav,20.886,8.3482,4.944
gtcrn,p249_287_mic2-f2ce754dc345-a6de49ecec23.wav,20.9798,8.1896,4.423
gtcrn,p249_338_mic2-4081725953ea-10682cf62ee2.wav,22.3866,7.4262,4.894
gtcrn,p249_341_mic2-64c145892de7-c55259a84124.wav,26.336,7.7289,3.553
gtcrn,p250_019_mic2-f95c1a8b42ed-2b66e82c5043.wav,28.9984,6.6049,6.781
gtcrn,p250_052_mic2-e2e39db695b9-36bb1c47c85d.wav,24.3043,8.6296,3.287
gtcrn,p250_245_mic2-f40c49e78ef1-ac2e247ba410.wav,35.5108,10.1334,3.25
gtcrn,p250_260_mic2-4ac388086047-8fa01a7c32d8.wav,25.7627,7.9402,3.563
gtcrn,p250_292_mic1-fb27c3574ff5-3924c5dcc445.wav,19.2803,6.6573,3.087
gtcrn,p250_305_mic2-affc7368f644-d308de38e5eb.wav,28.3929,8.0018,3.188
gtcrn,p250_312_mic2-04bb2f5fc576-8eea76f291b7.wav,31.9564,8.4471,3.673
gtcrn,p250_334_mic2-db04a307a813-534005de3908.wav,26.465,9.6773,3.204
gtcrn,p250_443_mic1-aa70a09729d6-6ce758ae1acf.wav,28.3504,9.1159,3.286
gtcrn,p251_006_mic2-9ebe79d0ddde-b0606c0e278e.wav,33.7223,8.1962,5.577
gtcrn,p252_002_mic2-bf278953a6c9-03e7487569ee.wav,27.3948,7.6566,4.313
gtcrn,p252_004_mic2-806c604a83cf-1b5414f93f1c.wav,30.2595,6.8313,5.59
gtcrn,p252_028_mic2-6c1016faf7e6-e4d71a84d3d7.wav,29.2774,8.1408,3.459
gtcrn,p252_029_mic2-2c2b9fdb976c-89b767d95bde.wav,30.7808,9.5857,3.386
gtcrn,p252_083_mic2-a30acb3b9eba-75e43f14033c.wav,24.9823,9.4799,3.204
gtcrn,p252_101_mic2-94541922203d-7274632a5bd3.wav,31.3485,8.0053,5.447
gtcrn,p252_125_mic2-e28df9dad3d1-e4f5acd96db5.wav,26.3253,10.87,3.702
gtcrn,p252_176_mic2-e2611f2298b8-cfbbf9521bb2.wav,30.1499,8.0244,4.726
gtcrn,p252_218_mic2-d2bebb412901-a80e86449469.wav,25.0339,9.6977,3.522
gtcrn,p252_224_mic2-2b4866d825e4-a3729731db48.wav,26.3405,8.5012,3.89
gtcrn,p252_233_mic2-d8a3ad4c830f-56c81339b705.wav,28.8775,8.717,3.823
gtcrn,p252_281_mic2-8851d0e07ad3-4e9cc920cc03.wav,28.8303,9.3175,3.217
gtcrn,p252_297_mic2-98220718ed63-95b6b5bf0be5.wav,34.3543,8.7485,3.99
gtcrn,p252_343_mic2-1fd9a2166037-bb37dd93d646.wav,32.8556,10.8499,3.684
gtcrn,p252_381_mic2-10795ad8873a-6678f7299782.wav,29.4488,11.1964,3.562
gtcrn,p252_384_mic2-dcc80ecd040c-caaea163956c.wav,30.1211,8.7307,3.496
gtcrn,p253_002_mic2-406e3d4815fb-686703c90fa9.wav,26.4634,7.959,3.926
gtcrn,p253_020_mic2-f2a35070051d-000fbc7a88ec.wav,25.523,8.2366,4.114
gtcrn,p253_024_mic1-64d303d445de-9e03ffd95482.wav,26.4325,8.032,6.829
gtcrn,p253_085_mic2-11ec45192c6b-12e72f0039b1.wav,26.0113,9.1997,3.195
gtcrn,p253_101_mic1-2637a392731f-41cdb8a92d10.wav,25.4944,9.2371,3.416
gtcrn,p253_180_mic2-a486fd44ebb5-aa2bdd701ac5.wav,24.7631,7.9847,4.077
gtcrn,p253_197_mic2-9c681c304a2f-95ff793d1fb4.wav,26.876,8.1753,4.675
gtcrn,p253_225_mic2-2590a19c47fa-2fc71a00f889.wav,28.413,8.3624,3.89
gtcrn,p253_265_mic2-52db3cc103dd-9c8692052016.wav,32.5463,10.1654,3.276
gtcrn,p253_276_mic2-9a6f67efdd05-5e1b22d1c29d.wav,26.5733,7.3115,3.845
gtcrn,p253_316_mic2-8cb9e9e8ff38-1a1079f7cdf9.wav,30.9952,9.1779,3.667
gtcrn,p253_328_mic2-3bc8cbd92a9d-10f4905f7ff9.wav,31.9585,9.4732,3.229
gtcrn,p253_337_mic2-8d0dfb8acf31-467e5a0ffa72.wav,23.7688,8.275,5.469
gtcrn,p254_007_mic2-fdd748570063-ac6fa29e710c.wav,30.7141,6.8333,4.578
gtcrn,p254_009_mic2-2d1eb5d8385b-12779c349133.wav,25.4648,7.8715,4.649
gtcrn,p254_151_mic2-6cb32da0ee32-c3e354661770.wav,29.7274,7.7503,4.538
gtcrn,p255_007_mic2-758c6e76ba1a-b7180bb730b5.wav,29.1711,8.1352,4.272
gtcrn,p255_012_mic2-69168c1b32c2-f8ebd5d3e174.wav,20.1319,7.6548,4.739
gtcrn,p255_021_mic2-5ef10c85dccb-b5ad0048d22e.wav,26.7952,6.1182,9.155
gtcrn,p255_024_mic2-eb9d9038c5d2-74a69f51823f.wav,23.4285,7.3738,6.964
gtcrn,p255_083_mic2-4f629f5cb75e-a936e0456fb8.wav,21.6406,7.1932,4.269
gtcrn,p255_120_mic2-5c2aa843bc86-5e7c158737e5.wav,24.5872,7.7326,4.679
gtcrn,p255_135_mic2-a5bd75b73827-9e29fa28aa0d.wav,25.6431,7.9242,3.032
gtcrn,p255_151_mic2-aadf740246f0-ab9618f4755a.wav,23.4379,8.1221,5.185
gtcrn,p255_157_mic2-2e8aef4c26e6-11606570bbe9.wav,29.5093,7.2324,3.738
gtcrn,p255_163_mic2-91a09fe09332-e71ed3f948a7.wav,28.0268,7.164,3.46
gtcrn,p255_194_mic2-e91efe893e36-545ed8829676.wav,26.6732,7.1727,4.269
gtcrn,p255_198_mic2-4887b3d2114f-15fcbbae8909.wav,23.2758,8.3709,3.691
gtcrn,p255_206_mic2-c1b7782ce7aa-6de9e5da4aa3.wav,26.9612,8.3713,4.461
gtcrn,p255_238_mic2-0349b09a0b63-886aa7413709.wav,26.5626,10.2747,3.39
gtcrn,p255_249_mic1-a2dc60f039cd-6ed3cd273cf4.wav,22.2907,7.6085,3.758
gtcrn,p255_261_mic2-5d56ce3fb5f4-af9918732e23.wav,24.1748,8.1361,4.526
gtcrn,p255_269_mic2-674e88e569ec-4a274d8f33a0.wav,30.6606,7.5486,4.82
gtcrn,p255_302_mic2-c2894a59aa3f-59263216cd13.wav,24.4542,6.9187,4.098
gtcrn,p255_307_mic2-bc7baeb280f1-150b3c12a395.wav,26.1521,7.4313,4.964
gtcrn,p255_329_mic2-517118382cb2-92935247a5c8.wav,26.0465,7.4981,5.459
gtcrn,p255_336_mic2-68fa29a25b39-e38f71d7ff73.wav,23.2357,10.8908,3.659
gtcrn,p255_346_mic2-bd34e9c84b46-e06983dd967f.wav,26.6327,7.6897,3.631
gtcrn,p255_369_mic2-f10d324f0af3-d80330b11dc5.wav,28.6491,8.5126,3.394
gtcrn,p255_370_mic2-5edc54f25d1c-2aeb05ed3932.wav,29.981,8.7454,3.857
gtcrn,p256_077_mic2-f1dd62386a1a-ff1f0457fd06.wav,30.366,9.6357,3.675
gtcrn,p256_127_mic2-3dd943c1cf49-b42bc5b2ff5f.wav,32.2969,9.9712,4.483
gtcrn,p256_193_mic2-41d8d1e98e4d-c2ff612b8568.wav,32.5672,8.171,3.063
gtcrn,p256_201_mic2-ead0caa6f7f0-b3b17020631b.wav,29.6929,7.9717,4.602
gtcrn,p256_215_mic2-1c374a457fab-1d61f6f79762.wav,31.2028,8.4197,5.344
gtcrn,p256_216_mic1-9da27261ebdc-ceb5d8f2d8c8.wav,29.3643,6.3934,5.027
gtcrn,p256_259_mic1-f8dffa84f484-f381bdf08f7c.wav,27.2362,8.3239,4.889
gtcrn,p256_274_mic2-67f14c810c0a-30d5430a6c8c.wav,26.3775,7.6942,4.53
gtcrn,p256_283_mic2-8024e4469ccb-ba31c8db5989.wav,27.4271,10.7186,3.437
gtcrn,p256_290_mic2-f78eae113208-905c77e29c30.wav,29.6476,8.4496,4.063
gtcrn,p257_004_mic2-92656244bb30-cef430ab9c61.wav,18.5612,8.6659,3.631
gtcrn,p257_127_mic2-f1483fd909f3-cc28134c0849.wav,28.3337,9.871,3.421
gtcrn,p257_206_mic2-785b6dfa870d-3cc8789d520a.wav,27.037,7.2662,3.116
gtcrn,p257_237_mic2-2e9412446ce7-3ceaf7b3ac0b.wav,26.581,9.0325,3.546
gtcrn,p257_366_mic2-5a891dc4a279-6fb1843bb8f7.wav,25.1535,7.9074,3.585
gtcrn,p257_389_mic2-75360da1a35e-0e2294ce4ce7.wav,27.0705,9.1089,3.67
gtcrn,p258_090_mic2-a837c9b84e46-9c64f854fb01.wav,30.791,8.0248,3.535
gtcrn,p258_124_mic1-753e6bb12efa-54b2af41c8c3.wav,22.7945,9.6263,3.032
gtcrn,p258_183_mic1-42616d5e735a-7bd924116a01.wav,26.9542,9.3162,3.848
gtcrn,p258_183_mic2-ef778536f11c-d24f7177cf0d.wav,33.7791,8.8884,3.848
gtcrn,p258_216_mic1-93a926cd251c-14abfe7b2361.wav,24.1606,10.652,3.183
gtcrn,p258_222_mic1-dec5703f1f8b-d38a220fc793.wav,17.7495,9.8484,3.806
gtcrn,p258_227_mic2-dfe760137efb-5fb440f52e56.wav,28.7995,10.4685,3.935
gtcrn,p258_272_mic2-cb087d195c6d-d730f1121b37.wav,25.4567,8.8443,3.92
gtcrn,p258_289_mic1-6ac89db1abc6-29ba1815bb4a.wav,26.2129,8.3191,3.021
gtcrn,p258_305_mic1-c1f8a666c08c-84a3c09f0759.wav,26.2419,9.4642,3.781
gtcrn,p258_316_mic1-04841d0b077b-cff65a9e0e3b.wav,28.7643,9.1751,3.292
gtcrn,p258_329_mic1-1b6aef89ecda-63d1a0f96108.wav,28.469,8.147,3.867
gtcrn,p258_378_mic1-8a04326b9019-d180fa0135a1.wav,22.0078,12.2996,3.571
gtcrn,p258_392_mic1-a8dd3a0063d4-9d4186bc6e20.wav,25.1609,8.906,3.012
gtcrn,p259_019_mic1-bbf2398283aa-a2ac01cc1d23.wav,25.4114,5.6222,7.425
gtcrn,p259_039_mic1-226f7790572c-e308f012f1fb.wav,27.9148,8.9088,3.546
gtcrn,p259_056_mic2-8ea14a0dbaec-0b5f67e545a5.wav,28.8982,10.4209,3.297
gtcrn,p259_059_mic1-de954a3e7ffc-78629aa245f7.wav,25.1276,8.5435,3.085
gtcrn,p259_078_mic1-988dd6ea7b02-3029706c1871.wav,25.3223,9.7031,3.027
gtcrn,p259_091_mic1-38b18be43b58-320b7219b218.wav,25.7991,9.4507,3.197
gtcrn,p259_104_mic1-73ae6fb16a05-17be795f68db.wav,29.4085,10.4009,3.428
gtcrn,p259_106_mic2-c85844cfefad-bb4ae2ba5a35.wav,28.0119,8.344,3.526
gtcrn,p259_110_mic1-c7cbf15aaf29-fd1a5c2ce581.wav,28.5294,9.0989,3.467
gtcrn,p259_118_mic1-5b5680d368bc-d077a90bbd3e.wav,26.7655,6.8956,4.436
gtcrn,p259_130_mic2-df486ce6265d-556aad41e044.wav,22.4597,9.0495,4.47
gtcrn,p259_132_mic2-8bd456a619de-24ade7bbf6bc.wav,26.2926,10.2324,3.335
gtcrn,p259_136_mic1-baaf081915f8-cdca9cb93939.wav,26.0207,8.9065,3.661
gtcrn,p259_153_mic2-a541c066c806-98f6bd529e8b.wav,27.8699,8.4234,3.432
gtcrn,p259_215_mic1-7dedd171b10c-522ab78f6a22.wav,26.6995,9.0215,3.363
gtcrn,p259_252_mic2-91775593bdfc-0ebaa34edb73.wav,23.4468,9.5094,3.23
gtcrn,p259_262_mic1-2649462a9062-7dc5da6ba235.wav,27.8862,9.0422,3.836
gtcrn,p259_390_mic2-c32b5ec81acf-3a3406f53b22.wav,30.1938,8.3924,4.345
gtcrn,p259_399_mic2-7f252123ba61-0f59af14c7ed.wav,27.6439,7.9305,3.075
gtcrn,p259_409_mic1-89daa7cccb00-c27f892da776.wav,25.5,10.1354,3.277
gtcrn,p259_409_mic2-c847ce0b1117-0770ff1a43b7.wav,27.0399,9.6782,3.277
gtcrn,p259_440_mic2-8fcec93e2530-3bb24c20a9ae.wav,31.1638,6.7512,4.757
gtcrn,p259_481_mic2-82a9a68d6ecb-1b2eb6a5e9d8.wav,24.2485,7.8158,3.363
gtcrn,p260_008_mic1-60cc9678d603-808583beeb96.wav,30.471,5.4717,5.955
gtcrn,p260_013_mic1-87bd4741d27c-daaa31152e9b.wav,30.2177,8.9296,4.099
gtcrn,p260_014_mic1-edbf40780a59-78963590e796.wav,27.5327,8.0472,4.923
gtcrn,p260_018_mic1-7f938a0c1810-160fce3dd8d7.wav,29.7999,7.5081,5.524
gtcrn,p260_020_mic1-2d781070008e-29a23a87e225.wav,28.8948,8.287,4.192
gtcrn,p260_034_mic1-2a4393e51def-51db531b3482.wav,29.1879,9.0093,4.378
gtcrn,p260_040_mic1-961ca8b4d9b1-20f0e07e786c.wav,21.9477,6.0582,3.885
gtcrn,p260_044_mic1-c6a2369a8fc6-9390aec1e322.wav,25.9002,8.4607,3.856
gtcrn,p260_059_mic2-a5119c69d5d2-40d7d78787f0.wav,27.5316,9.9716,3.364
gtcrn,p260_060_mic2-e5be4a341b63-24f63ceefe64.wav,28.7098,8.766,3.944
gtcrn,p260_086_mic1-416d0fe55746-28a7a813bde1.wav,28.5249,8.651,4.056
gtcrn,p260_120_mic2-eacbf09158bf-7f4721b719c5.wav,31.2809,9.5059,3.737
gtcrn,p260_146_mic2-98d2e16b4da3-171bc0afb4b3.wav,30.9021,8.7006,3.721
gtcrn,p260_179_mic1-10716cff245a-74fc473039cd.wav,27.8226,8.4889,3.17
gtcrn,p260_214_mic1-4f1596439ad6-5f8d630ee9ce.wav,27.0577,6.7078,3.602
gtcrn,p260_215_mic2-f4946f70784a-b5beec306f54.wav,30.4273,13.8334,3.908
gtcrn,p260_216_mic1-433323f9f57a-cf41ce014c35.wav,28.1319,8.0565,3.855
gtcrn,p260_236_mic1-ece76588d7db-e9e949eb80ad.wav,25.4347,8.2521,3.329
gtcrn,p260_276_mic1-dc4ff6b4c3dd-18cba979bd04.wav,23.9856,7.9968,3.186
gtcrn,p260_278_mic2-7413f9d67bb5-3c05734db78c.wav,32.8448,10.9614,3.445
gtcrn,p260_322_mic2-bb3da81575ae-ce963a1b45dd.wav,27.4074,8.0136,3.068
gtcrn,p260_335_mic1-2b8f5196330d-cc7dcb9fc3ad.wav,28.8629,7.4802,5.097
gtcrn,p260_342_mic2-ef578b308c80-c48078a8987c.wav,32.2465,11.003,3.164
gtcrn,p261_004_mic2-f4d988361696-12e5797480e1.wav,27.7029,7.4934,4.441
gtcrn,p261_023_mic2-2347633fcbc7-e974f877512e.wav,32.6696,6.9449,9.818
gtcrn,p261_024_mic1-24707669a440-f54e02ccf4d2.wav,27.4325,6.2104,6.061
gtcrn,p261_070_mic2-626f8a7abe1b-9a0d39bef820.wav,29.0489,9.8189,3.712
gtcrn,p261_178_mic1-1e7d5059a6a3-b2d82cef9254.wav,24.9645,9.435,4.137
gtcrn,p261_233_mic2-4f2622ebaf63-0a565704e7ed.wav,28.2237,9.4795,3.117
gtcrn,p261_262_mic2-ffcddfe0f726-3b825ddbee84.wav,28.9029,7.5498,3.247
gtcrn,p261_279_mic2-c93020398b73-5e834acc77af.wav,26.8409,9.5952,3.501
gtcrn,p261_284_mic1-ed0f7e0e3f28-af0b124f0961.wav,27.3246,10.1226,3.887
gtcrn,p261_290_mic2-73013ee31ac4-c3bab5161511.wav,31.0426,8.1295,3.63
gtcrn,p261_333_mic2-65db654fd94d-c4830c365a38.wav,31.5589,8.0879,4.354
gtcrn,p262_019_mic2-a838b87467cb-fd51489159e8.wav,24.5046,6.7151,8.147
gtcrn,p262_023_mic2-64b58aaa1203-70caa22ee8fd.wav,20.4391,7.0563,11.192
gtcrn,p262_030_mic2-75f0cec40a83-df2fe9f91796.wav,23.2989,7.6057,5.181
gtcrn,p262_050_mic2-9cab19fa4fc0-ccba801bc07c.wav,22.3382,9.3047,3.034
gtcrn,p262_091_mic2-4e51235bf572-fab98a013575.wav,24.9641,9.3154,3.515
gtcrn,p262_162_mic2-39d03e9321db-94b587d706d7.wav,27.0804,9.1035,4.77
gtcrn,p262_164_mic2-a8b7b2d1f671-3480329000dc.wav,24.7017,8.6768,3.374
gtcrn,p262_167_mic2-de04a527f51c-5755a62733b3.wav,28.6888,8.0348,4.278
gtcrn,p262_183_mic2-d2ac5b80c868-34965eda2271.wav,21.2687,13.1395,3.428
gtcrn,p262_301_mic2-138d1e1b777c-21436ca1715b.wav,24.575,8.4726,4.544
gtcrn,p262_305_mic2-779092d74f23-c1593875e6c9.wav,20.7668,8.2002,3.589
gtcrn,p262_344_mic2-1312ec37abb2-bfc6683080a0.wav,25.2004,8.0173,3.514
gtcrn,p262_358_mic2-20d8a8856c0c-41c8c7cae8bc.wav,22.5931,9.1054,3.246
gtcrn,p262_363_mic2-1b2e20afc93a-87b13582340a.wav,19.3303,10.1407,3.928
gtcrn,p262_380_mic2-6cfb25566a4c-98fc9998112c.wav,28.2805,9.3632,3.118
gtcrn,p262_391_mic2-9a7c43bfff99-6305d40822f7.wav,27.8673,8.8465,4.487
gtcrn,p263_007_mic2-5c2728f0c603-9d29e2051c93.wav,30.0715,8.5535,4.438
gtcrn,p263_049_mic2-2459ab2a7b64-35eb95133336.wav,31.5268,8.5329,3.544
gtcrn,p263_054_mic2-522a0f771283-c1869c96a1bf.wav,36.8833,8.6419,4.009
gtcrn,p263_107_mic2-327838680024-f74489381182.wav,33.3039,8.3553,3.115
gtcrn,p263_119_mic2-21ee197953f3-a2a298f3c022.wav,31.2596,7.8317,4.057
gtcrn,p263_168_mic1-83d3853d1eb6-41c7eed4f3c1.wav,26.7982,9.3592,3.798
gtcrn,p263_168_mic2-208775fff6b0-3952d3cd9289.wav,30.2522,8.6933,3.798
gtcrn,p263_217_mic1-59bd88337860-79274f2aff8a.wav,25.3502,9.0739,3.544
gtcrn,p263_219_mic2-fe35347cadff-1834d07bf633.wav,32.9437,8.9348,3.46
gtcrn,p263_241_mic2-0dc105f756b3-32f6e6db6819.wav,33.9884,8.6715,4.268
gtcrn,p263_262_mic2-af72e6612421-2650a1080a6f.wav,32.4782,8.4585,4.573
gtcrn,p263_313_mic2-6928e2b8d5e7-de7cffbe26b1.wav,32.2117,8.56,3.03
gtcrn,p263_316_mic2-f12fba428b1d-e2f4805e458b.wav,32.6394,8.713,3.713
gtcrn,p263_375_mic2-ebee9fdc92a5-06cbc63306b6.wav,30.9816,8.193,3.371
gtcrn,p263_381_mic1-da5a1d5b49cf-3b70d254ee09.wav,26.1267,8.0438,4.994
gtcrn,p263_381_mic2-f3e5dbab7e33-9f472741b809.wav,31.7476,8.0716,4.994
gtcrn,p263_405_mic2-679644a85639-db50aa309b30.wav,34.8922,8.6163,4.132
gtcrn,p264_059_mic2-97a10a7e3cf0-2fd0df046866.wav,27.9878,10.8328,3.121
gtcrn,p264_130_mic2-b918b95489e6-b5b752b08a73.wav,26.4783,12.3499,3.673
gtcrn,p264_143_mic2-8243008e8984-d4bab008bfd2.wav,23.6767,10.0265,3.588
gtcrn,p264_146_mic2-655c1684047d-bb5f687c7cd3.wav,25.195,8.67,3.158
gtcrn,p264_174_mic2-b279384eaa46-7e65b1c01db7.wav,29.6623,14.2297,3.288
gtcrn,p264_247_mic2-75ffd66acfcb-36ce3a4ffd3c.wav,23.0653,9.2788,5.467
gtcrn,p264_252_mic2-44cd7ead917c-d665ced7b170.wav,25.4898,11.2594,3.117
gtcrn,p264_256_mic2-f8feb259b543-fe976feef680.wav,27.2726,10.5365,3.162
gtcrn,p264_405_mic2-0728ad206a53-41378f8b1b1b.wav,26.6642,7.8221,5.841
gtcrn,p264_440_mic2-4c000c184fa2-544813928ed5.wav,20.4973,10.6948,3.502
gtcrn,p264_441_mic2-5e862d275a5a-cfafae93ead9.wav,25.2886,10.7092,5.509
gtcrn,p264_473_mic2-2e81c22544a7-03c8426eb97f.wav,25.0647,9.9718,3.674
gtcrn,p264_478_mic2-3ad076606d5a-4aba06e60237.wav,23.1549,8.5839,4.399
gtcrn,p265_015_mic2-1b598c44fc4c-a2d26c1905b4.wav,31.6958,6.5075,8.274
gtcrn,p265_036_mic2-32cb14b88b65-bfa7c8557c67.wav,31.8044,6.1265,5.253
gtcrn,p265_072_mic2-5d255ba69a9e-a351dd75c2ac.wav,24.4408,8.4021,4.1
gtcrn,p265_075_mic2-382e14566b44-018fcfdcaa20.wav,25.1988,9.0137,3.668
gtcrn,p265_173_mic2-eca9b8e639fd-e616fcdece66.wav,28.2618,7.668,5.419
gtcrn,p265_180_mic2-2fc8063a5c77-23a0f10331f2.wav,29.2827,7.3339,5.158
gtcrn,p265_236_mic2-e118ea1ca6b8-0db2ffa04935.wav,29.4096,7.3593,4.152
gtcrn,p265_264_mic2-294062d4a63b-cd6a114b1f46.wav,21.8548,7.5576,5.992
gtcrn,p265_273_mic2-64a0d2b3c163-9d73f66e5de1.wav,22.3635,6.5617,4.86
gtcrn,p265_280_mic2-0114615e2bd4-8f0cfd886ce9.wav,29.5202,7.5581,5.426
gtcrn,p265_314_mic2-f3012c196449-8162031d0ad2.wav,29.0998,7.006,5.437
gtcrn,p265_345_mic2-a8631eda3284-5aeb6487b928.wav,24.0356,8.4123,4.853
gtcrn,p266_057_mic2-66bb7294bc3c-85c6ed383298.wav,28.6606,9.2989,4.2
gtcrn,p266_269_mic2-e4b73efbb007-346ffc0867c2.wav,26.6296,8.1014,4.524
gtcrn,p267_083_mic2-84e8a30d24c3-91edfd3be058.wav,30.1492,8.2917,3.094
gtcrn,p267_358_mic2-808e5b33e72d-4e2951229959.wav,30.0707,8.3848,3.927
gtcrn,p268_010_mic2-ead0e09f4b36-28fbd3476d34.wav,27.8605,10.238,3.876
gtcrn,p268_016_mic2-ce95ab0fd3a0-c557066651f0.wav,29.8543,7.3057,7.543
gtcrn,p268_026_mic2-5cb38eb9ba30-65cbbc168e3d.wav,31.9106,11.3389,3.354
gtcrn,p268_060_mic1-995ae315d3df-c15d3cc60751.wav,26.6563,12.4097,3.78
gtcrn,p268_066_mic2-d8a0ca2584de-1a99902ff3e2.wav,28.7838,10.4212,3.723
gtcrn,p268_079_mic1-41649c8931b8-d2b4de63a327.wav,28.2889,9.3161,3.997
gtcrn,p268_088_mic1-f0eb2fc11fe5-cb12226c43ba.wav,25.3913,10.6475,4.23
gtcrn,p268_111_mic1-c86d4ec872b3-787d506b7102.wav,28.8353,10.575,3.012
gtcrn,p268_116_mic1-6ffa983baa32-d3c4b7cf2a81.wav,26.4563,11.2236,3.931
gtcrn,p268_129_mic2-6aa289556ff9-ce0d17ae8732.wav,25.3161,9.106,3.087
gtcrn,p268_142_mic2-5f3b7882c632-aa642edac9e5.wav,33.1251,8.5369,5.142
gtcrn,p268_166_mic2-0085caa2efc9-01141383e132.wav,30.7933,11.3084,3.079
gtcrn,p268_195_mic1-a213ac683b2b-191b947b6553.wav,30.419,10.4074,3.473
gtcrn,p268_212_mic2-f52e1e42baf8-742c8c9a1d3f.wav,30.3488,11.418,3.905
gtcrn,p268_215_mic1-2d227dbbf633-5b68c859719d.wav,29.5004,10.1108,3.173
gtcrn,p268_217_mic1-70f6951bee40-9aac4b77e477.wav,28.3361,9.1629,4.485
gtcrn,p268_230_mic2-6dbf1cdfeb46-e19e0db20c0e.wav,32.0688,9.1252,4.151
gtcrn,p268_245_mic2-d00bfbd3b206-91384590c2fe.wav,30.8191,9.9541,3.003
gtcrn,p268_263_mic1-b0e85c47636d-ac28a6a975bf.wav,27.9936,9.2371,3.826
gtcrn,p268_263_mic2-6111fe44c94f-e464133b6dc7.wav,33.0469,9.8417,3.826
gtcrn,p268_277_mic2-a0b39babc5d7-c9053fab42a7.wav,32.033,9.3877,3.527
gtcrn,p268_294_mic1-17e571697560-56506aee3362.wav,30.1121,9.1401,5.965
gtcrn,p268_305_mic2-ae9711bd7d27-d5d01ec4f2d3.wav,33.547,6.8128,5.761
gtcrn,p268_308_mic1-ef2924c7388e-e74c2264b69b.wav,30.7085,10.0766,3.139
gtcrn,p268_322_mic2-4e0caf971744-446d84006424.wav,30.5511,10.6457,4.123
gtcrn,p268_323_mic1-6c224a6334fa-c9198da7e71d.wav,28.6097,10.3185,4.19
gtcrn,p268_328_mic2-7cf566cf915f-4b2058949b74.wav,27.0783,8.693,5.273
gtcrn,p268_360_mic1-d5e2e98e503e-a89f29fd3d5e.wav,29.9723,9.6056,3.174
gtcrn,p268_364_mic1-df8ed22ee8a2-0af9c9d2162b.wav,30.1649,9.8218,4.039
gtcrn,p268_370_mic1-c4858a0d19f5-086ad19e67aa.wav,28.9749,9.7893,3.052
gtcrn,p268_374_mic2-5c0338f86471-c75bd446d62f.wav,29.3525,9.8311,3.177
gtcrn,p268_383_mic1-67e4393fda00-3e8277f462a6.wav,26.5342,11.5447,3.161
gtcrn,p268_402_mic2-ec43a0a8121a-3b2fa64b1203.wav,31.852,9.5222,4.279
gtcrn,p268_406_mic1-46fa73b4aada-719659c096f8.wav,28.8552,9.3737,3.333
gtcrn,p268_407_mic1-f01d584c3e13-b10b0478d655.wav,30.1202,9.3577,3.977
gtcrn,p268_409_mic2-916cc9d1b71f-49fcf2ddd079.wav,26.4837,10.3428,3.931
gtcrn,p269_005_mic2-66c8dd7e5e23-02f5c9e5d73b.wav,22.6308,7.5044,5.6
gtcrn,p269_009_mic2-76540ef20d41-18c7f4dbc364.wav,29.3669,8.3232,4.704
gtcrn,p269_018_mic2-f4fa86b6d3cd-2882da26877c.wav,23.8891,6.9279,5.268
gtcrn,p269_028_mic2-460886347ad3-6f7eaf1482b5.wav,23.6096,8.3143,3.14
gtcrn,p269_034_mic2-7b68796f8f15-be8942dbfd14.wav,22.8607,8.0851,4.402
gtcrn,p269_096_mic2-20ddb4109554-5132e890f666.wav,27.4327,9.756,3.296
gtcrn,p269_114_mic2-99aec057cadb-55fe740212aa.wav,26.3533,7.816,3.809
gtcrn,p269_121_mic2-4078675f936d-fd2466f7aab4.wav,30.0962,8.6892,4.391
gtcrn,p269_129_mic2-45603bca0053-dcf04b26f349.wav,25.3188,9.6348,3.329
gtcrn,p269_135_mic2-ca6826babffe-577d67d22483.wav,29.2526,9.4255,4.174
gtcrn,p269_136_mic2-b80d9da6bc25-1f6cf17ba7ef.wav,29.6626,8.949,3.587
gtcrn,p269_140_mic2-37746fa244cc-16745770f954.wav,31.1519,8.268,4.369
gtcrn,p269_169_mic2-eb69f3cfd02c-cebda15963c3.wav,28.2823,8.9784,4.081
gtcrn,p269_207_mic2-48a0ca6d44c9-7069742de608.wav,27.1483,8.8287,3.423
gtcrn,p269_218_mic2-21c2e4141c65-1153c1e3b261.wav,24.1344,9.1722,3.354
gtcrn,p269_228_mic2-beee6e3d03c4-aa2a83fb5d74.wav,26.3115,8.0034,4.489
gtcrn,p269_254_mic2-d826872b4760-b48c270b1a50.wav,23.7846,10.1737,3.087
gtcrn,p269_272_mic2-7bc04227c523-ef822137fe68.wav,27.8714,8.9647,3.248
gtcrn,p269_281_mic2-62b48a8abd2e-b773e8fd934c.wav,22.993,7.8688,3.739
gtcrn,p269_283_mic2-d729d4e1f6e3-844f1342791d.wav,25.5934,8.6104,3.202
gtcrn,p269_299_mic2-bd15a139fe9f-0a3c4acc307e.wav,25.4922,7.7973,3.075
gtcrn,p269_301_mic2-0042a69d4efa-95f9e93bb552.wav,22.0762,9.3275,3.042
gtcrn,p269_323_mic2-35adadcd423a-ae56e09eb045.wav,26.4466,8.8856,4.597
gtcrn,p269_349_mic2-033d8945f63f-151fbcccc488.wav,29.3896,9.5429,3.467
gtcrn,p269_371_mic2-3d9577f4ed84-fcf402eb161a.wav,31.4815,7.7716,3.942
gtcrn,p269_389_mic2-c43427e2b9b8-64f6e877e651.wav,26.4502,9.0481,3.069
gtcrn,p270_056_mic2-24a8c9b7c648-417f2dfc0fd7.wav,24.0592,11.086,3.076
gtcrn,p271_008_mic1-b8074dc77432-40f9a8d0ef52.wav,30.1535,7.5894,9.38
gtcrn,p271_008_mic2-6f657aeb16d4-b254327fb29e.wav,31.376,6.8642,9.38
gtcrn,p271_015_mic1-40e029cb60bf-517901e6cecc.wav,28.1823,6.4972,7.428
gtcrn,p271_070_mic1-b64f3a36ed58-7fa3717667a8.wav,30.1131,7.5136,3.332
gtcrn,p271_103_mic1-1014ce1b7cff-05e176a450f8.wav,28.5766,7.7253,4.097
gtcrn,p271_115_mic1-e8f56c1b4684-6bbd465e29a4.wav,26.0043,8.7388,3.374
gtcrn,p271_124_mic2-c208e6fb0e0e-80e6409d7c17.wav,28.0898,8.4852,4.827
gtcrn,p271_132_mic1-a1b86cc4a689-6139ec62ec13.wav,30.3704,8.359,4.58
gtcrn,p271_182_mic1-8abc6abf1487-9825e8e3faaf.wav,27.1201,7.8504,5.592
gtcrn,p271_183_mic2-c1212c5ae6b9-7a5e5f8d600f.wav,26.1709,7.6363,4.248
gtcrn,p271_196_mic1-7605f757627a-e4be18ab5c73.wav,28.0989,8.0844,4.57
gtcrn,p271_219_mic2-bc20c4f3c342-4c1de92887c6.wav,30.2923,7.9006,5.582
gtcrn,p271_232_mic1-47f4150ad63c-d9f0686b663d.wav,26.2117,6.7229,5.038
gtcrn,p271_255_mic1-9c6cf772b5b6-fe435e814a64.wav,23.9931,8.3182,3.94
gtcrn,p271_308_mic1-7a7e71657668-24dbf96888ea.wav,29.2823,7.7661,5.586
gtcrn,p271_310_mic2-787385b84dab-20b98ec2e2d0.wav,31.7541,8.3859,4.357
gtcrn,p271_339_mic1-e8ba2e33f65d-854275f02f01.wav,26.2899,8.7642,3.371
gtcrn,p271_381_mic1-0e6aae408668-6171586da210.wav,30.4372,6.3134,3.845
gtcrn,p271_422_mic1-2b4596850d96-cf0cf4e73be0.wav,28.2538,11.2178,3.406
gtcrn,p272_006_mic2-90303eb4fbb5-8a5f6857ddbb.wav,33.1902,7.5303,5.68
gtcrn,p272_025_mic2-73b9ca76740e-2e79125c2618.wav,34.5903,8.0131,3.798
gtcrn,p272_066_mic2-31a588c03fa5-fc62827a8901.wav,32.1989,8.2157,3.588
gtcrn,p272_116_mic2-ef329173f1eb-d7cbd25fa4cc.wav,34.1904,7.1175,5.159
gtcrn,p272_152_mic2-a13d9ea01576-a1acbe50c82f.wav,32.8441,8.1542,4.261
gtcrn,p272_156_mic2-ca1190912479-db848bd057c0.wav,34.7013,8.2965,4.76
gtcrn,p272_165_mic2-1a1b81580224-fd7034c06a1f.wav,34.2139,8.6512,3.699
gtcrn,p272_199_mic2-42c1634d56eb-435835e3e5e5.wav,33.2925,10.0234,3.006
gtcrn,p272_224_mic2-ec79f84a2378-0b16443bd994.wav,28.6088,10.1882,3.564
gtcrn,p272_228_mic2-5deb7160d133-dae09a23515b.wav,33.4144,8.2563,4.139
gtcrn,p272_231_mic2-d5bb680460ab-e2bfbaa8ffc0.wav,30.897,7.5224,4.014
gtcrn,p272_246_mic2-78469ed3f85f-41e4e58da9a5.wav,33.6691,8.4678,4.142
gtcrn,p272_269_mic2-7647436256e9-6d43b8eb7eb8.wav,30.486,8.5734,3.756
gtcrn,p272_362_mic2-fbf4380fa904-cd0627588068.wav,32.7498,8.8165,3.33
gtcrn,p272_363_mic2-5bcea855bcd2-b788ff6be355.wav,29.6425,7.2967,3.067
gtcrn,p272_365_mic2-ef5f7b406b7a-307505d4f384.wav,33.1876,8.6928,4.059
gtcrn,p272_387_mic2-71a288169af7-f96c03ec73d7.wav,23.0289,8.5042,3.054
gtcrn,p273_008_mic2-22fbb25d9907-4ebe36aed5dc.wav,12.8329,8.4785,8.391
gtcrn,p273_016_mic2-aab580d8245f-b06356a338df.wav,26.0147,8.8694,7.125
gtcrn,p273_023_mic2-d9956ced8793-46bf60066b54.wav,26.2168,8.7661,12.445
gtcrn,p273_043_mic2-03914acb7383-6b361ec470b3.wav,26.4037,10.2103,3.667
gtcrn,p273_164_mic2-ccf90fd34dc1-937ef970c85d.wav,22.8935,9.1217,3.247
gtcrn,p273_211_mic2-66034c0c3532-5d65d4267a50.wav,30.8639,9.3891,3.303
gtcrn,p273_229_mic2-a94ab787ec45-2cf1979c00ac.wav,23.2614,8.8192,3.116
gtcrn,p273_328_mic1-5949c3a95e23-e07150e44a41.wav,19.9959,9.1396,3.158
gtcrn,p274_012_mic1-8456f561fcd4-a68775894544.wav,26.7779,7.3952,4.985
gtcrn,p274_014_mic2-e6517469ea68-afd955fdd678.wav,27.6858,7.9222,5.216
gtcrn,p274_016_mic2-90aa8acc729c-f27e0e28292b.wav,30.1992,6.5002,6.956
gtcrn,p274_024_mic2-e70eec27cfbf-ab8126479fa2.wav,25.0252,8.8319,7.239
gtcrn,p274_034_mic2-df18f3c291b7-b74ec7dbde7b.wav,26.5958,10.0441,3.46
gtcrn,p274_059_mic1-a1813df43f7c-c2ae8deabb32.wav,26.5152,8.1755,3.502
gtcrn,p274_079_mic2-18b3989f233f-bb1df7362daf.wav,31.564,6.8177,3.841
gtcrn,p274_095_mic1-6d34d2b8666d-d03845897c2b.wav,25.6861,8.3314,4.601
gtcrn,p274_105_mic2-fee9872103a2-075b65fb8052.wav,30.9286,7.786,4.613
gtcrn,p274_130_mic2-dc53204c5b65-8000cc8a4452.wav,26.8626,13.1238,3.648
gtcrn,p274_132_mic1-e4d8870138cc-78641dc4b6f2.wav,31.4563,10.4449,3.073
gtcrn,p274_132_mic2-e88d7fb336d4-08f7b765ff09.wav,33.8031,9.7397,3.073
gtcrn,p274_158_mic2-7e4312be9466-31b109cb061e.wav,33.6952,7.5805,3.542
gtcrn,p274_162_mic1-3e5854b27f5e-b3f6736ef0ac.wav,30.9576,8.0109,3.496
gtcrn,p274_163_mic2-f0485d6cfe30-bd1330f1ae31.wav,32.9947,7.3008,3.885
gtcrn,p274_167_mic1-5a045b7efbce-d4c156daead4.wav,30.5677,8.4228,3.93
gtcrn,p274_241_mic2-0c2b3b2b3481-de9e5b404449.wav,31.2705,6.9161,3.844
gtcrn,p274_248_mic2-83eb4afbcf68-c2dc9e0617b6.wav,31.0164,9.4872,4.841
gtcrn,p274_266_mic1-3d61cd625348-5a071771ac52.wav,29.4157,10.6407,4.407
gtcrn,p274_269_mic1-1adeac365b34-0e34a0dda969.wav,27.4875,9.0472,3.958
gtcrn,p274_270_mic1-2a9c5e6007e6-06a237fcb9d5.wav,25.7537,10.2518,3.917
gtcrn,p274_297_mic1-fd8c04b0ed8a-92252256a212.wav,27.0066,8.5636,3.689
gtcrn,p274_306_mic1-1018876d243f-0ee216b24f91.wav,28.9086,9.1729,3.075
gtcrn,p274_318_mic1-687aae80bade-b26bae06ada3.wav,22.4079,7.62,4.513
gtcrn,p274_349_mic1-d9bbe5993dcf-0786f30410ea.wav,25.7877,8.8535,3.277
gtcrn,p274_351_mic1-e10db426cf2c-b832c8c671b3.wav,27.4765,9.5428,4.063
gtcrn,p274_378_mic1-9c7f89515e27-104b351805f0.wav,30.4216,8.5367,5.336
gtcrn,p274_391_mic1-ad7c065c943a-f3d5208c6b9a.wav,26.9201,8.9365,3.209
gtcrn,p274_416_mic1-4523c790ed87-822cb3ac4388.wav,26.0902,6.0505,3.627
gtcrn,p274_436_mic1-377bacbb4787-a165556efebd.wav,32.2845,9.895,3.63
gtcrn,p274_457_mic1-3975c1845d4e-b1af65c7265b.wav,31.6453,7.456,3.508
gtcrn,p274_470_mic1-1f06bfa76f74-f79d4b441d80.wav,28.5455,9.3134,4.447
gtcrn,p275_278_mic2-f3560fe890f7-13394dfc0d86.wav,31.4099,7.9534,3.448
gtcrn,p276_006_mic2-7556640b8eee-fecc86178049.wav,25.5847,7.6976,6.444
gtcrn,p276_008_mic2-629a0fea1a8a-47ab4b33387d.wav,21.1338,6.8477,8.376
gtcrn,p276_010_mic2-1af142b322c0-ad1c6f10426e.wav,19.9136,8.0232,3.826
gtcrn,p276_042_mic2-0178469db7ae-e7ac68713c87.wav,28.3843,7.8257,3.37
gtcrn,p276_046_mic2-80c8cb0efb59-c0a83d01d2db.wav,19.2515,8.9675,3.424
gtcrn,p276_062_mic2-d08e65fa7dbf-928568e52b4d.wav,19.7893,9.0123,3.517
gtcrn,p276_085_mic2-f3d4c6c1fbf6-40f0794771ba.wav,18.1199,8.9275,3.638
gtcrn,p276_104_mic2-fec8957a6fc8-a8b3e713435b.wav,19.7231,8.6883,3.292
gtcrn,p276_175_mic2-bc9fc176512f-6073f9dd9bed.wav,25.9835,8.983,4.233
gtcrn,p276_185_mic2-5845ada53833-8cd6924d0f55.wav,21.2768,8.0264,4.071
gtcrn,p276_186_mic2-e51b69a6c267-6ecc5339b064.wav,16.6805,8.2939,3.096
gtcrn,p276_192_mic2-92007c1be57c-78ec56588ec8.wav,14.566,10.4691,3.394
gtcrn,p276_249_mic2-19139829f692-9b6f8c257599.wav,20.3166,8.9013,4.261
gtcrn,p276_259_mic2-f1dedd7aaf36-a77fc749552c.wav,23.3988,7.522,3.663
gtcrn,p276_292_mic2-52187ee62291-49dd6fd7a1b8.wav,25.8169,10.1349,4.261
gtcrn,p276_332_mic2-ee74f04eb8f6-2eddff9a45d3.wav,22.0269,7.5997,4.345
gtcrn,p277_024_mic2-582f55e3e4d4-300587006aa6.wav,32.9611,6.6057,7.503
gtcrn,p277_066_mic2-ffda5f502655-53c7f05ede29.wav,29.7667,8.1956,3.673
gtcrn,p277_144_mic2-1abe837481a9-e02f00320cb2.wav,29.5281,7.8738,4.229
gtcrn,p277_155_mic2-3131c0aa7e73-c4a71206d9bd.wav,26.8379,7.97,3.589
gtcrn,p277_166_mic2-b95253300d51-f966f920324b.wav,27.1718,8.0451,4.438
gtcrn,p277_184_mic2-097900b985ee-4d6f7a032438.wav,27.2172,8.3275,4.294
gtcrn,p277_200_mic2-b8e2cae6716a-502922116f74.wav,27.2379,9.4613,3.373
gtcrn,p277_214_mic2-71537ea36439-b009f5b95a73.wav,28.8076,7.8704,3.45
gtcrn,p277_245_mic2-8fe5b915b56a-c8b06ccd48c1.wav,29.2438,7.7966,5.039
gtcrn,p277_266_mic2-bb6c3057c0be-8484fe949066.wav,22.537,7.5817,4.4
gtcrn,p277_268_mic2-b4af10423a7d-de7b2f31fa60.wav,34.6886,10.4406,3.344
gtcrn,p277_315_mic2-ddeadc7c3e24-e786e71c7027.wav,30.3768,9.3741,3.397
gtcrn,p277_342_mic2-1ce99aef067c-c30f459f3090.wav,29.4905,8.4224,5.05
gtcrn,p277_369_mic2-6a8aaac33451-d6d8843436e1.wav,30.3513,9.6946,3.47
gtcrn,p277_389_mic2-88d8b2ac4cee-b1fb51182fd3.wav,32.2122,8.1059,3.588
gtcrn,p277_435_mic2-a7c7048ddc6e-3921db5ccda1.wav,33.247,8.7388,4.474
gtcrn,p277_455_mic2-3693d23ad7c6-7061d7a84144.wav,30.9158,9.1203,3.414
gtcrn,p277_458_mic2-1655f47f74a8-2c631e512e0a.wav,29.2334,8.2636,4.388
gtcrn,p278_002_mic2-be0656bc9a54-2728b4b9f645.wav,29.4595,8.6191,3.722
gtcrn,p278_014_mic1-6d2babc6070e-3b1928ff1871.wav,23.2799,8.237,4.915
gtcrn,p278_016_mic2-23c7491e70a6-dae31d355d7e.wav,29.7507,8.434,6.429
gtcrn,p278_031_mic2-7cbdbfb8f622-01cb4fbbac18.wav,30.8022,10.5288,3.553
gtcrn,p278_034_mic2-852929b5f723-53375ce4a35e.wav,27.0901,7.5742,4.106
gtcrn,p278_066_mic2-7572568530d4-c08bbab68171.wav,30.7311,9.2251,5.214
gtcrn,p278_073_mic2-fc130864f26e-92bdc54a7630.wav,29.2542,8.8766,3.867
gtcrn,p278_081_mic1-682bc4f658a4-6a52c743788d.wav,26.4782,9.977,3.066
gtcrn,p278_096_mic2-f09daac90b37-e652a9752ee4.wav,27.2044,8.9621,3.191
gtcrn,p278_106_mic2-cabd150df688-c5fe5ff832ed.wav,30.7952,8.7711,4.39
gtcrn,p278_118_mic2-dda70998e6c9-83d9f30405a3.wav,30.6673,7.9095,5.145
gtcrn,p278_131_mic2-246cb3c867d7-e8928b0865d3.wav,30.164,9.025,3.757
gtcrn,p278_132_mic2-ae6edddc450d-c3312147ddf9.wav,26.8189,9.1481,5.235
gtcrn,p278_149_mic2-901c4231b68a-dcc7051ea037.wav,31.2244,9.9275,3.631
gtcrn,p278_150_mic2-5879835de236-45d22ab27cb2.wav,30.8317,11.5229,3.576
gtcrn,p278_160_mic1-7c3a46f5de09-2f4274209125.wav,23.4406,9.943,3.238
gtcrn,p278_180_mic1-ae6855c39497-ad153569ebdd.wav,29.9433,7.677,3.922
gtcrn,p278_186_mic1-99a78bcf0a9e-571365cfed91.wav,24.7404,8.5733,3.719
gtcrn,p278_191_mic1-0ccb91fed113-c4dd777d2705.wav,24.4441,8.7192,3.104
gtcrn,p278_195_mic1-5851747dd2e2-65a33774298f.wav,29.8128,8.652,3.667
gtcrn,p278_215_mic2-4971d62a8978-56da0976a940.wav,28.2241,10.7345,3.349
gtcrn,p278_235_mic2-9e2e4ba67064-35a664542169.wav,30.2507,9.2158,3.084
gtcrn,p278_248_mic2-1a3d83889067-12683bfc1398.wav,29.8247,10.0131,4.401
gtcrn,p278_258_mic1-735b46823fcf-a2965f0dd5c5.wav,25.2644,9.3775,3.405
gtcrn,p278_265_mic1-d898a88854e1-5ace2855adc9.wav,27.7866,8.644,3.743
gtcrn,p278_268_mic1-b35c88073778-f77c6a565a28.wav,27.014,7.7779,3.241
gtcrn,p278_289_mic2-2897afc44c0b-efc443a61dd3.wav,32.0471,12.2402,3.222
gtcrn,p278_318_mic2-98312a43086e-caac271fa959.wav,30.9431,12.473,3.268
gtcrn,p278_336_mic2-10c8d1df2252-8156d142cdaa.wav,31.0285,10.3532,3.97
gtcrn,p278_370_mic2-7fcb7461edbb-837a1e4dd8bb.wav,31.9615,11.0548,3.842
gtcrn,p278_398_mic2-eff4141fedf6-0236b48eedb1.wav,29.9186,10.6894,3.803
gtcrn,p278_402_mic2-a1695ffc112a-cc0babee00d8.wav,31.853,8.636,3.934
gtcrn,p278_407_mic1-5254941d40a8-d57331cc6de3.wav,29.1151,11.2352,3.099
gtcrn,p279_015_mic2-041e64b26789-098c9696a34f.wav,32.4365,6.6609,5.376
gtcrn,p279_020_mic1-ef3da96fb758-72d487d56c17.wav,30.0655,9.9161,3.808
gtcrn,p279_026_mic2-a59951521e88-57c6b104d800.wav,28.6263,10.3668,3.555
gtcrn,p279_030_mic1-59f6e59a6414-3f9270f012c8.wav,25.6719,9.4084,3.28
gtcrn,p279_049_mic2-75a5200c6a55-d4e921026da0.wav,27.9528,9.1363,3.417
gtcrn,p279_058_mic2-53da8a345cbf-6a6854b94f7d.wav,30.716,9.271,3.381
gtcrn,p279_093_mic1-73dc6ee0dc03-310a3ed66468.wav,25.5322,8.5303,4.265
gtcrn,p279_132_mic1-e46c7fb1e6e2-f7a671516f5f.wav,28.0696,8.1469,4.463
gtcrn,p279_133_mic2-33223eef8bcf-6c85438a40b9.wav,32.5665,8.9204,3.129
gtcrn,p279_196_mic1-6dd82d611554-ad13b8af334b.wav,21.2491,7.9047,3.796
gtcrn,p279_238_mic2-b2363eda0851-fca366e65e24.wav,29.6875,9.1456,3.023
gtcrn,p279_327_mic2-20272236ebbf-1676837ee34d.wav,28.4438,8.1963,3.581
gtcrn,p280_005_mic1-1e989c12ce25-152e2595d659.wav,26.9671,6.3886,7.253
gtcrn,p280_018_mic1-023a05b78473-3070f39442ad.wav,25.9208,7.8633,6.197
gtcrn,p280_024_mic1-0527e27b7052-04628f7c21cf.wav,27.1429,7.3162,6.941
gtcrn,p280_025_mic1-812f3df31c3e-6cca871ed254.wav,24.4776,9.1048,3.239
gtcrn,p280_052_mic1-9113bf29282d-aba3fdd7b6e5.wav,24.5217,7.5964,3.76
gtcrn,p280_069_mic1-3ca3fccf728f-50607d430738.wav,26.5833,7.0177,4.109
gtcrn,p280_072_mic1-ec43d263fe4b-67d9495d4e18.wav,24.3399,7.3919,4.1
gtcrn,p280_078_mic1-762e95afb46c-ad35932c72c6.wav,24.7149,7.9341,4.322
gtcrn,p280_096_mic1-29d32666ec6f-4689b8e426bb.wav,26.3114,8.6381,6.154
gtcrn,p280_145_mic1-e3c51958ba41-a6e0a1c9b8a3.wav,31.4955,8.5879,3.295
gtcrn,p280_199_mic1-aaf818a6fb96-bce2e5cba076.wav,25.0094,8.9234,3.872
gtcrn,p280_389_mic1-3d67e68c973d-4005907a333c.wav,26.1479,7.8709,3.248
gtcrn,p281_163_mic2-81d51b181423-b8dfc0f0f084.wav,25.4035,8.6302,4.147
gtcrn,p283_126_mic2-657605e46b6f-1be989e0acf7.wav,28.2853,9.5884,3.11
gtcrn,p283_392_mic2-39dfa6560a07-cbeaae5eb45b.wav,20.1274,8.6313,3.22
gtcrn,p284_006_mic1-87780de97178-1b518159a541.wav,24.3075,7.5358,4.397
gtcrn,p284_009_mic1-24efef08bf8f-9a04b0a2fa24.wav,28.9542,9.4258,3.97
gtcrn,p284_012_mic1-9cd00fa7f484-1a20debab395.wav,27.7156,7.6722,3.781
gtcrn,p284_013_mic2-bfda9c0e1991-886b8952467e.wav,31.8028,7.7721,3.673
gtcrn,p284_020_mic1-be73f3f72cdc-fdf9c5c41068.wav,24.8063,9.3199,3.498
gtcrn,p284_099_mic2-aaaf16769b46-60ebb34589d2.wav,35.3942,7.94,4.527
gtcrn,p284_147_mic2-4970f53afa1d-4045c3de4e5d.wav,26.8864,8.3557,4.092
gtcrn,p284_180_mic1-8fd0a76a714c-6220bc9830dc.wav,26.8048,9.9397,3.397
gtcrn,p284_187_mic1-2b265d40623a-e27b81313422.wav,25.1189,8.0414,3.907
gtcrn,p284_187_mic2-f5a2a4b1a51b-fab09217acdf.wav,27.4633,8.6755,3.907
gtcrn,p284_198_mic2-34780f2d4669-f86ad71819cf.wav,31.8006,8.7147,3.559
gtcrn,p284_211_mic2-999139bb2992-38a326904822.wav,30.835,8.4295,4.438
gtcrn,p284_232_mic1-a5c87840fc63-825365a6cacd.wav,27.3173,6.9558,3.943
gtcrn,p284_252_mic1-da52a944c086-22411a346562.wav,26.3466,7.8777,3.243
gtcrn,p284_273_mic1-daec5083b022-6a90d218b020.wav,26.18,6.7159,3.755
gtcrn,p284_276_mic1-e2021cac81b9-16c3b2ec31e9.wav,24.9032,7.9803,3.409
gtcrn,p284_291_mic2-792ee8fe67b5-b7a477988dde.wav,28.5531,6.7833,4.782
gtcrn,p284_314_mic2-697ce9cc5f3c-34ce4eb78dbc.wav,29.5747,9.1653,4.306
gtcrn,p284_322_mic1-b5bc0c57bcf0-95d094985e8f.wav,26.5126,7.4944,3.29
gtcrn,p284_358_mic1-2fce31924d43-1075db5efcdf.wav,25.1536,7.589,3.717
gtcrn,p284_367_mic2-bcdb57dee0ea-0620e13cc0e0.wav,31.203,8.2191,3.602
gtcrn,p284_404_mic2-bf1abc76f619-736957782b5e.wav,28.6053,7.4498,3.288
gtcrn,p285_018_mic1-4b4d24ff8d63-e29ab9d03790.wav,25.269,7.3934,5.204
gtcrn,p285_027_mic2-d4c754774cf3-ac1c5e0543df.wav,11.8672,7.8837,4.691
gtcrn,p285_029_mic1-c257eb00ef13-d5d367e0511e.wav,21.1367,9.1798,3.659
gtcrn,p285_060_mic2-7ec9f544c170-7eee7aa68901.wav,27.2934,7.6707,3.757
gtcrn,p285_086_mic2-3154b6267696-3918676caa45.wav,29.9743,9.9757,3.162
gtcrn,p285_135_mic1-eaeea97a4142-2d142486c647.wav,23.8197,8.7212,3.032
gtcrn,p285_152_mic2-e274a44797c0-7d61e6444e09.wav,30.351,9.1279,3.289
gtcrn,p285_193_mic2-37207cfb15d8-1fe4c91b513b.wav,35.2601,5.9145,3.418
gtcrn,p285_224_mic2-d11edb377bc8-a8eee1e754cc.wav,30.7945,8.6775,3.158
gtcrn,p285_329_mic2-0c8918463279-21f8c2b16ad8.wav,27.6808,7.5306,3.16
gtcrn,p285_369_mic2-c00c16a515cd-f39ce356fa3a.wav,30.6273,8.1366,3.116
gtcrn,p286_015_mic2-aebd83f481d9-58621212250c.wav,33.5806,6.6563,6.02
gtcrn,p286_036_mic1-8d100fd6ff67-a0d11aa1328b.wav,25.5278,9.1117,4.559
gtcrn,p286_048_mic1-7013eb4c7194-0ef7a27702b1.wav,30.3599,9.5556,3.972
gtcrn,p286_049_mic2-c1b642f8e47c-4fb8ef9f5a06.wav,35.2046,8.9793,3.716
gtcrn,p286_057_mic2-77b3dbef2929-3b344224a339.wav,31.0738,12.5317,3.765
gtcrn,p286_080_mic1-a99aa29c1941-51cac182ef75.wav,26.0784,9.3469,3.759
gtcrn,p286_087_mic2-e739a824baf3-06969ebb16f7.wav,33.1158,8.4401,3.119
gtcrn,p286_117_mic2-c447faafa4ed-83b258471c3f.wav,31.9063,7.492,3.843
gtcrn,p286_119_mic1-9a45b26b0573-cde32d674fef.wav,29.2479,8.5076,4.168
gtcrn,p286_119_mic2-f632f754d017-725d82b998f5.wav,34.0064,9.474,4.168
gtcrn,p286_155_mic2-e2bd4cb1afef-ac0c3c95c10d.wav,31.9005,7.2627,3.385
gtcrn,p286_197_mic2-f32d11fd9ef4-14cb85c665ce.wav,25.7374,8.0318,4.775
gtcrn,p286_217_mic1-3087ac526f69-743164cc39d7.wav,29.2563,8.6515,3.154
gtcrn,p286_231_mic2-72485d0cde6c-8600aa0e92b0.wav,32.6942,8.7376,3.375
gtcrn,p286_244_mic2-5418d4e0e337-745dab34405d.wav,34.4137,8.2493,4.439
gtcrn,p286_275_mic2-0ec57dabd144-ea25dbc42be0.wav,33.1679,8.4573,3.119
gtcrn,p286_286_mic1-e7de3c8341f3-675881eee50a.wav,29.532,7.7383,3.073
gtcrn,p286_298_mic1-4715e8a31b0d-59cb08718288.wav,28.5629,8.1905,3.929
gtcrn,p286_306_mic2-09c7bab6bae4-368f24082afd.wav,32.3541,7.8846,3.973
gtcrn,p286_310_mic2-b10c59fa51bf-ff1e040015b5.wav,33.7239,7.7317,3.12
gtcrn,p286_320_mic2-92ee14e40d5e-eee47e5356f4.wav,35.8316,8.798,3.629
gtcrn,p286_333_mic1-78d5dc49b4a2-01e71c061971.wav,24.7919,9.3396,3.662
gtcrn,p286_334_mic2-5ea3ab3bd55d-d01beb443852.wav,32.8352,8.4232,3.774
gtcrn,p286_342_mic2-c90b6de8e71b-f27d3084acf2.wav,34.231,8.6236,3.842
gtcrn,p286_345_mic1-979d6385f152-5e15211b6725.wav,26.7042,11.1779,3.085
gtcrn,p286_345_mic2-03385bbf93a5-7158f3e87d97.wav,34.3698,9.8084,3.085
gtcrn,p286_356_mic2-1f4c91a13039-8ffbee9ae22c.wav,33.2076,8.9114,3.348
gtcrn,p286_383_mic1-04ec5848efa4-9811a14a1deb.wav,26.338,8.4316,3.298
gtcrn,p286_383_mic2-5083f3d4b420-c1cd58e44fd5.wav,30.3206,9.158,3.298
gtcrn,p286_410_mic1-018ae24d69fb-34a25e6c997d.wav,28.2463,8.0408,3.373
gtcrn,p286_413_mic2-ac6a7b08a9f3-e6c90d3b421e.wav,32.611,8.1566,4.399
gtcrn,p286_425_mic2-cb7262cf3581-8f6c480a56de.wav,32.4204,9.1827,3.033
gtcrn,p286_433_mic2-217364c726fe-7d0052c528c0.wav,33.5013,9.7435,3.033
gtcrn,p288_017_mic2-e3602fcee3b7-6b4665855444.wav,29.5489,8.1425,3.601
gtcrn,p288_020_mic1-92d9b9bc3e1c-b097bb49c504.wav,22.2458,8.5088,4.014
gtcrn,p288_039_mic1-930bfe54bf46-cc90aa9697c4.wav,25.8209,8.6754,4.287
gtcrn,p288_046_mic1-7c82f8f32135-6bdeb72e51bb.wav,25.6665,9.9072,4.313
gtcrn,p288_086_mic2-8e91bb76b53b-30717d0bac3f.wav,32.8306,9.4463,3.049
gtcrn,p288_089_mic1-78088f84d7c1-767c847c3815.wav,26.5305,9.1502,3.759
gtcrn,p288_093_mic1-b44d601f8185-7ecf8de20371.wav,25.9204,8.5224,3.599
gtcrn,p288_094_mic1-e855771114ce-641b2eef023f.wav,26.8008,8.3319,4.195
gtcrn,p288_111_mic1-397a39b65cd2-fe2b5e84e289.wav,24.2122,9.4935,3.689
gtcrn,p288_147_mic1-39c9b37434db-ce172bd25152.wav,27.0247,9.5652,3.055
gtcrn,p288_155_mic2-0015da0df60d-65dc6ce246e6.wav,29.4426,8.3993,4.992
gtcrn,p288_201_mic1-7409f1a7b186-17b5722da349.wav,26.5159,7.3483,4.603
gtcrn,p288_211_mic1-99b372ecc809-643b8dd936ca.wav,25.6072,10.264,3.244
gtcrn,p288_222_mic2-c21db4f6c3bb-97d656099a51.wav,24.4418,9.2624,3.256
gtcrn,p288_269_mic2-fa077af3ffa1-da8966b2e14b.wav,32.4321,7.9306,3.928
gtcrn,p288_299_mic2-b9cbd92d4c9e-4aa345d973bd.wav,27.9991,9.3539,3.16
gtcrn,p288_302_mic1-699c76e3f78b-814cea4a5f54.wav,26.2461,9.0303,4.199
gtcrn,p288_383_mic2-e35144059fcc-66b0cfd88220.wav,32.7369,9.7202,4.144
gtcrn,p288_387_mic2-5beae5ac3322-ec024a1e2ccd.wav,30.8973,9.2105,3.367
gtcrn,p292_040_mic2-e1e91b9d305b-e9eb4cffe258.wav,32.8979,8.8605,3.075
gtcrn,p292_062_mic2-d9181bd0f1ad-1351febc0039.wav,32.5835,10.5266,3.116
gtcrn,p292_064_mic2-8d7ecd6f47d8-ba7b4ac9216d.wav,25.8739,10.7902,3.077
gtcrn,p292_071_mic2-ec896a48b9d0-8894cce11ba3.wav,28.2909,10.3609,3.217
gtcrn,p292_075_mic2-e457e27b187c-27876ca3a229.wav,27.6292,8.6093,4.059
gtcrn,p292_078_mic2-b1b7684d7357-59513aa792a1.wav,34.3646,10.2579,3.398
gtcrn,p292_106_mic2-3e3b109f49df-96a516341e9b.wav,32.6671,7.9795,3.331
gtcrn,p292_118_mic2-dafb0dc06cf7-af14e823b664.wav,31.4498,11.6811,3.034
gtcrn,p292_154_mic2-f5bb299b5eed-c615c44dcd9a.wav,29.1597,8.8626,3.58
gtcrn,p292_202_mic2-ebf45bdaee61-7d25443ed89d.wav,22.861,9.6544,3.031
gtcrn,p292_223_mic2-7bbddfdb5fd6-55c3cdc53bda.wav,31.3035,8.9539,3.606
gtcrn,p292_245_mic2-664491d802f1-d33cd1b91c03.wav,32.5292,9.2554,3.033
gtcrn,p292_318_mic2-53062bb0a62e-e4770249e440.wav,30.9069,10.2898,3.075
gtcrn,p292_374_mic2-3d89bb8bbb81-9619774e3e3c.wav,31.6142,9.1295,5.336
gtcrn,p293_015_mic2-ef5e2ba602ca-7493c3d0d840.wav,29.7231,11.3725,8.087
gtcrn,p293_033_mic2-7a72c2d664c4-50fab24d4f5d.wav,30.8424,10.1451,3.838
gtcrn,p293_050_mic2-f7649c5d1c72-695b9baa2c7d.wav,30.7546,11.3054,4.566
gtcrn,p293_093_mic2-c9c1d80ae00c-220fe09597bc.wav,30.9423,11.8555,5.61
gtcrn,p293_104_mic2-4db68f597c5b-1ff2f13f614e.wav,26.1097,10.9846,4.535
gtcrn,p293_122_mic2-0b6debaa1207-49769a25a186.wav,30.8202,11.3584,4.8
gtcrn,p293_172_mic2-3f971d13b1a8-61fcd3b916cb.wav,30.9738,11.3025,3.606
gtcrn,p293_190_mic2-f908e8892aaa-03041c439d8f.wav,32.1284,10.0024,4.012
gtcrn,p293_235_mic2-28e8898f009c-b37fc8a0e77b.wav,34.5312,10.4212,3.751
gtcrn,p293_252_mic2-954e5c6e39a3-1c6613f15ebb.wav,31.582,9.9385,3.8
gtcrn,p293_259_mic2-06a950979386-7218221d2b74.wav,33.5596,10.9243,4.314
gtcrn,p293_265_mic2-62346c1b8653-7757b220fbab.wav,33.2988,11.8181,4.411
gtcrn,p293_279_mic2-0ceea7642ba4-b85d265b5b3d.wav,31.7063,10.6789,4.016
gtcrn,p293_291_mic2-7f60f2e36145-0e069b1dcad6.wav,30.8381,10.5153,3.794
gtcrn,p293_318_mic2-89e1b9ad342e-bd5338a8276f.wav,29.0713,11.0045,3.204
gtcrn,p293_331_mic2-a5c6629c49ce-cbc6a223f39d.wav,31.2927,11.0838,3.811
gtcrn,p293_358_mic2-321924e9d859-eca2e89da8b2.wav,33.9055,11.7087,4.054
gtcrn,p294_003_mic2-2eec83540cbf-982f439c41c2.wav,30.0283,8.0172,7.477
gtcrn,p294_015_mic2-6c2c1e1efddc-9683681f11e7.wav,31.8847,8.1519,6.544
gtcrn,p294_044_mic2-75ba5302265a-eb348d570fe7.wav,31.533,10.1061,3.663
gtcrn,p294_108_mic2-ff0babf1b897-3a6c5939b932.wav,26.5956,10.9533,3.347
gtcrn,p294_109_mic2-ad8455d65bf6-e4623689dfa8.wav,30.4244,9.745,3.277
gtcrn,p294_112_mic2-3053abf7e441-8127ea7e80cc.wav,29.8554,10.1889,3.345
gtcrn,p294_165_mic2-bcf919914bc8-f803c6b94981.wav,24.8761,9.5943,3.128
gtcrn,p294_213_mic2-cd01c92fdbea-e10b63b1e78e.wav,30.1898,10.4933,3.799
gtcrn,p294_214_mic2-9429287b7d0d-97a1b9df4dc7.wav,28.9784,9.6707,3.91
gtcrn,p294_231_mic2-60707aff8a80-64a5670c774d.wav,26.4037,10.7563,3.635
gtcrn,p294_314_mic2-896ab122586d-27d6f20ae545.wav,31.2894,10.3554,3.541
gtcrn,p294_351_mic2-c1f00765548e-f846187a234c.wav,27.7477,10.6416,3.211
gtcrn,p294_363_mic2-f97409f80f4d-d409f00de05c.wav,29.0141,9.5727,3.261
gtcrn,p294_371_mic2-6df095d3a2f4-84f5ea06aa93.wav,28.554,10.2851,3.429
gtcrn,p294_399_mic2-ded4ca2ba169-32fd1eb05d86.wav,31.1872,10.1401,3.258
gtcrn,p295_056_mic2-fa9eb65a7ccd-6f0c2bf144ca.wav,31.0628,9.1915,3.804
gtcrn,p295_060_mic2-8cf610a0d5e4-20b341d737a8.wav,29.0958,8.9783,3.894
gtcrn,p295_065_mic2-3b548e122ffa-85ae66e36508.wav,30.1026,9.5803,3.527
gtcrn,p295_067_mic2-e178843078b2-3a64494a8a3b.wav,28.9701,9.9121,5.302
gtcrn,p295_083_mic2-cf96b3c60256-b10b42a30560.wav,31.0132,11.4796,3.205
gtcrn,p295_084_mic2-7f92178e26f1-e1e2203999df.wav,29.9342,10.3838,3.926
gtcrn,p295_113_mic2-c41c8648b199-99f17ee4c736.wav,36.0899,10.0938,3.595
gtcrn,p295_135_mic2-d87fe4856b52-9d7d7f72988e.wav,32.9902,10.5728,4.016
gtcrn,p295_139_mic2-c542de125bfc-c9be86f86c7c.wav,31.1885,10.7773,3.457
gtcrn,p295_141_mic2-a9c811033212-45a8f131c23f.wav,29.9463,10.3802,3.602
gtcrn,p295_150_mic2-3d55806495c4-1e3d9fd4c59a.wav,34.4666,11.6804,4.182
gtcrn,p295_164_mic2-7004a0b30530-db573e6cb361.wav,30.5771,9.7343,3.038
gtcrn,p295_193_mic2-238e9c0150e1-631af43ca710.wav,31.2164,11.2358,6.891
gtcrn,p295_214_mic2-77bdda55d494-853bb966618c.wav,29.3297,9.7315,4.229
gtcrn,p295_225_mic2-1d0e784b4ac6-16691498fbef.wav,31.7801,10.6391,4.213
gtcrn,p295_226_mic2-a7f1f3297352-f72b10606be7.wav,31.5504,11.2613,4.439
gtcrn,p295_246_mic2-27c45d8318c6-e6369c0a0253.wav,31.5033,9.9674,3.888
gtcrn,p295_252_mic2-b10aec049c2c-9964dac33613.wav,31.4841,10.5106,3.329
gtcrn,p295_290_mic2-0da22a320cc1-257942f453ac.wav,30.9392,10.5526,4.093
gtcrn,p295_292_mic2-b7575a187b48-f618588a2ca6.wav,26.7844,10.9402,4.303
gtcrn,p295_329_mic2-a5da902a46b1-51aec5a926c6.wav,31.4208,10.9378,3.756
gtcrn,p295_336_mic2-7c925b954e34-04145613d2af.wav,30.7887,10.4992,5.253
gtcrn,p295_383_mic2-a2d8dbd68272-370b82f69bbf.wav,31.2169,10.9342,3.357
gtcrn,p295_400_mic2-f122b98b59a0-0876970f7984.wav,25.8228,9.7741,3.331
gtcrn,p295_423_mic2-6471d3055515-e689c0518487.wav,31.2167,10.8365,3.631
gtcrn,p297_023_mic2-92e48f121a6b-81fb5adb86f8.wav,30.1705,7.9607,12.812
gtcrn,p297_050_mic2-c682df4d2a42-ef334f59ca1c.wav,23.3752,9.6863,4.613
gtcrn,p297_053_mic2-fc31031e349f-cd09af5c9d08.wav,31.2545,9.3616,3.244
gtcrn,p297_058_mic2-46c55f3e5178-830cb102f447.wav,17.617,10.0549,3.688
gtcrn,p297_059_mic2-47d76ec31124-109281bedb97.wav,21.0386,9.9129,3.585
gtcrn,p297_074_mic2-55f61e96a470-f862ff1dcf87.wav,24.675,9.8,3.35
gtcrn,p297_078_mic2-eac9edb08c16-9dcf7366f502.wav,32.2387,9.22,5.207
gtcrn,p297_084_mic2-0dc83e4a8669-7d302ee64ad7.wav,27.3144,10.0654,5.537
gtcrn,p297_102_mic2-e8a1c34aa3f0-256fc535570b.wav,27.7441,8.8685,4.159
gtcrn,p297_147_mic2-6330705d2918-cd4343e7d6a2.wav,35.0648,8.7703,4.357
gtcrn,p297_154_mic2-b08705bdd73c-cf55efd24ef6.wav,31.3341,9.4649,4.528
gtcrn,p297_157_mic2-847a00449d93-67a946765386.wav,25.2017,10.4438,4.101
gtcrn,p297_163_mic2-b48cad69b736-a5ee0a42316d.wav,31.0197,10.8517,3.375
gtcrn,p297_166_mic2-e612cc15cf28-941547091ab0.wav,32.0714,8.8602,3.414
gtcrn,p297_177_mic2-dc1a356cc8e4-8283c9b08873.wav,29.3243,9.2134,3.077
gtcrn,p297_190_mic2-ce6f7132d151-247ef18ddba0.wav,33.4162,10.879,4.945
gtcrn,p297_203_mic2-5bd566827ccc-b9494fdfe9b6.wav,29.9524,7.9783,3.757
gtcrn,p297_228_mic2-0b643a887d05-1af678627a5a.wav,30.5212,9.017,3.289
gtcrn,p297_256_mic2-90481fec6f62-77a3896fc32b.wav,33.3565,9.3337,3.971
gtcrn,p297_273_mic2-00be1da085c2-f6d1a05fd47b.wav,31.0923,10.5072,3.146
gtcrn,p297_274_mic2-247387368927-119ee1715c33.wav,28.2005,8.5866,3.372
gtcrn,p297_277_mic2-f6f96f3b2b36-d67ec7214220.wav,28.7565,12.2683,3.42
gtcrn,p297_286_mic1-b2d39e8c1e78-e08fcf07abf6.wav,26.4823,10.5695,3.887
gtcrn,p297_290_mic2-0d81678e5a4c-09e3849f602c.wav,22.9596,9.1702,3.501
gtcrn,p297_294_mic2-43347b56d5b0-92c7b888009f.wav,30.0052,9.8583,6.419
gtcrn,p297_303_mic2-a633c17edd4c-954bc2d7e664.wav,20.4875,9.5975,3.034
gtcrn,p297_308_mic2-002ff6ae52f7-990cf33fb4b9.wav,33.7144,9.7835,3.209
gtcrn,p297_340_mic2-c37e0781de09-d9f2d22fa8dd.wav,29.993,9.7016,3.856
gtcrn,p297_355_mic2-427a21e95556-8ea2a4b54192.wav,27.2609,9.5514,4.39
gtcrn,p297_358_mic2-1d562508c887-89bb9156c964.wav,26.9339,10.1187,3.804
gtcrn,p297_399_mic2-6d88e5f128a5-decf720ae622.wav,30.0636,8.8489,4.099
gtcrn,p298_024_mic2-a9ac5c680310-426a63010fa9.wav,23.618,10.8379,7.955
gtcrn,p298_142_mic2-da1bc98842f4-cc8849a24f1a.wav,32.964,11.4141,3.813
gtcrn,p299_006_mic2-1f81fb0e7f72-616a6efa4ba3.wav,26.8479,10.0546,5.665
gtcrn,p299_024_mic2-19aed983e1df-ca45512044e3.wav,31.558,10.1128,7.357
gtcrn,p299_053_mic2-739d1ea48271-d85a0cd554be.wav,31.8083,10.302,3.756
gtcrn,p299_066_mic2-a737512b072a-e0e8268756a0.wav,20.2544,9.3187,3.5
gtcrn,p299_134_mic2-fe9da8578dce-b1f06c3f3fb7.wav,31.4324,12.1534,3.544
gtcrn,p299_138_mic2-23b3b7bbe5d0-a802e640d6c5.wav,28.822,10.2286,4.526
gtcrn,p299_161_mic2-29b262403d1a-54db90493af6.wav,23.8214,13.3907,3.117
gtcrn,p299_168_mic1-424cd2df17ce-9913de973b5f.wav,27.1644,10.8607,3.334
gtcrn,p299_170_mic2-83c01bee0007-8ea4cdeffffe.wav,25.1508,11.0051,3.333
gtcrn,p299_195_mic1-5d46811d8cad-205e5d0b91e3.wav,28.0612,11.5417,3.376
gtcrn,p299_211_mic2-10d26f598598-05e600695ce3.wav,32.6041,11.2926,3.757
gtcrn,p299_229_mic2-cd7906c84b48-9799162655f3.wav,31.1126,12.9902,3.291
gtcrn,p299_247_mic1-20ee6a561ad8-fd2667f94a8b.wav,28.1845,11.5478,3.385
gtcrn,p299_283_mic2-0ee76a042eff-5282a6db4afb.wav,28.5134,10.1002,3.12
gtcrn,p299_314_mic2-4851559c76c9-7510e82b1d12.wav,33.2552,9.6676,3.441
gtcrn,p299_318_mic2-a0de8003b0b2-d8afe4af56f0.wav,29.8315,11.5781,3.623
gtcrn,p299_326_mic2-1be67041c6cc-a61cdc8a2899.wav,28.0599,9.9352,3.123
gtcrn,p299_405_mic2-4f60d1ffa9a3-135fabab0912.wav,36.2484,11.1988,3.984
gtcrn,p300_019_mic2-e98549275582-8499862a91cc.wav,28.422,10.4311,7.851
gtcrn,p300_080_mic2-a662d712feee-a17d7320c572.wav,29.2139,11.0738,5.379
gtcrn,p300_393_mic2-57fefd455f21-cb9108575a7a.wav,31.9124,10.7181,3.629
gtcrn,p300_395_mic2-352975a75aa2-76423d754898.wav,23.4927,10.6611,5.964
gtcrn,p301_008_mic2-eac5179f1dcd-710bbde3ffba.wav,29.7948,9.734,8.443
gtcrn,p301_010_mic2-a446dc2902b2-62b93c80e6b7.wav,31.7316,11.1636,3.916
gtcrn,p301_013_mic2-11645f98e890-42f136a0bd1f.wav,23.27,10.8912,5.126
gtcrn,p301_022_mic2-2c2624f75745-196f029fbf47.wav,28.2623,9.1281,7.544
gtcrn,p301_024_mic1-bb946418df71-1884218e794a.wav,27.6143,8.6009,8.092
gtcrn,p301_031_mic2-b871decf3ab9-f99677a986b5.wav,29.5694,11.5585,3.251
gtcrn,p301_051_mic2-0328f26b392f-297a16d19cf4.wav,32.0537,10.9467,3.439
gtcrn,p301_055_mic2-e7a9052ea67a-d1eef665f484.wav,28.8781,10.353,4.658
gtcrn,p301_058_mic2-8ae6ae50e091-026308e314f6.wav,28.601,11.4779,4.289
gtcrn,p301_061_mic2-75e3deede450-cdf479994563.wav,29.1364,10.2667,4.441
gtcrn,p301_064_mic2-784a2c4833a6-87add932708a.wav,30.6062,11.8742,5.048
gtcrn,p301_072_mic2-dd287dbf3b60-f4dfdd6e413d.wav,30.1385,10.0235,4.642
gtcrn,p301_091_mic1-e8adf751c086-074be3e67972.wav,27.9916,12.2142,3.749
gtcrn,p301_092_mic1-a45bccb2bd9a-4433dbad1268.wav,27.6798,9.0511,5.096
gtcrn,p301_094_mic2-cd47d9128b41-c887dba4d7cb.wav,27.0399,11.5067,5.267
gtcrn,p301_110_mic2-d4e94ee5be0e-ce58de64b2ec.wav,28.6788,10.4667,4.188
gtcrn,p301_111_mic2-6737460066c0-efcf625a7cf3.wav,31.6411,9.5754,5.997
gtcrn,p301_115_mic2-3ee88c50df4c-dd005ceaa842.wav,29.2921,11.7141,4.589
gtcrn,p301_126_mic1-27a83dbf074c-50d5d1ffc98b.wav,29.8117,11.0203,5.389
gtcrn,p301_129_mic2-74e3d37583a9-393cf794014a.wav,28.8478,11.1836,4.443
gtcrn,p301_134_mic1-2554e4de4c46-c2d4c451c0c0.wav,26.6554,9.317,4.891
gtcrn,p301_134_mic2-cbfbefaef7e0-567e61daeb98.wav,28.0005,9.205,4.891
gtcrn,p301_149_mic1-61ad2e9f7296-b2cad03b76b3.wav,27.496,12.7607,4.499
gtcrn,p301_151_mic2-f7d6c35086d9-0e21ee3be2fa.wav,28.3383,9.0787,5.008
gtcrn,p301_152_mic1-8eb9746301ad-50acf436be6a.wav,27.8447,10.0383,3.872
gtcrn,p301_171_mic2-3ea4b7efbf95-0329485e1289.wav,31.3013,10.4885,4.345
gtcrn,p301_173_mic2-ab0235f9e513-7c1dee20679b.wav,29.4604,12.1573,3.804
gtcrn,p301_178_mic2-637fdd92d40e-ba1aa2a955fb.wav,31.32,10.1178,4.01
gtcrn,p301_229_mic2-a41fb44fbcc0-e8249fb39869.wav,28.4422,10.9324,4.06
gtcrn,p301_231_mic2-9f127bbcfa92-645d9914014e.wav,29.7582,11.3429,3.88
gtcrn,p301_240_mic2-3b98ffd00b34-536e71394557.wav,25.6969,10.8047,5.406
gtcrn,p301_255_mic2-626a2accba2d-371d83997fa5.wav,28.0371,11.0809,4.524
gtcrn,p301_259_mic2-cf613e245c4f-bbb9c8d9a6ad.wav,32.9769,10.2478,5.254
gtcrn,p301_266_mic2-78bf21236a85-6c3ab1ea1dbe.wav,29.0806,10.6401,3.613
gtcrn,p301_271_mic2-9c5723da2d52-568e52f7bf55.wav,26.0945,11.1398,4.012
gtcrn,p301_321_mic2-4f315bd85bd5-1d0ceed284ff.wav,33.0362,9.9485,4.487
gtcrn,p301_330_mic2-70685173cdce-c7ea3ec264e8.wav,30.3965,9.6105,4.352
gtcrn,p301_331_mic2-d774bf96fc27-e8ca9fb3fb2e.wav,34.5888,10.713,5.305
gtcrn,p301_339_mic1-9460c0281567-ada377782f80.wav,27.7352,13.8672,5.017
gtcrn,p301_351_mic2-3567475b050f-08107a867657.wav,30.2026,10.224,3.713
gtcrn,p301_352_mic1-26f33360361e-e15adc86f34c.wav,29.9287,10.1588,4.394
gtcrn,p301_361_mic1-91bed28aa5a0-a2e74aa4a9b9.wav,27.9704,13.4569,3.843
gtcrn,p301_367_mic2-aecdd65aa0df-08a6b24085d4.wav,29.0312,10.6215,4.106
gtcrn,p301_371_mic1-29fb0fbc6900-dd5ea574136d.wav,28.8494,9.7392,4.665
gtcrn,p301_406_mic1-eaffb5f39046-31188bd77af8.wav,31.3207,11.9091,3.096
gtcrn,p302_040_mic2-b8e8fefc2b17-8020e6db5dd7.wav,28.6269,10.4085,3.823
gtcrn,p302_081_mic1-9953723d3d9b-4e611a7df0d9.wav,25.9288,9.4327,3.67
gtcrn,p302_131_mic2-96a6a0a1bbee-0aa13de85727.wav,30.6682,9.5004,3.488
gtcrn,p302_134_mic2-585dc4a2a420-8dffa5325e4c.wav,32.6414,9.4868,3.121
gtcrn,p302_137_mic1-e45db6c222e4-a2a336ce0409.wav,26.414,8.9445,3.557
gtcrn,p302_138_mic2-3f1ef95b1733-9efb66e4ad65.wav,28.1462,9.6956,4.041
gtcrn,p302_148_mic2-64fe476483cd-f301be2eb023.wav,29.4527,10.2276,4.27
gtcrn,p302_175_mic2-5e7076f8e3ce-189b1d0157b0.wav,28.819,10.0521,3.398
gtcrn,p302_180_mic2-68e02b65529d-0824cad61c02.wav,33.246,10.8307,3.554
gtcrn,p302_211_mic2-d62caa739af2-2c21542ccf3c.wav,27.237,10.5193,3.689
gtcrn,p302_260_mic2-343577497f62-3256f72ee22b.wav,31.0267,10.6561,3.577
gtcrn,p302_261_mic2-5a7b4213a188-8d0300e9d459.wav,29.6171,10.9008,4.583
gtcrn,p302_272_mic2-1d5f431391a7-f66f80285799.wav,32.3143,11.3478,3.513
gtcrn,p302_278_mic2-47a45482fa7e-ab5863a2b3d1.wav,29.9873,8.8613,3.224
gtcrn,p302_286_mic2-0d0055ccef4e-69f59c8ebe7a.wav,30.974,11.0714,3.546
gtcrn,p302_295_mic2-d13b66a6dac6-7224d1963b0f.wav,29.9293,9.5845,3.075
gtcrn,p302_305_mic2-23f48b05c4f3-1042ccd64fc5.wav,31.1074,9.3584,3.844
gtcrn,p302_307_mic2-994bc5ca469a-5a65601c7067.wav,31.9285,11.1641,3.108
gtcrn,p303_010_mic2-0e88ee63651a-b1c4f77886de.wav,23.698,10.3622,4.214
gtcrn,p303_014_mic2-af3a9506031d-4cb8041906a8.wav,16.0681,8.7459,5.995
gtcrn,p303_032_mic2-452729adf37a-87ecafd9a412.wav,28.5284,9.6988,3.546
gtcrn,p303_038_mic2-ee23ae9d90b0-23f0ba4e520d.wav,21.0762,9.262,4.61
gtcrn,p303_054_mic2-e49452fbc0bb-4ddff17e12b3.wav,27.7291,10.952,4.47
gtcrn,p303_095_mic2-c3b33fa16bf4-b11746941f42.wav,21.7238,9.6367,4.309
gtcrn,p303_102_mic2-44bf7f7e2297-904b7753fd21.wav,16.3894,8.1601,4.697
gtcrn,p303_106_mic2-8afea0516fe6-efbb3a2a7598.wav,26.2201,8.3645,4.275
gtcrn,p303_131_mic2-0c3aabe8a3c1-a85c7d615d4c.wav,20.7773,9.9212,3.549
gtcrn,p303_149_mic2-0f5f52564fdc-af81918f6e65.wav,20.9569,10.6392,4.785
gtcrn,p303_152_mic2-aa82cb6b08f8-55c29051c890.wav,23.9711,9.9966,5.011
gtcrn,p303_207_mic2-456bccf6a3d5-9a4900290d67.wav,25.696,8.6045,3.032
gtcrn,p303_222_mic2-6958aa355c30-923b3064a518.wav,29.1627,10.4031,4.194
gtcrn,p303_225_mic2-7ca2aea141b9-ab006af1e725.wav,32.328,10.3406,6.554
gtcrn,p303_230_mic2-98577c1a7749-8d8be49d8368.wav,17.4838,11.8432,5.204
gtcrn,p303_234_mic2-c9af0dfe82bc-959b19ef01ad.wav,24.921,10.2131,4.89
gtcrn,p303_236_mic2-a3e0c9802280-1eb6f80a1e31.wav,22.7257,10.1081,3.03
gtcrn,p303_238_mic2-275d9df42d32-b6ab862763a5.wav,24.2148,10.0231,4.433
gtcrn,p303_255_mic2-7074d2722672-65558e62180c.wav,20.8705,10.02,4.042
gtcrn,p303_311_mic2-caefb957b47b-6a826df9e3d9.wav,28.2379,11.6793,4.823
gtcrn,p303_334_mic2-f485689dd14a-c4e09d91dada.wav,24.8041,8.3745,3.969
gtcrn,p303_335_mic2-282956914d19-167c1fe76475.wav,29.7235,9.025,4.091
gtcrn,p303_341_mic2-57aebe8f9928-b5a84ea3e6dd.wav,21.4847,9.3608,4.133
gtcrn,p303_343_mic2-18bb4df09aa0-47922b8952de.wav,26.2291,9.2921,3.91
gtcrn,p303_350_mic2-808c24fa3f39-fb20e746cbda.wav,13.435,10.215,4.212
gtcrn,p304_008_mic1-c4ba5b80ac9d-cfb7927c3c92.wav,27.6623,8.536,8.133
gtcrn,p304_031_mic2-0a896c71ac2e-8b5c6493c279.wav,31.1781,13.7397,3.952
gtcrn,p304_035_mic2-3cc269af4087-5db4cdc94030.wav,30.8558,12.4421,3.504
gtcrn,p304_048_mic2-c07b192e3f84-6926bcd616f9.wav,32.5681,13.3235,3.971
gtcrn,p304_057_mic2-dc1fc8fd66a1-71dc29f33d61.wav,32.4518,12.3521,3.289
gtcrn,p304_085_mic2-da83e5f336ea-869a0337846e.wav,30.3296,11.5782,3.295
gtcrn,p304_095_mic2-8a6adadba348-d3c62bd19f40.wav,33.1879,14.3594,3.355
gtcrn,p304_107_mic2-3163238ff75d-50868c8dd37c.wav,33.6801,11.7051,4.229
gtcrn,p304_175_mic2-def787f792bd-617e209b2b04.wav,30.7652,12.269,3.366
gtcrn,p304_210_mic2-2919c83ecd33-a475ee3b93c2.wav,35.2636,11.4164,4.085
gtcrn,p304_258_mic2-9208dd7a29bc-ddf1da108ea9.wav,31.601,12.09,3.37
gtcrn,p304_263_mic2-d053dac57a6c-dcd62208cd34.wav,35.0442,11.3043,3.131
gtcrn,p304_307_mic2-18441f16e208-6a9228b3c259.wav,32.2597,11.3661,3.673
gtcrn,p304_342_mic2-9e40575f2c94-75dad5044fc3.wav,34.1718,13.9292,3.547
gtcrn,p304_365_mic2-01926fb1b6b9-4ae0e85893d1.wav,32.0974,11.9949,3.235
gtcrn,p304_371_mic2-561487198b88-0b7fad09586f.wav,33.9041,12.987,4.008
gtcrn,p304_414_mic2-569d8fb6ef91-12d19b2d9e85.wav,33.8024,11.6037,3.501
gtcrn,p304_420_mic2-0df60984097c-9888aba22c91.wav,37.2152,16.849,3.158
gtcrn,p305_006_mic2-14c48e5d3370-19150e8af6bc.wav,27.0081,8.4314,5.663
gtcrn,p305_028_mic2-89e522208fcd-b3ded2d53527.wav,18.3665,10.0656,3.922
gtcrn,p305_033_mic2-4eb44d3892cf-ed74a0b79712.wav,27.475,9.4198,3.46
gtcrn,p305_067_mic2-a0dd60cbad0e-1155d6bf0452.wav,26.623,8.9824,3.547
gtcrn,p305_081_mic2-6ce550a81cca-e3465f171a5e.wav,29.8622,9.7614,4.479
gtcrn,p305_094_mic2-d9f68f24c8c8-b87213ab5225.wav,25.223,7.7829,3.885
gtcrn,p305_130_mic2-c9380d2d8bfe-59cd36e11172.wav,27.7128,9.1797,4.583
gtcrn,p305_143_mic2-2bb6a5accd68-143448eaa846.wav,31.1344,8.951,3.216
gtcrn,p305_147_mic2-e639477728ec-bb25e79e8c35.wav,26.1395,9.1973,3.909
gtcrn,p305_156_mic2-82223393fe14-accbec7e327d.wav,27.7844,9.4698,3.277
gtcrn,p305_174_mic2-497c7c17680d-f599b8a99047.wav,24.8776,8.2735,3.713
gtcrn,p305_195_mic2-86c62deaa2b0-3f6cf5ebd2c5.wav,24.0382,10.9617,3.072
gtcrn,p305_222_mic2-14dbe705c568-c67b94e223c3.wav,25.7452,9.2622,3.533
gtcrn,p305_335_mic2-e15a6bb6cf03-bf8208c999c5.wav,26.4598,9.0258,4.329
gtcrn,p305_373_mic2-c496d8a4e306-06ba369ea1e0.wav,29.8038,9.3571,3.076
gtcrn,p305_414_mic2-1ac40a1ce8aa-8566bf2b0a5b.wav,28.6454,9.5821,3.45
gtcrn,p306_003_mic2-dc16f5b66f20-be55e35a2dbe.wav,27.1463,9.6062,8.83
gtcrn,p306_009_mic2-18fc2d057305-888b66258fe8.wav,25.353,10.0808,6.171
gtcrn,p306_025_mic2-442fc2b753cf-1f0bfd877b22.wav,26.3391,11.1879,6.304
gtcrn,p306_032_mic2-fd069f269d1a-89a4b86a46d5.wav,14.1145,11.7808,4.385
gtcrn,p306_045_mic2-1e4b300e400a-3a5d9c3d7372.wav,29.102,11.7192,4.539
gtcrn,p306_046_mic2-2dabf1bcfeb2-6c6309e72311.wav,27.643,10.1041,4.731
gtcrn,p306_090_mic2-805c03545e96-7ee08997b325.wav,28.7636,11.4671,4.982
gtcrn,p306_099_mic2-dfc280bdab7b-aac5180f7ede.wav,26.429,9.9052,5.733
gtcrn,p306_104_mic2-1cb09ed5eb82-cb462fa4c6dc.wav,28.3143,10.105,3.799
gtcrn,p306_131_mic2-1ce314f5f452-f7f6bfff65ee.wav,28.545,10.8395,3.913
gtcrn,p306_133_mic2-d11fada9c328-d9e51e7d01a0.wav,23.5683,9.0871,3.76
gtcrn,p306_174_mic2-0911aabeb2d0-83c3cb15ee35.wav,28.7092,11.93,4.143
gtcrn,p306_212_mic2-14968857fb21-da7397481f8f.wav,26.0127,10.1651,4.362
gtcrn,p306_237_mic2-840d35bec1bb-b046f4749231.wav,24.2051,11.8031,4.626
gtcrn,p306_240_mic2-41c7976fbb54-2eb30d54132a.wav,32.4731,11.5652,4.185
gtcrn,p306_245_mic2-ddada8d05c12-0aa2850baf0b.wav,31.2842,11.0674,6.378
gtcrn,p306_269_mic2-c176778c1ae4-4fa8f0d54280.wav,32.4026,12.2557,5.083
gtcrn,p306_322_mic2-03ac1418d43e-477e3f23362c.wav,24.4644,11.4995,6.481
gtcrn,p306_335_mic2-f796bce3d7e7-dfe229527884.wav,29.5676,10.6067,3.991
gtcrn,p306_351_mic2-42ab99ba3621-3b86c1882661.wav,29.0568,10.8496,6.887
gtcrn,p307_010_mic2-29eb880caf22-cee123e5e3b7.wav,30.1899,11.6713,4.042
gtcrn,p307_011_mic2-4c7bc10db0dd-9e66ab1868c9.wav,28.2363,12.312,7.541
gtcrn,p307_012_mic2-75abde3a45f9-1a74bb7fc9f7.wav,29.5077,10.889,5.367
gtcrn,p307_045_mic2-073958afe0ec-4c434aa9f6fd.wav,30.4923,11.5053,4.991
gtcrn,p307_052_mic2-7f51eb24776d-9b1be79997a2.wav,29.3144,9.6727,3.531
gtcrn,p307_054_mic2-d2af08e584ee-1faac370fa0c.wav,29.1017,10.7968,4.64
gtcrn,p307_055_mic2-cebd107d1de4-03fbe0365182.wav,29.6112,12.0368,4.507
gtcrn,p307_058_mic2-c970bc5a8ba1-367613dc1fca.wav,29.9278,11.3979,3.42
gtcrn,p307_064_mic2-3e9dcff930fa-c250039471be.wav,28.9827,11.987,5.668
gtcrn,p307_065_mic2-5a42ea209ead-56dc062f7743.wav,30.0551,11.7764,6.753
gtcrn,p307_092_mic2-34e74ac4e01f-f2a8079ead11.wav,31.4748,11.4751,4.926
gtcrn,p307_094_mic2-34969f851ac5-e8e5df52ff62.wav,29.1214,10.1604,4.171
gtcrn,p307_106_mic2-c3d4ab7c009f-6c910251095c.wav,23.4037,10.2343,4.312
gtcrn,p307_113_mic2-5301dd772e21-486bbe90b249.wav,30.2058,11.8522,4.028
gtcrn,p307_118_mic2-c1166bb2c6e8-acd1036bec7b.wav,30.2412,11.1164,4.574
gtcrn,p307_147_mic2-f829c6760338-c57a83dd99ec.wav,27.8855,11.0787,4.512
gtcrn,p307_148_mic2-0e7a35e4c5d4-f74a97754c29.wav,30.1702,11.1856,4.43
gtcrn,p307_158_mic2-ace83d467f05-91b24f7e912b.wav,25.98,11.6491,4.16
gtcrn,p307_180_mic1-d704cfc624e9-7db3ddde5bec.wav,24.346,9.8501,4.991
gtcrn,p307_181_mic2-143cc34a77dd-8ec6510ed352.wav,30.554,11.3313,4.381
gtcrn,p307_187_mic2-92b61760f068-243ee0f37b1e.wav,27.6776,11.7612,3.707
gtcrn,p307_195_mic2-3d824593d16b-8a89f3f5d210.wav,31.0169,10.6622,3.821
gtcrn,p307_201_mic2-a3caa8bbb815-b3692f509120.wav,35.7442,13.2444,3.131
gtcrn,p307_206_mic2-8cbed831b6ba-0b982bbc5048.wav,31.9447,11.5717,4.327
gtcrn,p307_207_mic1-613e80a91133-8172822deb26.wav,27.4272,8.0727,4.952
gtcrn,p307_208_mic2-2c7bd51feaae-d52c33ff2094.wav,30.6264,11.0586,3.363
gtcrn,p307_217_mic2-609803cd763e-3c27c16baa39.wav,29.2993,11.2815,4.333
gtcrn,p307_232_mic2-8b4756879f16-0eecb2ed029b.wav,31.7879,11.3068,3.737
gtcrn,p307_245_mic2-c6ef7dd83e87-586c7da17b5b.wav,26.0277,11.3418,4.481
gtcrn,p307_254_mic2-5432b419c034-8cf8dacb3779.wav,30.2155,11.7514,3.594
gtcrn,p307_258_mic2-83caf11802a4-a8f361dd7940.wav,29.1192,11.7352,4.203
gtcrn,p307_262_mic2-abb2bd9e82d2-9efb1ce6ee20.wav,28.0434,10.5605,4.426
gtcrn,p307_273_mic2-99a88093ae7d-a0a3b1a8d07c.wav,27.5983,10.8142,3.941
gtcrn,p307_291_mic2-d4c0483bcd4f-12cfdf73f983.wav,28.349,11.2893,5.425
gtcrn,p307_305_mic2-9061db9c49ba-8b3625e86be0.wav,28.1217,11.1509,4.311
gtcrn,p307_313_mic2-a6035dae71fc-0e8e6828cc66.wav,32.02,10.2764,3.891
gtcrn,p307_317_mic2-d4ce80d2dce9-016ca85a548f.wav,30.2577,10.6303,4.287
gtcrn,p307_358_mic1-79444a4a26b2-54dfc53b025e.wav,26.5416,10.6069,3.609
gtcrn,p307_360_mic2-463d8798594b-504fc4dbe667.wav,30.0228,12.3084,3.135
gtcrn,p307_367_mic2-69f667e73669-988a0231b0b2.wav,30.9716,10.4026,3.667
gtcrn,p307_373_mic2-72b58c9834c8-2e2273184b15.wav,27.704,10.8405,3.793
gtcrn,p307_419_mic2-2d39f74379e8-2d51afa5e4a4.wav,30.3221,11.0979,3.928
gtcrn,p308_043_mic2-3805d06bd6f0-7d404babbf8e.wav,28.3121,12.1784,3.117
gtcrn,p308_061_mic2-87a58ebb29b4-31f66f0746a3.wav,22.6143,10.972,4.353
gtcrn,p308_214_mic2-3a307e5a7e56-19ba907264eb.wav,31.359,11.7839,3.589
gtcrn,p308_261_mic2-ec49269eb248-231873c87d11.wav,32.3912,10.8181,3.075
gtcrn,p308_285_mic2-b843c07e714d-0c8857907fe4.wav,31.1093,10.6058,3.329
gtcrn,p308_306_mic2-20fc4649e3ed-06a592ac60c1.wav,29.0078,11.8122,3.162
gtcrn,p308_377_mic2-bc817e96a4de-958c5ac885a7.wav,28.2704,11.6552,3.499
gtcrn,p308_411_mic2-e709c0966297-4941463ad16e.wav,28.2026,11.8659,4.012
gtcrn,p308_413_mic2-884d5aa62b4a-32ab75a8d75c.wav,30.978,12.4865,4.729
gtcrn,p308_417_mic2-4a01bb47fd7e-3d1e31af7a25.wav,28.388,11.8843,3.588
gtcrn,p310_008_mic2-146e41af7e83-61dc601feeb6.wav,26.3424,7.0223,8.301
gtcrn,p310_019_mic2-fee821d37b8f-08d6ac30639e.wav,24.4979,8.622,7.862
gtcrn,p310_021_mic2-9173a93fd3a7-ca7f1a55f353.wav,29.1209,6.8571,10.903
gtcrn,p310_032_mic2-3d357f141905-b81ccf014000.wav,26.7843,9.6691,3.856
gtcrn,p310_111_mic2-a1616cce0cc1-591252c9fd85.wav,26.6254,9.2549,3.475
gtcrn,p310_128_mic2-65fd4af2504b-09dc0b1a078f.wav,26.5663,10.9644,3.971
gtcrn,p310_145_mic2-3f9798301bf8-3650dda0a536.wav,27.3028,9.9337,3.416
gtcrn,p310_164_mic2-a1377df477b1-47ff1003cc40.wav,29.4259,9.7199,3.266
gtcrn,p310_229_mic2-6ead4e674554-407435760f98.wav,27.4358,10.111,3.175
gtcrn,p310_278_mic2-90a0a0877162-012fe619159e.wav,27.0136,9.7527,4.16
gtcrn,p310_282_mic2-984f200c8d69-5ccb99c12dc2.wav,27.9888,9.0262,3.328
gtcrn,p310_318_mic2-4b9e4dcaf9d2-ca9de60adc6f.wav,22.5913,9.6571,5.168
gtcrn,p310_359_mic2-ad7b8bbe95b8-e67081aa22b8.wav,27.2239,9.1243,4.683
gtcrn,p310_381_mic2-0f0ea7b14c3f-43b2a4e3f74b.wav,25.9181,9.5947,3.161
gtcrn,p310_388_mic2-d5d08d0b1932-5accaadb4972.wav,25.3367,9.1412,4.591
gtcrn,p310_396_mic2-6f9b4773e0a4-18933b83a814.wav,27.6042,10.1202,3.229
gtcrn,p310_416_mic2-f2d9e7ef0ea3-a30d68e522e8.wav,28.5257,9.4511,3.392
gtcrn,p310_418_mic2-8c31fb44fcd2-d5d799fad9cf.wav,28.1284,9.4276,3.673
gtcrn,p311_007_mic2-bf08b56b03f9-3a34a966279f.wav,30.4148,11.6781,6.119
gtcrn,p311_009_mic2-b0a7a0484bd9-349fc3f98675.wav,31.6471,10.3442,4.666
gtcrn,p311_011_mic2-2edead142117-8d60e7374c4d.wav,31.4651,10.4236,6.468
gtcrn,p311_012_mic2-d4e245547d75-d463f020acfd.wav,29.1317,11.8686,5.128
gtcrn,p311_020_mic2-a61fd7277433-c691796f74cd.wav,29.4491,12.8493,4.579
gtcrn,p311_033_mic2-733ea9b18403-583ae0525d6d.wav,26.1531,10.4332,3.721
gtcrn,p311_038_mic2-2e305beb3697-c6bc1e520752.wav,29.7339,12.1905,3.381
gtcrn,p311_087_mic2-f57b0c5198c6-08c2f2c57641.wav,31.9366,10.5502,3.577
gtcrn,p311_096_mic1-474bc97f4a8d-fec950efaff0.wav,28.0573,10.7722,3.159
gtcrn,p311_125_mic2-88381bff03b8-9cb3f3c6eac9.wav,26.9293,12.754,3.22
gtcrn,p311_142_mic1-0496725d8450-b49fd7c9a3f2.wav,27.6988,13.8017,3.464
gtcrn,p311_219_mic2-f8700e08debb-55406f17244d.wav,34.0762,10.7581,3.954
gtcrn,p311_256_mic2-8477ff8ad5a6-8b698896748a.wav,29.0434,9.1965,3.675
gtcrn,p311_285_mic1-2836386f9033-4ec9fb918e52.wav,26.8984,11.9109,3.425
gtcrn,p311_341_mic1-64a984cbffd0-f6aad86d1eb4.wav,25.9624,12.5366,3.243
gtcrn,p311_348_mic1-905da95455e8-336e39149c2a.wav,26.6335,14.0019,3.558
gtcrn,p311_348_mic2-7504ee23afe5-f7aafb5ba361.wav,29.8249,9.673,3.558
gtcrn,p311_356_mic1-62cb36b7629f-b55099adbe12.wav,27.4017,14.4718,3.028
gtcrn,p311_366_mic2-0f1592c712c6-6f029f46779b.wav,30.9965,11.1308,3.313
gtcrn,p311_417_mic2-293ccef3bdbd-a3312315304a.wav,25.3143,12.3561,3.587
gtcrn,p312_011_mic1-47c1f15ef145-fee58aa2d176.wav,29.0512,7.4847,7.127
gtcrn,p312_027_mic1-1c5e5e5485d5-389cf20e2b72.wav,29.8252,7.4793,4.1
gtcrn,p312_058_mic1-7eadfd5db003-c1472c303f9d.wav,27.1542,7.8392,3.246
gtcrn,p312_073_mic1-b74a3b8199ad-1694a17562ac.wav,30.2921,7.9075,3.074
gtcrn,p312_123_mic1-670bbe3ef441-ae573fd5140c.wav,29.9721,8.0681,3.716
gtcrn,p312_182_mic2-f76575668a10-c1288e02df1f.wav,34.4901,9.0066,3.033
gtcrn,p312_237_mic1-8c5b9e91c4c6-f240416fc6da.wav,27.9168,9.7841,3.215
gtcrn,p312_262_mic1-dcdf14dd3b69-98c5a851eb56.wav,27.5286,11.7597,3.185
gtcrn,p312_393_mic1-e34413053ae1-03835facddcb.wav,27.6698,9.3275,3.462
gtcrn,p313_003_mic2-84fe2c2123da-f0d7744d57af.wav,25.4677,10.8161,10.134
gtcrn,p313_009_mic2-f64b5786d572-b65793a3e8a0.wav,25.7802,10.9141,5.483
gtcrn,p313_010_mic2-0143a10a4be5-635739aec365.wav,28.8375,11.7664,4.923
gtcrn,p313_012_mic2-6c72dcd01219-e5bb6b56e299.wav,27.2968,11.828,7.099
gtcrn,p313_015_mic2-2aefa50fcd94-6023448f7895.wav,25.2577,10.3141,6.514
gtcrn,p313_019_mic2-41079c571e95-ae54edd064b8.wav,25.9675,10.3922,7.714
gtcrn,p313_061_mic2-2a0bb28e185c-308fc9a73da5.wav,25.6673,10.4296,4.229
gtcrn,p313_068_mic2-febb3a808527-f2254f9b7a33.wav,25.981,11.9316,5.125
gtcrn,p313_091_mic2-5d9694949240-4d68061241ef.wav,28.8806,12.9364,5.466
gtcrn,p313_134_mic2-fc9c91921f63-b78a58e58a40.wav,27.3092,10.4476,3.329
gtcrn,p313_178_mic2-8b498068c897-4a164120608f.wav,27.4982,10.9932,3.414
gtcrn,p313_196_mic2-4f78842e2808-023e19543844.wav,24.058,10.5611,3.162
gtcrn,p313_243_mic2-f7c4ed278909-8122e9868313.wav,23.5942,12.1342,4.366
gtcrn,p313_281_mic2-f831c1848c31-b972c84d7fd6.wav,27.9279,11.1682,4.739
gtcrn,p313_355_mic2-e2f3476bbd68-ace068814fb5.wav,27.5492,11.1499,4.289
gtcrn,p314_006_mic2-cc9beab68b06-6b1bb6d297dd.wav,31.7942,9.4749,6.125
gtcrn,p314_008_mic2-0d7f22266bcf-30a101d76bd2.wav,32.6083,8.4772,7.661
gtcrn,p314_014_mic2-724711b29a19-ba0abc196f25.wav,32.8201,8.4476,5.334
gtcrn,p314_044_mic2-f1d3967c7c0d-4f0203d1f363.wav,29.515,9.3687,4.201
gtcrn,p314_053_mic2-f1b4efe2b046-f9c42a5e66bd.wav,26.4669,9.5314,3.118
gtcrn,p314_061_mic2-7d2d42c5d5dc-8b0cfd55241c.wav,26.4083,10.3754,3.002
gtcrn,p314_092_mic2-83d7e767d8e8-aa5120addb1e.wav,30.3052,10.4165,3.545
gtcrn,p314_108_mic2-f6593cb61c7f-b2c8cf4ccf6c.wav,23.2042,10.0827,3.331
gtcrn,p314_157_mic2-a836c723bb59-311ef3758be0.wav,29.7345,10.0055,3.075
gtcrn,p314_212_mic2-70c931bcd590-aaf7ecf3b0ab.wav,29.695,9.4021,3.913
gtcrn,p314_233_mic2-774d4bc239b3-163dc14c817c.wav,32.9074,9.2631,3.545
gtcrn,p314_265_mic2-38147553524e-b8d295765bfd.wav,23.9733,8.5563,3.717
gtcrn,p314_313_mic2-39db92f8ff43-c22f59bd9782.wav,34.1141,9.9325,3.109
gtcrn,p314_327_mic2-46e45ff27d10-b9643c7a38e9.wav,30.6047,9.0742,3.76
gtcrn,p314_348_mic2-839ca989d15c-12b1b509f705.wav,25.7175,9.1932,3.346
gtcrn,p314_374_mic2-84b5493f15c8-e41eaa79823f.wav,30.364,9.9845,3.843
gtcrn,p314_407_mic2-448619ea90bb-ce9d3184a6e3.wav,28.0778,9.486,3.14
gtcrn,p314_418_mic2-f3309ce64bd4-d3264b3176bc.wav,26.102,8.9176,3.118
gtcrn,p316_069_mic2-7462c0b424f9-92d5f9567141.wav,30.9745,9.5651,3.347
gtcrn,p316_138_mic2-7d89d52bbfff-55179b3570ac.wav,29.6754,10.5207,4.095
gtcrn,p317_002_mic2-68bd663bbe69-22458d0ed502.wav,28.8622,9.6745,3.286
gtcrn,p317_006_mic2-1ec87c5b5389-720c1ee31413.wav,28.182,9.5439,6.679
gtcrn,p317_015_mic2-6aebea204691-d56da3f2c21d.wav,29.1654,11.1219,6.314
gtcrn,p317_021_mic2-28ba365e4a12-2d77763e544e.wav,30.2081,9.0657,9.713
gtcrn,p317_030_mic2-48736dd2332c-652c06bdebcf.wav,29.3888,10.6828,3.459
gtcrn,p317_049_mic2-3d76cdd1d451-3674f86766bd.wav,31.9738,11.1143,3.429
gtcrn,p317_053_mic2-b609ad9c8d16-9e658e5c61ca.wav,32.0987,9.7916,3.103
gtcrn,p317_074_mic2-bb5ef71a4eba-d0db4394d16d.wav,26.2445,9.6806,3.616
gtcrn,p317_096_mic2-8fa97cb6cea3-8ad721c76152.wav,28.3296,10.1833,3.118
gtcrn,p317_202_mic2-80bade36947f-717a0e30a698.wav,30.9295,9.7828,3.31
gtcrn,p317_209_mic2-9d4664d97b18-4f663ee1058a.wav,27.3816,10.3362,3.02
gtcrn,p317_210_mic2-35e75cca2659-56f08a62b0bc.wav,29.7173,10.542,3.898
gtcrn,p317_224_mic2-682904ec1ff8-ffb3a59c48f6.wav,31.0665,9.5832,4.112
gtcrn,p317_258_mic2-a74c238195fb-f185366bcf78.wav,30.8353,8.8878,3.842
gtcrn,p317_266_mic2-4bd5eab55c28-b65ae9cf9fd1.wav,31.2521,11.28,3.059
gtcrn,p317_270_mic2-71117af3c614-dfc6a45b41ab.wav,28.866,10.3621,4.069
gtcrn,p317_287_mic2-caa4301c3a1b-d1af3cb003db.wav,31.6862,9.0541,4.854
gtcrn,p317_333_mic2-1f62e083cb65-b621232859a9.wav,30.5555,9.8387,3.925
gtcrn,p317_391_mic2-a76e0f2d7884-87f8953e3151.wav,30.619,11.1627,3.221
gtcrn,p317_420_mic2-fb7a492dc8d6-9b4215d661ed.wav,32.9773,9.5427,3.692
gtcrn,p318_015_mic2-3c5b6e3d2161-11619430f5cf.wav,33.0871,8.6259,6.331
gtcrn,p318_037_mic2-fd4561406829-d079ce5d22fe.wav,31.3495,10.4243,4.192
gtcrn,p318_068_mic2-820bd9c8157f-1d0d2c58f982.wav,30.5723,8.631,4.014
gtcrn,p318_069_mic1-14ad94395f57-57c4c417c58e.wav,28.0932,8.9651,4.473
gtcrn,p318_087_mic2-cf05ef5bd6f8-fb8171716d40.wav,34.4535,8.3041,3.756
gtcrn,p318_091_mic2-c4a9615d61fd-7c5dae637f4f.wav,32.5221,10.3216,3.715
gtcrn,p318_108_mic2-522c37c02730-48d5bfa93bc2.wav,32.4321,9.6017,3.612
gtcrn,p318_121_mic2-a0ad0f5075a6-ac19caa628cb.wav,34.128,9.8512,3.074
gtcrn,p318_137_mic2-b616c55c9d3e-bd34ed633625.wav,31.891,9.2962,4.184
gtcrn,p318_158_mic2-12dfd6b8f895-33caac451390.wav,28.8227,10.0911,3.171
gtcrn,p318_233_mic2-3f2b6576b365-f07b92eaea3f.wav,35.043,9.403,3.201
gtcrn,p318_240_mic2-4d610e84c1f5-692b65af777b.wav,32.0286,11.6684,3.253
gtcrn,p318_243_mic2-7213ca399d56-e77ca307ed74.wav,32.7804,8.9886,3.845
gtcrn,p318_279_mic2-11c41f5c2162-c364fabcf604.wav,30.7074,9.1577,3.167
gtcrn,p318_296_mic2-497b5f520d09-2d51fd47edb1.wav,30.6506,9.9351,3.503
gtcrn,p318_330_mic2-007c9fb1c1ad-6221b13fc05c.wav,27.603,8.943,3.286
gtcrn,p318_331_mic2-aa438a9255cc-baa8def695b9.wav,29.8476,9.6202,3.461
gtcrn,p318_350_mic2-bc9bcbdef1d1-d6afea2d314e.wav,33.804,10.291,3.325
gtcrn,p318_366_mic2-5a75644a5a58-bf533a6285a3.wav,32.6967,9.5327,3.338
gtcrn,p318_368_mic1-b37b2681c421-374c52cbafb1.wav,29.1216,9.9149,3.841
gtcrn,p318_369_mic1-b8ccaa6d1db6-0388122ac147.wav,28.4691,8.5612,3.717
gtcrn,p318_397_mic1-2938645fd0fd-039e071df2c2.wav,27.5776,9.41,3.291
gtcrn,p323_002_mic1-21af596a9cee-f679576ecdd1.wav,28.7286,8.162,3.629
gtcrn,p323_009_mic2-0aa71fc215a9-8c2fd39e928a.wav,30.2001,9.1853,6.677
gtcrn,p323_026_mic1-7c90c602dd94-f9136f82bf64.wav,28.7613,8.5876,3.717
gtcrn,p323_028_mic2-9123bcce49ae-0e7819ba763b.wav,16.9295,10.8154,3.033
gtcrn,p323_030_mic2-bdf1a59fe35e-a31165421c3e.wav,32.866,9.2608,3.118
gtcrn,p323_067_mic2-6e2794bd0e53-c090620333db.wav,35.7817,8.8131,3.504
gtcrn,p323_068_mic1-6657a43b93d3-365d5979b8d7.wav,30.0827,7.7671,3.418
gtcrn,p323_087_mic2-4f261fc6cc73-3581fe715903.wav,15.2919,8.9425,3.794
gtcrn,p323_089_mic1-3b45f3205ff8-132fbfed3119.wav,17.2433,8.7366,3.887
gtcrn,p323_091_mic2-d183fce3a81e-f8bc6e7921d5.wav,25.7408,9.6939,4.271
gtcrn,p323_106_mic1-5a5b3cd1c6a3-2776a681378e.wav,24.0036,9.3088,3.458
gtcrn,p323_108_mic2-2d3351bb5a6f-2c927e2d3eb3.wav,32.1395,11.2767,3.417
gtcrn,p323_140_mic1-daf39ee721ce-59f2718f3873.wav,29.4768,9.5791,4.229
gtcrn,p323_142_mic2-79351212c632-9413636b14ef.wav,32.1602,8.0017,3.372
gtcrn,p323_156_mic2-9525e34dbaa9-35952c7e1165.wav,22.4216,9.1471,3.628
gtcrn,p323_195_mic2-1b3303d8abdb-840b9ecccf01.wav,35.4624,9.7907,4.098
gtcrn,p323_205_mic2-af0b1f3fc9d6-34f5f4e4fda3.wav,26.0771,9.3517,3.29
gtcrn,p323_211_mic2-e5c189dfaf2d-55aaa3283e65.wav,30.3499,8.4105,4.44
gtcrn,p323_218_mic2-43fe9be96066-94f139a503b0.wav,28.3365,8.6852,3.077
gtcrn,p323_219_mic2-349a7f746e23-ceaf1004e958.wav,33.7234,8.3517,3.204
gtcrn,p323_235_mic2-43f9fbe13a23-c4f0e2e42ad5.wav,31.5474,8.8826,3.245
gtcrn,p323_236_mic2-9f7aacb84c55-0eee51d1572f.wav,30.0449,9.1127,3.802
gtcrn,p323_258_mic1-1db3ece2e523-023820073752.wav,30.0208,7.2541,4.27
gtcrn,p323_298_mic2-e24057bc8bf2-e5fcc23cd07a.wav,30.3748,9.1257,3.077
gtcrn,p323_324_mic1-82091ace9787-ee9a025a84e6.wav,22.323,8.9254,3.544
gtcrn,p323_337_mic1-a56ce3b897b8-ba6b23aebab9.wav,16.5465,7.3499,4.439
gtcrn,p323_343_mic2-cff31e157c57-310f9ad0374a.wav,30.7691,7.6028,3.263
gtcrn,p323_345_mic2-9aa86be956ad-1ae3b04ba8c5.wav,32.5046,8.6679,3.16
gtcrn,p323_360_mic1-475d3dc29a87-83a355cb50d4.wav,19.3782,8.35,3.543
gtcrn,p323_390_mic1-912a35531aac-0b5f1e92a9e5.wav,28.1008,7.606,3.631
gtcrn,p323_404_mic2-608d664e4452-d40fa5bd7f28.wav,33.6178,8.07,3.539
gtcrn,p323_410_mic1-62115a0c7f60-97fc43c2faf6.wav,28.52,6.6103,3.374
gtcrn,p326_003_mic2-7b4ecc711f07-e0a1f15debf4.wav,32.6232,9.2352,7.0
gtcrn,p326_021_mic2-6a262ecda034-d327fdf79dd1.wav,32.0043,10.4853,8.927
gtcrn,p326_037_mic2-2bd721ba4b0c-b56512c91804.wav,33.2703,12.0545,3.616
gtcrn,p326_052_mic2-f66ae22251f8-eab65b2ab05e.wav,30.0316,11.3076,3.31
gtcrn,p326_176_mic2-c2cb40bc7598-a2b836a53762.wav,28.5836,10.6614,4.066
gtcrn,p326_210_mic2-70494d0f8349-598f029c7335.wav,29.5041,12.639,4.353
gtcrn,p326_286_mic2-74636dcee9a6-f82a4cec9181.wav,28.6524,9.8324,3.263
gtcrn,p326_346_mic2-aeb487b06af5-4a145b47d06e.wav,29.3495,11.499,3.61
gtcrn,p326_351_mic2-59259b206e08-b56d671d7b02.wav,30.993,11.1329,3.756
gtcrn,p326_353_mic2-71ac62deae8c-280af415c665.wav,31.148,11.8853,3.577
gtcrn,p326_384_mic2-bbe27af3a98c-d0c6dcba6c80.wav,29.491,11.044,3.372
gtcrn,p329_028_mic2-d94d52736e58-b54b44d169f2.wav,31.9446,8.5644,4.926
gtcrn,p329_058_mic2-7d6ece49bd9a-dd8f18034b9c.wav,28.3552,8.865,3.182
gtcrn,p329_072_mic2-e811fff32354-e31d78548595.wav,31.2605,8.4962,4.065
gtcrn,p329_086_mic2-0b667d5769fb-4b5310ee98e0.wav,34.1351,8.2652,3.052
gtcrn,p329_102_mic2-767a7e9f9959-dd6b1f7e3070.wav,33.0792,9.3291,3.73
gtcrn,p329_111_mic2-62add0a80925-eeeca40d4356.wav,30.7566,8.7293,3.23
gtcrn,p329_133_mic2-5954033d80c2-4f5dda3d0c4e.wav,30.7318,7.3881,5.126
gtcrn,p329_138_mic2-032999ea4092-e8c61f16a4ee.wav,29.0537,9.5989,3.581
gtcrn,p329_212_mic2-55c09ce8bcd1-a3faf9732767.wav,31.425,9.2226,3.287
gtcrn,p329_226_mic2-8a5323946a02-4c94866b1169.wav,30.6685,9.1116,3.41
gtcrn,p329_252_mic2-6e001b6b6424-f445fa680438.wav,28.7166,8.0534,3.055
gtcrn,p329_267_mic2-78efa15cbd3c-bb710071a74b.wav,30.8067,9.8815,3.194
gtcrn,p329_271_mic2-5b673d4fd0d5-e18028c8d3e6.wav,30.6486,8.8569,3.757
gtcrn,p329_273_mic2-25c026ee8e33-71df64548e9d.wav,32.9075,9.6833,3.288
gtcrn,p329_327_mic2-08aaa6b071af-916f8a431560.wav,31.6459,9.6872,3.519
gtcrn,p329_343_mic2-9df8278522d0-60f4002b2c4c.wav,28.8117,9.922,3.504
gtcrn,p329_345_mic2-7947bfa2552b-2e0b05a59a49.wav,28.6268,8.7439,4.377
gtcrn,p329_350_mic2-aff23e8be32b-f268c11b5c50.wav,27.2069,9.0518,3.019
gtcrn,p329_358_mic2-23b00e567d7a-e39db28c932f.wav,29.4003,8.5226,3.385
gtcrn,p329_366_mic2-b735e7ef81a0-5df12f136f37.wav,27.1657,9.4744,3.738
gtcrn,p329_374_mic2-0afe58fe47a5-24eaec389d14.wav,21.5817,9.0403,3.087
gtcrn,p330_301_mic2-60a4a6109706-38545093caa0.wav,33.8217,8.9288,3.567
gtcrn,p330_318_mic2-b544013e734e-2fd182550713.wav,28.7662,9.6233,3.934
gtcrn,p330_341_mic2-fedfb9dffc19-2599bd003165.wav,30.5267,8.885,3.803
gtcrn,p330_413_mic2-f749dd84cfba-5a2906ea43c3.wav,33.1079,9.188,3.245
gtcrn,p333_012_mic2-755a0e92d6d2-1aee457a000f.wav,29.2182,9.3043,4.418
gtcrn,p333_016_mic1-55eb67fbd047-d740bb896341.wav,24.6626,6.8592,5.849
gtcrn,p333_017_mic2-033ce0ef1cd6-e53c0c219691.wav,28.6894,10.1724,3.419
gtcrn,p333_021_mic2-0c82077f6491-f1c321c65383.wav,25.0617,10.3162,8.41
gtcrn,p333_109_mic1-31cf2a0696af-5641ffd8e49c.wav,24.7697,9.1997,3.63
gtcrn,p333_125_mic2-1b91769ca400-f846d57f4b39.wav,30.5712,9.6003,3.033
gtcrn,p333_140_mic2-e9824cc9ed4d-af1e99f5bec8.wav,27.4183,9.5999,3.799
gtcrn,p333_173_mic1-eacfc6830946-6f54a1c92f1f.wav,25.2533,10.665,3.801
gtcrn,p333_233_mic2-f9694e1571f1-ce9fe78f85e6.wav,33.9783,9.9909,3.332
gtcrn,p333_234_mic2-a3f330d27cb8-f52c18432d60.wav,29.7786,10.3796,3.586
gtcrn,p333_311_mic2-fa0bb84958f1-cf6a1d464aa3.wav,26.1479,9.2924,3.457
gtcrn,p333_316_mic2-0ff9e8e3948f-e87eba764a27.wav,29.4213,8.7927,3.969
gtcrn,p333_353_mic2-9ed6ef656237-af016b3da5dd.wav,27.0666,10.1501,3.544
gtcrn,p333_370_mic1-670b91bcb4ed-2a2de7a2c0f7.wav,21.4625,9.4935,3.544
gtcrn,p333_407_mic2-25ebbfc3e8fe-308ae7eb2d0f.wav,31.1559,7.7984,4.054
gtcrn,p333_416_mic1-c7057af768a7-4f3a1111d8e5.wav,29.3361,6.9579,3.458
gtcrn,p334_054_mic2-9a48743d6ca6-2828cdcbc864.wav,27.1845,10.6774,3.479
gtcrn,p334_074_mic2-e7dddb0f29c9-bba663cdeeb7.wav,31.4674,8.9751,3.21
gtcrn,p334_098_mic2-b93c320f357a-a1f856b757cc.wav,29.719,10.6175,3.205
gtcrn,p334_162_mic2-02d76155a91b-3da991d27b84.wav,28.6827,10.7707,3.149
gtcrn,p334_197_mic2-5f8b18193656-9aed58df10bb.wav,31.2498,10.6244,3.332
gtcrn,p334_199_mic2-e19eb7325bde-08391ff5286e.wav,27.9806,10.9703,3.671
gtcrn,p334_205_mic2-a6bba63798ba-acac77b98eb3.wav,30.5673,9.867,3.289
gtcrn,p334_228_mic2-7fba63b85179-a1603d781743.wav,26.5335,8.8151,3.248
gtcrn,p334_239_mic2-1bedcfd6b267-2dfba8a81502.wav,20.5377,10.9945,3.408
gtcrn,p334_240_mic2-d3f2386d6e2e-6dc5c09d4f16.wav,27.6331,10.4154,3.446
gtcrn,p334_265_mic2-378e23122452-3aaed124cb28.wav,25.8647,10.7697,3.203
gtcrn,p334_324_mic2-ce31cdc20a73-64f95473c443.wav,29.0714,9.7653,3.245
gtcrn,p334_407_mic2-c6ed284eb6a3-1f5838aec86b.wav,27.6399,11.1025,3.461
gtcrn,p334_411_mic2-c8bbbbe786f9-b5b461ca8305.wav,26.5359,11.0939,3.161
gtcrn,p335_036_mic2-3004f8cf6827-8d5b29143bdf.wav,33.006,8.4451,4.321
gtcrn,p335_042_mic2-d9b19698c64c-817d4d2ced59.wav,32.4314,8.7423,4.979
gtcrn,p335_084_mic2-48403f189c74-6376b8be84ce.wav,25.9045,8.4485,3.375
gtcrn,p335_087_mic2-94b9c37956c4-5bf97c5936f7.wav,30.8873,8.4568,3.686
gtcrn,p335_095_mic2-02c0b13f0446-16d694d27a5a.wav,31.2844,8.436,3.081
gtcrn,p335_141_mic2-d475615e4bbd-842eaeff6e06.wav,31.5557,8.9604,3.544
gtcrn,p335_152_mic2-501d4bc4264e-5959b33aa6c4.wav,21.492,8.8789,3.29
gtcrn,p335_173_mic2-ecb8466327be-4126e3ed6177.wav,28.8542,9.7563,3.341
gtcrn,p335_178_mic2-58103afff6f1-668a8139a899.wav,28.1973,8.9122,4.61
gtcrn,p335_233_mic2-06627696801f-244c061e790c.wav,32.4379,8.6981,3.004
gtcrn,p335_245_mic2-fa330d7edd12-be309a2b6c03.wav,28.3045,9.8547,3.275
gtcrn,p335_253_mic2-7059ab3d0baa-e4743be5869f.wav,35.0765,9.0162,3.624
gtcrn,p335_259_mic2-13ff6b2e5fcf-f63fa84d194e.wav,31.8018,8.5342,4.713
gtcrn,p335_278_mic2-d2db24e043cf-b66ece0ea15c.wav,35.0211,8.5938,3.201
gtcrn,p335_309_mic2-db6086708f6f-4b04830d52d4.wav,32.0839,8.5143,4.396
gtcrn,p335_323_mic2-6e54641355a8-a0629c7e9c22.wav,33.0801,9.1213,4.484
gtcrn,p335_328_mic2-9027b824dd20-758b5c99e428.wav,31.7599,9.1331,4.293
gtcrn,p335_341_mic2-6a3113d4665b-f3b88b98df4a.wav,32.4353,7.6277,4.312
gtcrn,p335_352_mic2-a17d40eb20be-06289522cc98.wav,25.4038,8.9931,3.287
gtcrn,p335_356_mic2-177c6e9b2dc6-bbc56786a2f7.wav,29.1194,8.7123,3.743
gtcrn,p335_359_mic2-ec3691e688f0-7ada514e9934.wav,33.6701,8.6862,3.131
gtcrn,p335_371_mic2-e3256fa349ab-bb7fd0329226.wav,31.2159,10.0791,4.222
gtcrn,p335_373_mic2-cb2fe6f09236-f68176240e78.wav,29.3467,10.1148,3.36
gtcrn,p335_378_mic2-4b2622fa3f1b-9c368671f372.wav,32.533,9.6225,4.035
gtcrn,p335_382_mic2-8db02164fd02-0ab125a03b0c.wav,34.5726,8.4848,4.305
gtcrn,p335_388_mic2-c409b1f3f552-9063e964e272.wav,26.1071,10.5886,3.758
gtcrn,p335_400_mic2-3ae40ce9557e-2ccef9d06748.wav,27.1706,9.8434,3.317
gtcrn,p335_401_mic2-8ea006a70b9e-6b4f7a649300.wav,31.6242,8.9789,4.13
gtcrn,p335_409_mic2-ed7ca22c4e7d-4f706bb3291d.wav,30.0324,8.5111,4.363
gtcrn,p335_410_mic2-a77a5456643e-2caba7e15f19.wav,29.9329,8.0192,4.21
gtcrn,p335_422_mic2-96aa4d3352fb-32b747bc5d83.wav,31.4157,8.3831,3.087
gtcrn,p336_014_mic2-d1010b1693ab-05047d90ef4d.wav,25.7702,9.181,5.316
gtcrn,p336_063_mic2-0aebd707dc36-24ca1e0b615e.wav,22.1778,8.2391,3.247
gtcrn,p336_079_mic2-9bf60d773c19-268a1083b8e8.wav,27.1296,10.3819,3.889
gtcrn,p336_080_mic2-5ddb26251c71-1d685e9eccef.wav,21.6961,9.889,3.406
gtcrn,p336_083_mic2-5e148261b884-0f8d0c5745dd.wav,28.6472,10.7245,3.066
gtcrn,p336_138_mic2-ea24fb86f056-147f866c5df3.wav,25.1458,8.199,3.034
gtcrn,p336_142_mic2-c1d885a0626c-ea3c3df3be05.wav,23.8242,11.0166,3.085
gtcrn,p336_160_mic2-00d7b3a91dec-76098f741c6b.wav,30.4007,11.2312,3.204
gtcrn,p336_204_mic2-b5196ed4fd8e-c041ace36a98.wav,20.0698,10.4283,3.074
gtcrn,p336_245_mic2-695564fc5bcd-eaf0eee2f95e.wav,28.2587,9.6165,3.202
gtcrn,p336_283_mic2-6b82282b1d26-bc35959ca714.wav,26.1917,8.3587,3.247
gtcrn,p336_308_mic2-78823517671a-65288fc52c0b.wav,29.6514,8.2362,3.03
gtcrn,p339_005_mic2-1901a9a5c2ff-fd0178726ca7.wav,28.1524,6.5782,6.617
gtcrn,p339_012_mic2-0111cc0526fc-f8700cef0e77.wav,30.4438,8.5698,5.281
gtcrn,p339_021_mic2-99127ddaacbf-8cc1a84edc40.wav,29.913,7.0732,9.686
gtcrn,p339_179_mic2-9c9d36655420-2f8441a5dd16.wav,32.3227,9.2883,3.317
gtcrn,p339_244_mic2-6d2776b35195-98862658a60e.wav,16.1934,12.7566,3.653
gtcrn,p339_254_mic2-7b387ef467dc-c7a8ef19789e.wav,25.4501,9.6641,3.06
gtcrn,p339_292_mic2-48d3e61e7838-92df3858e1d3.wav,26.1719,10.2808,3.288
gtcrn,p339_358_mic1-b16ae6f5093d-7a1192ec5e78.wav,28.0571,10.5548,3.577
gtcrn,p340_004_mic2-66aa41e04f87-cbfaaeadfe6c.wav,29.7609,9.4106,4.237
gtcrn,p340_005_mic2-8e0ce6418fea-dcd409838f1a.wav,25.263,9.1487,5.265
gtcrn,p340_011_mic2-bcb34fbf8d58-21f0563e6950.wav,27.7512,8.9012,6.529
gtcrn,p340_016_mic2-64298e865652-e2a81c8ce4de.wav,28.1864,9.7087,5.969
gtcrn,p340_078_mic2-d91beea97eff-5a813af9c392.wav,26.3488,10.8214,3.162
gtcrn,p340_141_mic2-1b26dc375ef8-3af452c9e027.wav,25.7852,11.2291,3.372
gtcrn,p340_146_mic2-794e88b90e03-942994494539.wav,27.7434,9.0934,3.629
gtcrn,p340_210_mic2-f64c28650c81-0a78d0272273.wav,29.1984,9.7274,3.33
gtcrn,p341_008_mic2-bf14036cdedb-64cccb2ae025.wav,30.4718,8.8859,9.518
gtcrn,p341_009_mic2-fb343ba8d4ae-cd9506cedf6a.wav,27.3274,7.9103,6.26
gtcrn,p341_071_mic2-9ff5a4ebb3ca-79b6bf49b5f9.wav,28.9998,9.6882,5.307
gtcrn,p341_086_mic2-08bafeaf40ca-26b7c64bb059.wav,29.8084,9.0233,3.03
gtcrn,p341_093_mic2-02b0ae5b9a02-0d7eccd0a007.wav,28.9409,8.992,3.959
gtcrn,p341_111_mic2-84ac973c99f0-6454a8e2ba63.wav,29.0515,9.1663,4.222
gtcrn,p341_112_mic2-a6c2ad7e5e1e-8d1aea678950.wav,28.2132,11.5723,3.165
gtcrn,p341_119_mic2-f18706338705-9c241b71dbf1.wav,32.8459,9.2111,4.362
gtcrn,p341_134_mic2-c5d4f03d32ce-aaf53ba634ea.wav,30.6234,8.786,5.242
gtcrn,p341_154_mic2-760b52d971d1-aa214149562b.wav,27.5042,9.2345,3.818
gtcrn,p341_170_mic2-57f37af843d3-4c81a5c261b8.wav,24.4446,10.1051,4.721
gtcrn,p341_171_mic2-ddc7907618cc-e831e9231a8d.wav,26.9089,9.0936,4.362
gtcrn,p341_196_mic2-9a79e65e42a0-d93a0ca597f2.wav,26.9761,9.8017,4.857
gtcrn,p341_201_mic2-4ad89861c977-4a7d09082057.wav,30.3233,8.9578,4.14
gtcrn,p341_233_mic2-d3b04603740b-00a928fc4e2b.wav,22.1672,9.5229,4.689
gtcrn,p341_238_mic2-5eed4513c525-812cd213d83a.wav,30.809,8.8468,3.357
gtcrn,p341_252_mic2-10918ba88175-d69c4f2c8a92.wav,28.4515,8.5162,3.47
gtcrn,p341_253_mic2-234aaddf4d05-f4a6053ebf05.wav,26.8547,8.0783,3.762
gtcrn,p341_304_mic2-4eea83d394df-a81ca41f83a1.wav,32.4752,10.2439,4.343
gtcrn,p341_323_mic2-957719b85f7c-7769648fe023.wav,26.8235,10.3968,4.019
gtcrn,p341_375_mic2-cdb07eb12837-c1353c98ef38.wav,29.6674,8.7632,3.529
gtcrn,p341_393_mic2-05bc6242b1c2-b03b582cdbb7.wav,29.4685,8.9951,4.281
gtcrn,p343_362_mic2-53432a63d6d9-2711d9827343.wav,30.2252,10.1949,3.843
gtcrn,p345_057_mic2-caf70a7faac0-556d679dba68.wav,33.735,10.614,3.045
gtcrn,p345_132_mic2-80ec518d99b1-e6998053d942.wav,28.6409,10.4085,3.802
gtcrn,p345_150_mic2-64ebc96c02de-fb1d0c0d32c5.wav,32.9381,9.5773,3.17
gtcrn,p345_189_mic2-f5a4ad3f789a-643a3c124e8c.wav,33.8859,10.9173,4.95
gtcrn,p345_233_mic2-5476f3b8cd19-fbdf4629753a.wav,34.7021,10.7032,3.373
gtcrn,p345_243_mic2-b8c8d955baf7-70aef6667d6e.wav,33.4631,11.3184,3.328
gtcrn,p345_246_mic2-96603139a436-7f12c9422c68.wav,28.7428,11.3905,6.104
gtcrn,p345_260_mic2-e5ed6189ade8-86acc4db06db.wav,30.5744,10.1458,3.914
gtcrn,p345_269_mic2-b92be7175f06-ee8bd841cf45.wav,32.425,11.4726,5.38
gtcrn,p345_273_mic2-ed910c84dbda-c5e1ef17f7c7.wav,30.6601,9.7536,3.16
gtcrn,p345_293_mic2-f3373379bde6-f5ad951a59f6.wav,32.1905,9.3937,3.204
gtcrn,p345_333_mic1-2e83396fe42a-06b2fd1c5700.wav,26.8731,8.6638,3.106
gtcrn,p347_020_mic2-95681ceb7189-104d86ef5448.wav,30.17,9.2054,4.868
gtcrn,p347_033_mic2-5d47882a3ac2-391696120b34.wav,27.896,8.7156,3.849
gtcrn,p347_037_mic2-fded760babba-182691145e8f.wav,26.828,8.6152,3.246
gtcrn,p347_072_mic2-5c8f34607a39-15e0c7a19f30.wav,31.0001,10.3865,3.798
gtcrn,p347_140_mic2-1901086ae315-20709e56d1fa.wav,27.1286,10.9374,3.46
gtcrn,p347_277_mic2-faf0a49ccbf7-06afabc330a9.wav,27.8489,10.2903,3.823
gtcrn,p347_283_mic2-65c8c630067e-251f91408638.wav,26.6883,9.4133,3.207
gtcrn,p347_285_mic2-e45d1d11a527-4b7ad85f3084.wav,26.5172,10.456,3.713
gtcrn,p347_291_mic2-b5f81dd815f5-a1338e9067c9.wav,23.0868,10.0742,4.438
gtcrn,p347_293_mic2-1162b2f79b53-52104d4bd5d5.wav,30.3992,13.4441,3.456
gtcrn,p347_295_mic2-de5beff75db1-265baacda695.wav,28.1579,12.399,3.074
gtcrn,p347_311_mic2-7f91691829d5-b04a61877423.wav,27.7494,9.9982,3.022
gtcrn,p347_320_mic2-dac6bf1ebe33-3b445c71f40d.wav,25.2295,8.5308,3.886
gtcrn,p347_327_mic2-b34d99bf02c0-52ebfae00914.wav,26.0495,10.5089,3.447
gtcrn,p347_376_mic2-6763eea7e73b-2b4872119c91.wav,27.5734,9.9217,4.354
gtcrn,p347_395_mic2-fe17f1f2860b-6575a6fc348a.wav,27.7806,10.7835,3.359
gtcrn,p347_414_mic2-327c9b8e2523-2a2aa127ba90.wav,29.3799,10.4255,3.415
gtcrn,p347_416_mic2-c7eb3d923d4b-01060c03f092.wav,27.452,9.1239,3.63
gtcrn,p351_003_mic2-1fcf0f7a70dc-36ea9d379982.wav,27.2626,9.4975,7.241
gtcrn,p351_018_mic2-242e96168cd4-adb6d01254b5.wav,28.4068,10.6393,5.644
gtcrn,p351_088_mic2-4113897d6c3c-a2a251bad08f.wav,28.0008,9.838,3.418
gtcrn,p351_097_mic2-3bf1ee7a519c-a0e0815d0c1b.wav,23.587,10.829,4.047
gtcrn,p351_100_mic2-80ec6b83534e-b62c44fd0886.wav,24.6719,10.1999,3.517
gtcrn,p351_119_mic2-33b201654d50-15db43c83e84.wav,29.2971,10.0325,3.041
gtcrn,p351_127_mic2-e0f2b9feca6a-692d03bc2e6c.wav,28.0117,11.0601,3.168
gtcrn,p351_191_mic2-e46f76c6c133-5756cd2a8a6c.wav,28.9227,10.7422,3.639
gtcrn,p351_196_mic2-676861a831cb-16b63eb49169.wav,27.1079,10.912,3.976
gtcrn,p351_264_mic2-7e5c0fe9069a-6ddc2da67465.wav,26.5298,10.5602,3.622
gtcrn,p351_320_mic2-0f2889311954-5b5741578ee1.wav,29.5651,11.2137,3.146
gtcrn,p360_024_mic1-3a1944c43011-1a3ebfc2b14f.wav,25.174,9.7557,7.107
gtcrn,p360_068_mic2-440e0bc4695d-580602d35c00.wav,28.7082,12.5658,3.353
gtcrn,p361_060_mic2-b9d89dc4cab1-459447258e0e.wav,26.2919,11.8572,3.673
gtcrn,p361_076_mic2-a1569163b99c-24e51a2a764a.wav,32.8319,10.6939,4.608
gtcrn,p361_135_mic2-3bb53abe05d4-07bd77bd3062.wav,31.8882,10.4077,3.041
gtcrn,p361_232_mic2-8fb7823a8397-be4b43be7bbc.wav,23.6882,10.9296,3.576
gtcrn,p361_233_mic2-cc591323c240-8643ec5bd502.wav,30.9039,11.1199,3.052
gtcrn,p361_325_mic2-90a79df00ec1-5fbe6d541770.wav,30.3122,11.1982,3.124
gtcrn,p361_336_mic2-8d4aaeabc3e0-79ae08f95fc5.wav,29.6607,11.4364,3.042
gtcrn,p362_321_mic2-811c6f6d429a-90cf2043deb9.wav,31.0918,8.3882,3.119
gtcrn,p363_005_mic2-6632fd3b605d-34b1e609602e.wav,28.0889,11.581,6.81
gtcrn,p363_029_mic2-b9ffd0cd1b08-92f8ca0d3823.wav,30.0017,11.8465,3.182
gtcrn,p363_072_mic2-014580fd683e-606a6f895d9f.wav,32.1948,11.9561,3.115
gtcrn,p363_274_mic2-fabd86cd9960-3562d353d919.wav,31.1741,11.3055,3.418
gtcrn,p363_423_mic2-1ad4a6c9705b-0fb3d13e1641.wav,30.1952,10.2799,3.15
gtcrn,p364_014_mic2-a7de1bacda06-b21bc4110082.wav,31.1886,13.2384,5.194
gtcrn,p364_026_mic2-0b2c5f88c130-58f00d4ab0af.wav,28.6285,11.7664,4.004
gtcrn,p364_030_mic2-97a840333e84-a16493ba4120.wav,30.6429,11.6689,3.869
gtcrn,p364_038_mic2-7a2e89a4c4f9-7b734525cc55.wav,30.6582,12.1842,3.439
gtcrn,p364_069_mic2-b7c698a0ab3d-0bac4ed1f696.wav,32.2565,12.0654,3.104
gtcrn,p364_079_mic2-22a25014c8a6-a3d8abba3140.wav,32.7586,11.6247,3.06
gtcrn,p364_206_mic2-a19747169550-3e464aa3c8bc.wav,30.6061,12.9306,3.093
gtcrn,p374_023_mic2-c0ea9a20b019-d176a2dc7158.wav,34.7748,6.1027,13.109
gtcrn,p374_083_mic2-29b0c6dc5c20-12d17efc72c3.wav,33.8617,8.8987,3.549
gtcrn,p374_133_mic2-39afd5a5b171-09aedb08fe23.wav,28.9951,8.6947,3.638
gtcrn,p374_208_mic2-232bd75a5154-e2a0a51a7278.wav,31.5949,8.5249,3.286
gtcrn,p374_211_mic2-ba872178e4b7-414f25279e25.wav,29.8688,7.6075,3.231
gtcrn,p374_310_mic2-bc71787d9a3d-1cab588e5dff.wav,31.8304,9.8447,4.128
gtcrn,p374_387_mic2-27c57a943d8d-92b7875b464c.wav,28.5416,8.6687,3.051
gtcrn,p376_346_mic2-2fa25d2a9a25-c8ff8161f43f.wav,29.4154,10.7045,3.213
lisennet,p225_008_mic1-59f91c49779a-91837fa46750.wav,14.7773,2.6628,7.648
lisennet,p225_046_mic2-da535b0a1810-0c5e94966c09.wav,18.7055,3.2183,3.16
lisennet,p225_264_mic2-66e13cbe7664-603f92effc5c.wav,18.887,7.3986,3.664
lisennet,p227_027_mic1-12a90df9c17b-4595663829b8.wav,25.8686,6.7386,3.033
lisennet,p227_086_mic1-f8cebac24ffb-b153d12f39c0.wav,23.4458,2.09,3.071
lisennet,p227_236_mic1-54a48991de5d-fecf7711eeec.wav,18.908,3.3792,3.649
lisennet,p227_357_mic1-53509e8e5c46-e5ea89bc3663.wav,22.2977,3.6912,4.573
lisennet,p228_012_mic2-b9d89ff8c2e3-122d9b92008f.wav,17.0977,4.2417,5.099
lisennet,p228_077_mic2-9e4995b9a63c-084ecf6a0417.wav,15.3752,4.7108,3.45
lisennet,p228_084_mic2-5ffb128688c2-acfd6b5f3163.wav,18.0197,4.1227,4.611
lisennet,p228_115_mic2-75446df0418c-f4558b4ef84d.wav,20.3658,5.0815,3.542
lisennet,p228_177_mic2-730112f85b97-bf911a1752d7.wav,16.1754,4.8364,3.259
lisennet,p228_178_mic2-5c256c52fae5-fc29a34f1764.wav,15.5829,5.2492,3.894
lisennet,p228_212_mic2-df6d3e0199fa-86687bc87d39.wav,13.7461,2.3612,3.133
lisennet,p228_224_mic2-85c2c4f5d874-2610f979d573.wav,13.3152,2.3994,4.771
lisennet,p228_256_mic2-6bdc7136c06f-77a70a91d188.wav,16.6889,2.3172,4.811
lisennet,p228_313_mic2-9f808a4d5adb-ce1322a1229e.wav,17.6996,4.7566,4.439
lisennet,p228_345_mic2-3f047d50bb75-99dbe688b1eb.wav,13.027,4.6747,4.515
lisennet,p229_023_mic2-f27ec6b01281-722b381fcd96.wav,19.9283,5.4338,10.803
lisennet,p229_079_mic2-34e786947658-8adf8b08763f.wav,19.3935,2.5956,4.173
lisennet,p229_139_mic2-a943166db5c5-ca451b7068d2.wav,22.3474,7.1795,3.204
lisennet,p229_149_mic2-5f4be6d5bf30-1064bc84d395.wav,22.8159,6.1126,3.954
lisennet,p229_238_mic2-b59a55a36a05-3d510ca879a2.wav,21.6801,5.5696,3.928
lisennet,p229_246_mic2-de9cc77242ad-2c9f8017b2f1.wav,21.82,7.4441,3.59
lisennet,p229_253_mic2-ee24e2d339fd-c60f57d48cd4.wav,19.6831,5.855,3.735
lisennet,p229_382_mic2-7ffa4d1a01dc-73786ef65a4d.wav,23.4273,5.275,3.543
lisennet,p230_024_mic1-8509a33a5312-e0940e9d2f8c.wav,20.6306,2.999,7.793
lisennet,p230_026_mic2-2da9f4cc6682-20980baa910e.wav,20.5838,6.3782,3.136
lisennet,p230_043_mic2-46dabdda7ced-f6ca90b3be22.wav,22.929,6.2393,3.165
lisennet,p230_050_mic2-1e7f349e5f6b-cf25da91b0cb.wav,21.5359,6.3105,4.106
lisennet,p230_057_mic2-f2bed977efc9-7d6aa439f112.wav,22.627,12.0895,4.099
lisennet,p230_066_mic1-40123510c8b6-83eb64cd7d07.wav,20.4145,5.1593,3.321
lisennet,p230_077_mic2-033165b3ba38-37ff8c8119d3.wav,20.3246,5.4894,3.203
lisennet,p230_125_mic2-60f63636436c-48b15925e06b.wav,22.9407,11.2287,5.124
lisennet,p230_174_mic2-fcec544d0c73-4f30543c208a.wav,21.4036,6.7074,3.358
lisennet,p230_234_mic2-a0990bcde0ac-133cba00c3ed.wav,19.9929,5.113,3.758
lisennet,p230_243_mic2-836ddfeb0fcb-65c1ad4ef3dd.wav,19.1591,5.1325,3.917
lisennet,p232_017_mic2-314229618b2a-e912e75680f0.wav,20.2718,2.7618,3.265
lisennet,p232_021_mic2-2a3b99252050-1f83e3af0926.wav,19.394,3.6229,8.892
lisennet,p232_061_mic1-0430dec85adf-6d92b89ae58d.wav,19.0662,3.3041,3.619
lisennet,p232_114_mic2-a789dc404e37-87c92614e934.wav,15.2341,2.2066,3.55
lisennet,p232_362_mic2-85db8ac6e950-9be7f1a12c71.wav,22.6797,2.5145,3.216
lisennet,p233_017_mic2-08028eff2337-7d6e9e917a12.wav,16.9963,5.4215,4.798
lisennet,p233_024_mic2-ead3ba148063-3bd5436c1ed9.wav,16.6193,4.9707,6.758
lisennet,p233_047_mic1-6c3e4a1303d4-a461e3af2987.wav,18.5482,4.1619,4.128
lisennet,p233_051_mic1-61314cbff34e-920db54ba4d7.wav,19.3364,3.3528,4.053
lisennet,p233_051_mic2-613670f8945f-855aa64ccb89.wav,18.467,4.4076,4.053
lisennet,p233_055_mic1-a0646b55cd97-bd75316672e9.wav,17.9484,2.9016,3.957
lisennet,p233_067_mic2-a702a11c2c4d-1f943e564967.wav,15.268,6.7556,4.321
lisennet,p233_082_mic1-b6706c029ce4-259448299868.wav,16.8388,6.1762,3.989
lisennet,p233_128_mic2-7a0034176265-487c9c84c418.wav,15.7285,9.3279,4.319
lisennet,p233_151_mic2-aad63c6a7697-cd79e3a41173.wav,18.262,9.4716,3.946
lisennet,p233_161_mic1-3e6e440c11c8-db35629698f0.wav,17.6556,2.2704,3.97
lisennet,p233_191_mic2-59c09f86212c-58132e1a6627.wav,17.8686,7.9961,3.117
lisennet,p233_225_mic1-c3e92e47d7b8-c4daec662f3a.wav,18.4722,2.6182,3.222
lisennet,p233_225_mic2-da41f2085fab-cebac0e57c51.wav,19.7744,4.7285,3.222
lisennet,p234_144_mic2-5cd3e25f2c17-14732f35dc65.wav,19.9296,3.8847,3.29
lisennet,p234_237_mic2-4ef18510a6c5-24fd7b862241.wav,21.6576,5.6044,3.348
lisennet,p236_051_mic2-04a3d833aab5-ebd690f20814.wav,17.471,6.527,3.072
lisennet,p236_148_mic2-3f718924af88-c20a84b95777.wav,17.6897,2.299,4.354
lisennet,p236_164_mic2-8d962f40d937-2d94d96754d5.wav,17.7522,4.167,3.163
lisennet,p236_381_mic2-c9305a9b7077-71a1e4764401.wav,19.9004,4.9528,4.098
lisennet,p236_435_mic2-ab4344fe0b11-c8f5e9593791.wav,17.4845,5.302,3.595
lisennet,p237_046_mic2-f7c5a1f3c41d-95102695a373.wav,21.7588,10.3409,3.93
lisennet,p237_098_mic2-f30973e82cfc-b4e3da1d44fb.wav,21.1195,9.8695,3.219
lisennet,p237_181_mic2-9c78a873a373-cd1fa3aaced7.wav,19.0545,9.506,3.913
lisennet,p237_201_mic2-c2f27d9e42d5-a69940ca1d55.wav,18.0122,8.8674,4.428
lisennet,p237_225_mic2-9c8096d8ddbd-d0c3a462fa01.wav,18.9786,7.7945,4.752
lisennet,p237_256_mic2-963e152df7e4-0459ef5a378c.wav,17.0028,7.8446,3.316
lisennet,p237_311_mic2-a6c827eb23cd-27a13f3ac007.wav,19.8904,7.6135,4.184
lisennet,p238_003_mic2-16cfda1856c9-e30ff89a971b.wav,19.4207,3.4211,8.322
lisennet,p238_004_mic2-6b3aaa603557-926868cecfc2.wav,16.9312,2.2082,6.421
lisennet,p238_008_mic2-6cd1a38af039-7c1ebffbb8e2.wav,18.2886,4.8801,9.558
lisennet,p238_009_mic2-cde9c39f4f79-88acb222465a.wav,21.3354,5.7516,6.146
lisennet,p238_033_mic2-12dd60139d64-b7583892cff4.wav,20.692,6.9247,4.439
lisennet,p238_085_mic1-7cb33a36807b-1f0b64d0aa61.wav,19.4797,4.8804,3.152
lisennet,p238_108_mic2-5c7d8b830fd3-e8a1e2dcf7f6.wav,20.8129,4.1322,3.458
lisennet,p238_123_mic2-ab07fca59845-bbc7e4e4db0c.wav,20.6086,7.9436,3.803
lisennet,p238_132_mic2-d2f2050a09c0-8062febf2629.wav,21.4668,5.6117,3.119
lisennet,p238_140_mic2-9250edb3e273-13d75e0099f3.wav,19.3875,3.3129,4.313
lisennet,p238_213_mic2-6e9cb09c0c0b-17f00a25d936.wav,21.0897,4.0168,3.503
lisennet,p238_228_mic2-b7aea1a6b2a1-aae2118da6a7.wav,21.4667,3.7589,5.421
lisennet,p238_248_mic2-9324dd47990d-562c10106712.wav,21.7236,3.4741,3.332
lisennet,p238_256_mic2-4921a54c5753-3f7d2b6e995e.wav,18.9646,6.1456,3.459
lisennet,p238_260_mic2-7b532efcc89b-afd1eaa2c262.wav,20.5616,6.3952,3.97
lisennet,p238_263_mic1-6ca272d2d389-c0fa64164832.wav,19.3046,4.2139,4.141
lisennet,p238_320_mic2-4a2dc9067e49-d019c84af95d.wav,20.4563,5.5288,4.61
lisennet,p238_340_mic2-fa9cd0bf4ac8-0a5805ffd030.wav,25.0055,5.4266,4.015
lisennet,p238_342_mic2-53e7799f48dc-9bea8a3f6149.wav,22.5436,7.4929,4.315
lisennet,p238_343_mic2-dcf49afe2f4e-7760f0e8792e.wav,22.7839,4.3339,5.913
lisennet,p238_370_mic2-2a47ec94d7e7-5ec6dd5a8e9c.wav,21.4514,5.9746,3.8
lisennet,p238_377_mic1-54f7103936b3-89592a1ea4af.wav,17.7304,5.2228,3.418
lisennet,p238_389_mic2-0a3b2fcbdcd4-6fc410d41afc.wav,21.4493,2.712,3.588
lisennet,p238_394_mic2-4a741420f1b8-2366c730a56a.wav,22.2827,7.4049,3.502
lisennet,p238_395_mic2-2539cbed71b0-447c08069b49.wav,22.3678,6.6851,4.525
lisennet,p238_429_mic2-559088dd88ad-e89f459c0b8b.wav,23.3397,8.2307,3.205
lisennet,p238_442_mic2-b921f6580985-2bacd4bc32a8.wav,21.1208,6.2962,4.27
lisennet,p238_444_mic2-f8e3985d96a0-69d9b064085e.wav,22.9053,5.8688,3.286
lisennet,p238_445_mic2-5df1779db28f-9d88a846a253.wav,22.0141,5.7996,5.464
lisennet,p238_446_mic2-626ff980cd35-a3d111b14f4c.wav,23.0114,4.9307,3.672
lisennet,p239_014_mic2-ef90b5103a42-ae1e4d725dc5.wav,21.5902,7.2792,4.315
lisennet,p239_015_mic2-851acef5adbb-52f1ec0950d7.wav,22.5857,5.098,5.079
lisennet,p239_021_mic2-d26c4d967aef-747aadfa6811.wav,20.1023,4.6279,7.956
lisennet,p239_047_mic2-a9f434c481e9-66d321c2b152.wav,20.8833,7.9516,3.801
lisennet,p239_161_mic2-6abdb8dd6273-63908936fdbf.wav,20.7884,6.0041,3.542
lisennet,p239_225_mic2-aadb29466322-5cd710abb0ea.wav,21.8404,6.8666,3.374
lisennet,p239_289_mic2-d51fe18dfa27-bbd1410d52db.wav,18.1529,8.0722,3.414
lisennet,p239_301_mic2-2a9b93bc80dd-ab5ff12680f9.wav,19.1387,4.9189,3.414
lisennet,p239_322_mic2-b9307bbb353e-f51539f3c1b9.wav,20.8528,5.8518,3.244
lisennet,p239_422_mic2-8797f603d0eb-3a9907dc5081.wav,22.4369,5.3202,3.205
lisennet,p239_435_mic2-eec2b8fee5ab-53715bbaf8cd.wav,20.1724,3.2776,3.332
lisennet,p239_454_mic2-c374d3c4f872-df04c928ef7d.wav,16.8711,5.5194,3.585
lisennet,p239_467_mic2-5a72e84e51af-8a0517bd3ab1.wav,23.2004,8.8858,3.841
lisennet,p239_473_mic2-6c4571e79a77-fa1027334dad.wav,22.1828,5.8107,3.39
lisennet,p240_003_mic2-964b5815953a-c2b37450230d.wav,17.8662,6.902,7.216
lisennet,p240_006_mic2-77a5036b7c07-f8adcc2ca5b6.wav,17.8422,5.8033,5.539
lisennet,p240_044_mic2-df01b2258ca3-c5111e359d17.wav,19.7994,7.1019,3.926
lisennet,p240_123_mic2-c75f640d39f5-b84169f5a446.wav,19.0664,6.0443,4.497
lisennet,p240_175_mic2-d635382f41f0-056b28079dd8.wav,19.9042,7.9254,4.874
lisennet,p240_179_mic2-0a4222bab7ca-c3f33b5c5568.wav,19.2113,6.7563,4.271
lisennet,p240_262_mic2-eb9c6da9d5cc-35257876963f.wav,17.0076,6.9604,3.672
lisennet,p240_307_mic2-b4799e169aff-c4fa73c3b6fd.wav,16.6712,6.4105,3.194
lisennet,p240_358_mic2-1d4840402fb9-03cb78601f18.wav,18.1081,5.6083,4.185
lisennet,p241_002_mic2-1c171aaae17d-ded48ba92fda.wav,21.807,2.4069,3.752
lisennet,p241_013_mic2-4160874deb9c-dbe3b59c84b9.wav,21.3395,6.0167,4.445
lisennet,p241_021_mic2-6c95c5b0560f-440f88c04dd3.wav,20.3343,4.5833,8.754
lisennet,p241_025_mic2-ef1469218407-34ad9239e3fa.wav,20.7706,3.2497,3.287
lisennet,p241_056_mic2-f8ba17bae249-269419f28007.wav,17.9566,2.456,3.396
lisennet,p241_068_mic2-783e2ccd9e64-cee14e267a90.wav,19.5446,8.5288,3.084
lisennet,p241_069_mic2-6867f8212990-1a84aea3db6f.wav,19.0174,5.9817,3.266
lisennet,p241_130_mic2-bb16ffc9e5da-7f6de896f3b7.wav,18.5524,2.7687,3.909
lisennet,p241_138_mic2-290a0f261571-dbade4f15432.wav,22.8448,8.6206,3.589
lisennet,p241_190_mic2-ebff56a0d453-825e6142b8e8.wav,16.5428,2.6982,3.979
lisennet,p241_255_mic2-bfea8743873d-4ff59e36fc85.wav,21.7397,2.0334,3.055
lisennet,p241_276_mic2-1fee016102bb-65d64cb2f094.wav,20.9784,3.3163,3.715
lisennet,p241_293_mic2-d807a85cbc30-5ed95df2c89e.wav,19.0598,3.2166,3.975
lisennet,p243_016_mic2-3d2faa6c5253-46ef956fe623.wav,19.8758,2.66,7.642
lisennet,p243_026_mic1-82606f527123-5e3dec5f9a46.wav,17.952,4.1455,5.206
lisennet,p243_047_mic2-3ea1dd097a41-f9ac573b2068.wav,17.0072,3.7128,3.628
lisennet,p243_056_mic1-02c5ef02300f-08e7b63216af.wav,20.7383,5.289,3.375
lisennet,p243_064_mic1-0cc4f7ec4c46-6b18bd2519b4.wav,22.9108,4.8645,3.067
lisennet,p243_066_mic1-b81458667130-0d02620bf44d.wav,23.4551,3.93,3.239
lisennet,p243_067_mic2-9ad9035e683a-10f9c745ae65.wav,16.5497,4.5303,3.508
lisennet,p243_091_mic2-2e7c1c87ed20-1e0a4191438d.wav,18.7491,4.2701,3.799
lisennet,p243_105_mic2-962a4274fc14-eef7f4bf1d94.wav,21.3566,4.3165,3.335
lisennet,p243_122_mic2-6b03431c7b87-5704c8f65f00.wav,20.8758,5.2292,4.397
lisennet,p243_127_mic1-435f357cb804-3ec72a13a7e6.wav,16.7225,2.3236,4.04
lisennet,p243_129_mic2-c39da770ca1c-d3a143bdf8a1.wav,19.3041,8.024,3.508
lisennet,p243_130_mic2-7128102e0ba8-161d4641e4c3.wav,17.122,6.0238,3.331
lisennet,p243_140_mic2-49065b5a95cd-e75513633a7c.wav,22.297,7.338,3.408
lisennet,p243_153_mic1-a11655ae2fa3-46973c0487ba.wav,17.4992,3.3334,3.21
lisennet,p243_156_mic2-745a7f949838-49fe77ba97dd.wav,15.0593,6.2445,4.235
lisennet,p243_157_mic2-b6760900d3bf-944dc2d12c89.wav,24.0907,2.6898,3.354
lisennet,p243_160_mic2-6d6f754bd504-0c19d04387b7.wav,19.714,2.7433,3.678
lisennet,p243_169_mic1-f21285f7bc01-7093442b3071.wav,18.1005,2.5615,3.484
lisennet,p243_173_mic1-db74224b5ad7-36e3ffb71b3e.wav,23.4788,2.788,4.057
lisennet,p243_187_mic2-a4328533f208-da52eb162da0.wav,14.5738,2.7358,3.757
lisennet,p243_194_mic2-d9cf4de4afc8-b441cc2811be.wav,21.2895,4.0433,3.894
lisennet,p243_204_mic1-47a2d0481862-bb8d042908ad.wav,24.6707,4.9695,3.371
lisennet,p243_213_mic1-690c464f3986-192abda9b768.wav,17.5399,3.2157,5.123
lisennet,p243_214_mic1-1815bea42a61-c38cbf044c43.wav,14.0237,3.0707,4.007
lisennet,p243_251_mic1-65f4318d12ad-e1787e5c29f7.wav,18.5825,4.0034,3.546
lisennet,p243_264_mic2-66077d584c06-1a21a653115f.wav,23.6408,3.7573,3.409
lisennet,p243_269_mic1-a88aa2075453-ed6e3ccc6f8e.wav,24.809,4.5162,3.224
lisennet,p243_274_mic1-676216355a15-0ef56b047be2.wav,19.7302,4.1273,5.073
lisennet,p243_276_mic2-de45d41319c4-3455f3f603ef.wav,17.4834,2.4439,4.311
lisennet,p243_278_mic1-79d52fef4fd5-0a4b274e61a1.wav,19.6665,3.7521,3.416
lisennet,p243_280_mic2-6c2426ace46d-78418c70fb74.wav,15.7517,3.4452,3.557
lisennet,p243_298_mic1-9123dfba46a6-b73d3d5bfb8e.wav,20.6241,3.311,3.412
lisennet,p243_315_mic2-df420298c930-1ce6e5b28ca7.wav,24.8183,7.3008,3.034
lisennet,p243_323_mic2-ddada3618b23-7204e145de15.wav,24.6227,6.0352,3.121
lisennet,p243_326_mic1-0a9227e922c0-fb79d1aefd0c.wav,20.944,3.064,3.888
lisennet,p243_341_mic1-4f1fbb153d76-8769a68f8fc5.wav,19.104,4.9294,3.33
lisennet,p243_342_mic2-d1b25b77e41b-e9b28e49b8bc.wav,14.6536,4.2192,3.499
lisennet,p243_344_mic2-708c4fe61c31-f809f883006a.wav,23.3204,6.6178,4.354
lisennet,p243_348_mic2-59ac7849c722-5cc1564a981c.wav,19.1217,3.395,3.515
lisennet,p243_356_mic2-29101d10104e-dc93b312036f.wav,19.5479,3.8848,4.028
lisennet,p243_372_mic2-2201577490b2-b6c6d72f1041.wav,23.6381,4.3705,3.252
lisennet,p243_380_mic2-1ed27999d72e-8d4ae64fd437.wav,22.7049,8.7134,4.107
lisennet,p243_387_mic2-2ad1ec9ce460-ed22945a75d9.wav,23.0631,5.8408,3.655
lisennet,p243_388_mic1-852138526c97-35be23bd4844.wav,22.2109,6.4966,4.655
lisennet,p243_389_mic2-6cb7bc124b2b-ffbc91cd8d48.wav,20.9481,8.4233,4.054
lisennet,p243_390_mic1-babb4da8c361-ce6960d5595c.wav,21.5157,2.7582,4.146
lisennet,p244_011_mic2-f464d282b827-6324c88c7f98.wav,19.3578,7.6088,6.377
lisennet,p244_029_mic2-852a7bacc44c-3bc2ba246e7c.wav,19.5692,7.8905,3.178
lisennet,p244_071_mic1-21230dd3e35b-8cc229646019.wav,18.5347,4.3441,4.372
lisennet,p244_071_mic2-69f37ea696d3-7a2c965df353.wav,18.3759,6.4879,4.372
lisennet,p244_091_mic2-eafa4bd6d6e3-3e311f52a92e.wav,17.3085,9.2039,3.771
lisennet,p244_105_mic2-78a3afdc4e89-2a90722b99e7.wav,16.3495,8.6368,3.107
lisennet,p244_123_mic2-a7500d1e5b4b-639002e54c52.wav,15.8416,7.859,4.448
lisennet,p244_163_mic2-7be4e5d438d5-8257b5078b1d.wav,19.5677,8.7368,3.127
lisennet,p244_167_mic2-b4a62818cdba-815b703d2c12.wav,21.8875,10.6248,3.532
lisennet,p244_232_mic2-6ae25aba8360-e4ef18b012ac.wav,17.0724,7.4985,3.023
lisennet,p244_313_mic2-219d01864199-df191e8849f3.wav,15.0279,6.1917,3.401
lisennet,p244_379_mic2-05e6e6ac6be1-7bb3c024d6e6.wav,19.6738,6.8687,3.84
lisennet,p244_396_mic2-1aae40216dd2-bcf40fd70358.wav,19.3045,6.2092,3.191
lisennet,p244_410_mic2-7bb75959a914-2259a93190e3.wav,17.6302,5.9571,4.208
lisennet,p246_006_mic2-6e85f57d0ee9-5d350c380278.wav,22.6237,7.6655,6.747
lisennet,p246_024_mic1-ac4b200e6899-c32aff364cf5.wav,17.0836,4.0889,7.546
lisennet,p246_033_mic1-ab632ef79676-8ea76a30beb2.wav,22.4742,6.2904,4.415
lisennet,p246_083_mic1-4becc6c982cf-9ae19c83e154.wav,16.6151,8.2382,3.824
lisennet,p246_126_mic1-fcd492603ef1-31ba85b32028.wav,18.2115,6.8861,3.536
lisennet,p246_224_mic1-768ca80acfab-227b650a0383.wav,21.9175,6.6758,3.636
lisennet,p246_239_mic1-13d1f7d0647d-65f5c4dba2f7.wav,16.2284,4.9367,4.819
lisennet,p246_258_mic1-70e38bedc924-af941749cbdd.wav,18.7967,6.9466,4.365
lisennet,p246_274_mic2-eb54a3506c9d-a616e137ca7d.wav,22.4482,14.4447,5.133
lisennet,p246_276_mic2-e1410226610c-4161b9333092.wav,22.1637,10.4678,4.412
lisennet,p247_024_mic2-cb93e704e871-2260a3478c21.wav,18.4822,2.3105,7.029
lisennet,p247_069_mic1-6feb04caa664-a0b88e36dd5d.wav,17.8768,2.6352,3.18
lisennet,p247_078_mic2-cdf16b0e0379-0e52f37939ee.wav,18.1345,2.0527,3.381
lisennet,p247_092_mic1-8859324a0062-26d4f6b91804.wav,19.2196,3.6275,3.422
lisennet,p247_113_mic1-75a94796af7a-de2d500b426f.wav,19.7745,2.0971,4.439
lisennet,p247_116_mic2-00b9f914c069-6970c2d8a4e5.wav,18.0517,2.2297,3.078
lisennet,p247_127_mic2-d664b99f061c-ef63248a95d3.wav,21.2833,3.5603,3.159
lisennet,p247_130_mic2-61f72bc2b52e-b2e3d2fb4f7b.wav,19.4958,2.1301,3.328
lisennet,p247_157_mic1-585a436c7124-e84c0b5f5455.wav,19.4984,3.4195,3.068
lisennet,p247_176_mic2-d7210581e27d-781f8a05713e.wav,18.9299,4.4948,4.941
lisennet,p247_185_mic1-a252c97e8230-0d97d87e6b90.wav,19.3758,3.3072,3.078
lisennet,p247_199_mic2-c85e9da4834f-9632fbc4eeaa.wav,18.1181,4.9351,3.526
lisennet,p247_206_mic1-6668a0eb51e8-12a1607c5e87.wav,18.5253,4.6799,3.004
lisennet,p247_210_mic2-076c9b303f07-28a916cb303d.wav,20.4909,6.6278,3.527
lisennet,p247_236_mic2-d191304aa687-833ed044ad4d.wav,18.6698,4.6297,3.594
lisennet,p247_239_mic2-e0237f6d6789-fab70cb8f5fa.wav,21.1606,3.2123,3.762
lisennet,p247_289_mic2-573ec0599529-270a5e471777.wav,19.2764,6.0733,4.77
lisennet,p247_357_mic2-e8a458a91e71-5c34f4acbcbc.wav,18.2004,7.8087,3.114
lisennet,p247_404_mic2-646a69f12906-648939b48659.wav,20.5735,6.8489,3.203
lisennet,p247_408_mic2-52955c799386-bc30bfd0ae05.wav,21.2573,7.167,3.563
lisennet,p247_479_mic2-02ca8fb369b5-64e0d8ed8c9a.wav,17.4686,2.858,3.326
lisennet,p248_007_mic2-55e7bc0b82fc-61a23e6d380b.wav,18.35,3.3262,5.517
lisennet,p248_008_mic2-c6b3db8cf121-523a10c4f8cb.wav,17.6657,3.0758,9.491
lisennet,p248_013_mic2-ffb8aed19e9a-7cabb3617c4e.wav,17.1785,4.196,5.443
lisennet,p248_029_mic1-afcd8426ac0b-25c873c0cb7e.wav,18.8647,2.7178,4.822
lisennet,p248_032_mic1-1a8101e654f4-530069153b9b.wav,17.747,2.1357,3.892
lisennet,p248_034_mic2-b62589242897-6375c3d8f9c1.wav,16.678,3.8113,5.446
lisennet,p248_046_mic2-2a19485dc5a3-9075cd37517c.wav,18.7389,6.1324,3.764
lisennet,p248_066_mic2-52f583ed99f3-602c0124af48.wav,17.2896,2.2421,3.547
lisennet,p248_106_mic1-6eb0022dbc6e-fcf809c21a71.wav,18.8657,2.3727,6.204
lisennet,p248_108_mic1-14f01f09303f-09c1165bdbaf.wav,15.3137,4.7232,3.681
lisennet,p248_109_mic2-e3f7d7772283-2462919f9c0a.wav,12.7516,2.7162,3.675
lisennet,p248_118_mic1-a992692b402b-a7932c1551b3.wav,19.0388,3.9667,3.019
lisennet,p248_133_mic2-b10b3fec4d89-6ba3489a04c3.wav,18.4152,2.474,3.033
lisennet,p248_149_mic2-13507aa7afc5-1c4a456a87fc.wav,16.7364,2.1026,3.437
lisennet,p248_153_mic2-664a80868d8f-bdbd2bdcffbd.wav,18.9001,2.1647,5.699
lisennet,p248_154_mic1-7a77a481cd71-1c2b3005a93b.wav,16.0015,4.2773,3.764
lisennet,p248_159_mic1-416e5d2d897f-fadd710ef01a.wav,12.4825,4.5348,4.74
lisennet,p248_163_mic2-37cee5447278-f6312393832e.wav,13.6011,6.5564,3.944
lisennet,p248_165_mic1-42bd592ed3a6-6b3e820f7c74.wav,17.4464,5.6724,3.464
lisennet,p248_191_mic1-abcfff94cd98-a99411dfbd5d.wav,16.2693,5.0693,3.659
lisennet,p248_193_mic1-646a8e62e8ab-d15780425e4c.wav,19.489,5.1412,3.629
lisennet,p248_226_mic2-0a8375bd5771-cbc668c60f0a.wav,16.7232,5.3655,4.608
lisennet,p248_242_mic1-5cb39f643a55-7c476ba0df38.wav,14.672,6.4727,3.758
lisennet,p248_268_mic1-efd30c47c57d-3c67c107351c.wav,18.7108,5.7395,3.204
lisennet,p248_284_mic1-a0286bd02a2f-e59fa600c235.wav,19.8544,6.8065,3.589
lisennet,p248_289_mic2-ee24f8f58894-162960736964.wav,13.7586,6.2382,5.446
lisennet,p248_308_mic2-4fcf35e6b2a5-ee5e97d781b1.wav,15.0815,6.7918,3.021
lisennet,p248_310_mic2-eb1378db9276-39c3c1dd6cc5.wav,16.0247,4.469,5.25
lisennet,p248_314_mic1-b9fbaa00dff3-bea9f54bf46f.wav,16.1191,2.7704,3.372
lisennet,p248_319_mic2-9a001163e0bd-d5eb7ccaeee3.wav,20.773,5.9734,3.468
lisennet,p248_325_mic1-80f8f407b824-d16cab9082bd.wav,18.1058,7.6188,3.338
lisennet,p248_336_mic1-cfb47a783997-1741fb799e16.wav,18.5575,4.4397,5.738
lisennet,p248_347_mic2-bba2d8c7cddb-d20403dd5fe4.wav,20.6369,8.7836,3.458
lisennet,p248_353_mic1-c0e7dca1ab7d-d60d664aa71d.wav,20.8014,7.4146,4.758
lisennet,p248_362_mic2-5cb727d532c7-83cf2e1c62a3.wav,17.2044,5.6477,3.202
lisennet,p249_018_mic2-c6f4066e375e-5ba9565c74e2.wav,19.3651,4.3523,5.121
lisennet,p249_035_mic2-83e638959925-5afb4fbf3a6f.wav,17.2461,6.9367,4.304
lisennet,p249_205_mic2-52160b761109-5cce4f04d659.wav,18.0148,7.673,4.602
lisennet,p249_256_mic2-4e892800ed36-7c2e53bca0aa.wav,19.3226,6.5974,4.022
lisennet,p249_278_mic2-e64c67785b3e-a6c570263b47.wav,17.7415,8.3522,4.944
lisennet,p249_287_mic2-f2ce754dc345-a6de49ecec23.wav,18.7778,6.3921,4.423
lisennet,p249_338_mic2-4081725953ea-10682cf62ee2.wav,21.2287,8.7653,4.894
lisennet,p249_341_mic2-64c145892de7-c55259a84124.wav,18.1284,4.8712,3.553
lisennet,p250_019_mic2-f95c1a8b42ed-2b66e82c5043.wav,17.9628,3.4834,6.781
lisennet,p250_052_mic2-e2e39db695b9-36bb1c47c85d.wav,16.9888,5.0367,3.287
lisennet,p250_245_mic2-f40c49e78ef1-ac2e247ba410.wav,15.1907,5.1935,3.25
lisennet,p250_260_mic2-4ac388086047-8fa01a7c32d8.wav,18.2149,6.49,3.563
lisennet,p250_292_mic1-fb27c3574ff5-3924c5dcc445.wav,20.1524,7.7977,3.087
lisennet,p250_305_mic2-affc7368f644-d308de38e5eb.wav,18.8573,5.2723,3.188
lisennet,p250_312_mic2-04bb2f5fc576-8eea76f291b7.wav,17.5328,3.722,3.673
lisennet,p250_334_mic2-db04a307a813-534005de3908.wav,12.8862,3.1459,3.204
lisennet,p250_443_mic1-aa70a09729d6-6ce758ae1acf.wav,12.2881,4.1739,3.286
lisennet,p251_006_mic2-9ebe79d0ddde-b0606c0e278e.wav,19.8213,6.436,5.577
lisennet,p252_002_mic2-bf278953a6c9-03e7487569ee.wav,21.0335,5.0085,4.313
lisennet,p252_004_mic2-806c604a83cf-1b5414f93f1c.wav,18.0847,2.9914,5.59
lisennet,p252_028_mic2-6c1016faf7e6-e4d71a84d3d7.wav,23.7588,4.9434,3.459
lisennet,p252_029_mic2-2c2b9fdb976c-89b767d95bde.wav,22.5137,6.8506,3.386
lisennet,p252_083_mic2-a30acb3b9eba-75e43f14033c.wav,21.1365,2.6721,3.204
lisennet,p252_101_mic2-94541922203d-7274632a5bd3.wav,20.5497,3.1405,5.447
lisennet,p252_125_mic2-e28df9dad3d1-e4f5acd96db5.wav,21.0754,3.6563,3.702
lisennet,p252_176_mic2-e2611f2298b8-cfbbf9521bb2.wav,18.9884,4.2781,4.726
lisennet,p252_218_mic2-d2bebb412901-a80e86449469.wav,19.6694,4.7773,3.522
lisennet,p252_224_mic2-2b4866d825e4-a3729731db48.wav,20.8344,6.0715,3.89
lisennet,p252_233_mic2-d8a3ad4c830f-56c81339b705.wav,18.612,4.0255,3.823
lisennet,p252_281_mic2-8851d0e07ad3-4e9cc920cc03.wav,18.4987,6.0183,3.217
lisennet,p252_297_mic2-98220718ed63-95b6b5bf0be5.wav,20.265,3.3689,3.99
lisennet,p252_343_mic2-1fd9a2166037-bb37dd93d646.wav,20.9689,4.2537,3.684
lisennet,p252_381_mic2-10795ad8873a-6678f7299782.wav,20.7295,4.4608,3.562
lisennet,p252_384_mic2-dcc80ecd040c-caaea163956c.wav,21.5227,5.2305,3.496
lisennet,p253_002_mic2-406e3d4815fb-686703c90fa9.wav,18.5953,6.1328,3.926
lisennet,p253_020_mic2-f2a35070051d-000fbc7a88ec.wav,17.9622,3.7105,4.114
lisennet,p253_024_mic1-64d303d445de-9e03ffd95482.wav,12.7195,2.9863,6.829
lisennet,p253_085_mic2-11ec45192c6b-12e72f0039b1.wav,19.4384,8.0111,3.195
lisennet,p253_101_mic1-2637a392731f-41cdb8a92d10.wav,18.6575,4.9406,3.416
lisennet,p253_180_mic2-a486fd44ebb5-aa2bdd701ac5.wav,20.1923,4.5923,4.077
lisennet,p253_197_mic2-9c681c304a2f-95ff793d1fb4.wav,17.9727,7.5057,4.675
lisennet,p253_225_mic2-2590a19c47fa-2fc71a00f889.wav,14.771,8.0522,3.89
lisennet,p253_265_mic2-52db3cc103dd-9c8692052016.wav,17.3544,3.2407,3.276
lisennet,p253_276_mic2-9a6f67efdd05-5e1b22d1c29d.wav,16.5693,5.9089,3.845
lisennet,p253_316_mic2-8cb9e9e8ff38-1a1079f7cdf9.wav,20.2281,8.4617,3.667
lisennet,p253_328_mic2-3bc8cbd92a9d-10f4905f7ff9.wav,19.8427,2.397,3.229
lisennet,p253_337_mic2-8d0dfb8acf31-467e5a0ffa72.wav,19.8797,2.9084,5.469
lisennet,p254_007_mic2-fdd748570063-ac6fa29e710c.wav,19.0407,6.2608,4.578
lisennet,p254_009_mic2-2d1eb5d8385b-12779c349133.wav,20.121,5.2387,4.649
lisennet,p254_151_mic2-6cb32da0ee32-c3e354661770.wav,16.2976,4.0595,4.538
lisennet,p255_007_mic2-758c6e76ba1a-b7180bb730b5.wav,22.9923,8.7463,4.272
lisennet,p255_012_mic2-69168c1b32c2-f8ebd5d3e174.wav,22.1204,7.051,4.739
lisennet,p255_021_mic2-5ef10c85dccb-b5ad0048d22e.wav,20.2028,5.2472,9.155
lisennet,p255_024_mic2-eb9d9038c5d2-74a69f51823f.wav,22.8155,6.5135,6.964
lisennet,p255_083_mic2-4f629f5cb75e-a936e0456fb8.wav,22.614,4.8666,4.269
lisennet,p255_120_mic2-5c2aa843bc86-5e7c158737e5.wav,22.5076,6.1087,4.679
lisennet,p255_135_mic2-a5bd75b73827-9e29fa28aa0d.wav,22.2973,7.4044,3.032
lisennet,p255_151_mic2-aadf740246f0-ab9618f4755a.wav,21.7244,6.0243,5.185
lisennet,p255_157_mic2-2e8aef4c26e6-11606570bbe9.wav,21.3732,5.7753,3.738
lisennet,p255_163_mic2-91a09fe09332-e71ed3f948a7.wav,19.9943,5.0777,3.46
lisennet,p255_194_mic2-e91efe893e36-545ed8829676.wav,23.1504,5.8228,4.269
lisennet,p255_198_mic2-4887b3d2114f-15fcbbae8909.wav,19.8414,5.6087,3.691
lisennet,p255_206_mic2-c1b7782ce7aa-6de9e5da4aa3.wav,20.9013,6.4311,4.461
lisennet,p255_238_mic2-0349b09a0b63-886aa7413709.wav,20.6791,3.1723,3.39
lisennet,p255_249_mic1-a2dc60f039cd-6ed3cd273cf4.wav,19.8689,2.3542,3.758
lisennet,p255_261_mic2-5d56ce3fb5f4-af9918732e23.wav,20.9192,6.1669,4.526
lisennet,p255_269_mic2-674e88e569ec-4a274d8f33a0.wav,22.9396,3.7715,4.82
lisennet,p255_302_mic2-c2894a59aa3f-59263216cd13.wav,21.4153,4.161,4.098
lisennet,p255_307_mic2-bc7baeb280f1-150b3c12a395.wav,21.7564,5.6676,4.964
lisennet,p255_329_mic2-517118382cb2-92935247a5c8.wav,21.2654,5.6582,5.459
lisennet,p255_336_mic2-68fa29a25b39-e38f71d7ff73.wav,22.8828,3.7588,3.659
lisennet,p255_346_mic2-bd34e9c84b46-e06983dd967f.wav,20.3641,6.0909,3.631
lisennet,p255_369_mic2-f10d324f0af3-d80330b11dc5.wav,19.9522,6.6388,3.394
lisennet,p255_370_mic2-5edc54f25d1c-2aeb05ed3932.wav,22.1914,7.2913,3.857
lisennet,p256_077_mic2-f1dd62386a1a-ff1f0457fd06.wav,18.2423,6.0457,3.675
lisennet,p256_127_mic2-3dd943c1cf49-b42bc5b2ff5f.wav,18.9256,3.8436,4.483
lisennet,p256_193_mic2-41d8d1e98e4d-c2ff612b8568.wav,13.6,5.1396,3.063
lisennet,p256_201_mic2-ead0caa6f7f0-b3b17020631b.wav,21.3899,3.4954,4.602
lisennet,p256_215_mic2-1c374a457fab-1d61f6f79762.wav,18.6388,5.9726,5.344
lisennet,p256_216_mic1-9da27261ebdc-ceb5d8f2d8c8.wav,18.1782,3.7344,5.027
lisennet,p256_259_mic1-f8dffa84f484-f381bdf08f7c.wav,19.0683,5.8467,4.889
lisennet,p256_274_mic2-67f14c810c0a-30d5430a6c8c.wav,19.8963,3.2486,4.53
lisennet,p256_283_mic2-8024e4469ccb-ba31c8db5989.wav,19.2375,4.0087,3.437
lisennet,p256_290_mic2-f78eae113208-905c77e29c30.wav,18.982,5.1923,4.063
lisennet,p257_004_mic2-92656244bb30-cef430ab9c61.wav,10.2499,3.5905,3.631
lisennet,p257_127_mic2-f1483fd909f3-cc28134c0849.wav,20.2011,6.8221,3.421
lisennet,p257_206_mic2-785b6dfa870d-3cc8789d520a.wav,20.6776,6.4341,3.116
lisennet,p257_237_mic2-2e9412446ce7-3ceaf7b3ac0b.wav,18.1312,6.6732,3.546
lisennet,p257_366_mic2-5a891dc4a279-6fb1843bb8f7.wav,21.8178,8.2218,3.585
lisennet,p257_389_mic2-75360da1a35e-0e2294ce4ce7.wav,22.3384,8.5888,3.67
lisennet,p258_090_mic2-a837c9b84e46-9c64f854fb01.wav,21.8614,2.9565,3.535
lisennet,p258_124_mic1-753e6bb12efa-54b2af41c8c3.wav,24.5709,3.6997,3.032
lisennet,p258_183_mic1-42616d5e735a-7bd924116a01.wav,21.0796,3.3064,3.848
lisennet,p258_183_mic2-ef778536f11c-d24f7177cf0d.wav,20.7458,4.7183,3.848
lisennet,p258_216_mic1-93a926cd251c-14abfe7b2361.wav,23.1228,2.4157,3.183
lisennet,p258_222_mic1-dec5703f1f8b-d38a220fc793.wav,21.6328,3.4617,3.806
lisennet,p258_227_mic2-dfe760137efb-5fb440f52e56.wav,20.008,2.9274,3.935
lisennet,p258_272_mic2-cb087d195c6d-d730f1121b37.wav,22.6011,5.8959,3.92
lisennet,p258_289_mic1-6ac89db1abc6-29ba1815bb4a.wav,22.2758,3.223,3.021
lisennet,p258_305_mic1-c1f8a666c08c-84a3c09f0759.wav,20.6856,2.0696,3.781
lisennet,p258_316_mic1-04841d0b077b-cff65a9e0e3b.wav,18.9972,2.6722,3.292
lisennet,p258_329_mic1-1b6aef89ecda-63d1a0f96108.wav,25.0671,6.4681,3.867
lisennet,p258_378_mic1-8a04326b9019-d180fa0135a1.wav,22.0322,2.1213,3.571
lisennet,p258_392_mic1-a8dd3a0063d4-9d4186bc6e20.wav,20.3026,4.678,3.012
lisennet,p259_019_mic1-bbf2398283aa-a2ac01cc1d23.wav,21.3318,3.1524,7.425
lisennet,p259_039_mic1-226f7790572c-e308f012f1fb.wav,19.7165,2.2661,3.546
lisennet,p259_056_mic2-8ea14a0dbaec-0b5f67e545a5.wav,19.2251,3.1822,3.297
lisennet,p259_059_mic1-de954a3e7ffc-78629aa245f7.wav,20.5295,4.8421,3.085
lisennet,p259_078_mic1-988dd6ea7b02-3029706c1871.wav,19.7742,4.1078,3.027
lisennet,p259_091_mic1-38b18be43b58-320b7219b218.wav,22.3522,5.1574,3.197
lisennet,p259_104_mic1-73ae6fb16a05-17be795f68db.wav,22.4763,3.7412,3.428
lisennet,p259_106_mic2-c85844cfefad-bb4ae2ba5a35.wav,20.0544,5.7215,3.526
lisennet,p259_110_mic1-c7cbf15aaf29-fd1a5c2ce581.wav,20.3106,4.1741,3.467
lisennet,p259_118_mic1-5b5680d368bc-d077a90bbd3e.wav,21.1577,3.1788,4.436
lisennet,p259_130_mic2-df486ce6265d-556aad41e044.wav,21.6521,4.9801,4.47
lisennet,p259_132_mic2-8bd456a619de-24ade7bbf6bc.wav,18.5997,4.0359,3.335
lisennet,p259_136_mic1-baaf081915f8-cdca9cb93939.wav,21.6436,2.7113,3.661
lisennet,p259_153_mic2-a541c066c806-98f6bd529e8b.wav,19.7379,3.0657,3.432
lisennet,p259_215_mic1-7dedd171b10c-522ab78f6a22.wav,22.909,3.8252,3.363
lisennet,p259_252_mic2-91775593bdfc-0ebaa34edb73.wav,19.59,2.6067,3.23
lisennet,p259_262_mic1-2649462a9062-7dc5da6ba235.wav,22.6984,2.8853,3.836
lisennet,p259_390_mic2-c32b5ec81acf-3a3406f53b22.wav,22.0456,2.1432,4.345
lisennet,p259_399_mic2-7f252123ba61-0f59af14c7ed.wav,23.279,5.1634,3.075
lisennet,p259_409_mic1-89daa7cccb00-c27f892da776.wav,18.4357,2.3051,3.277
lisennet,p259_409_mic2-c847ce0b1117-0770ff1a43b7.wav,18.7229,2.816,3.277
lisennet,p259_440_mic2-8fcec93e2530-3bb24c20a9ae.wav,23.1435,4.4339,4.757
lisennet,p259_481_mic2-82a9a68d6ecb-1b2eb6a5e9d8.wav,19.051,6.2387,3.363
lisennet,p260_008_mic1-60cc9678d603-808583beeb96.wav,17.2996,3.4411,5.955
lisennet,p260_013_mic1-87bd4741d27c-daaa31152e9b.wav,19.0248,2.2342,4.099
lisennet,p260_014_mic1-edbf40780a59-78963590e796.wav,22.1164,3.7125,4.923
lisennet,p260_018_mic1-7f938a0c1810-160fce3dd8d7.wav,17.8997,4.0502,5.524
lisennet,p260_020_mic1-2d781070008e-29a23a87e225.wav,22.0344,3.3671,4.192
lisennet,p260_034_mic1-2a4393e51def-51db531b3482.wav,17.9262,2.0801,4.378
lisennet,p260_040_mic1-961ca8b4d9b1-20f0e07e786c.wav,22.4185,6.071,3.885
lisennet,p260_044_mic1-c6a2369a8fc6-9390aec1e322.wav,20.4797,4.3222,3.856
lisennet,p260_059_mic2-a5119c69d5d2-40d7d78787f0.wav,14.4823,5.079,3.364
lisennet,p260_060_mic2-e5be4a341b63-24f63ceefe64.wav,20.7612,2.4293,3.944
lisennet,p260_086_mic1-416d0fe55746-28a7a813bde1.wav,18.9396,4.8297,4.056
lisennet,p260_120_mic2-eacbf09158bf-7f4721b719c5.wav,18.247,2.46,3.737
lisennet,p260_146_mic2-98d2e16b4da3-171bc0afb4b3.wav,16.9504,3.5691,3.721
lisennet,p260_179_mic1-10716cff245a-74fc473039cd.wav,20.3576,2.9507,3.17
lisennet,p260_214_mic1-4f1596439ad6-5f8d630ee9ce.wav,19.7345,4.4603,3.602
lisennet,p260_215_mic2-f4946f70784a-b5beec306f54.wav,22.1062,1.99,3.908
lisennet,p260_216_mic1-433323f9f57a-cf41ce014c35.wav,19.0976,4.4636,3.855
lisennet,p260_236_mic1-ece76588d7db-e9e949eb80ad.wav,20.625,4.9524,3.329
lisennet,p260_276_mic1-dc4ff6b4c3dd-18cba979bd04.wav,22.5852,5.0805,3.186
lisennet,p260_278_mic2-7413f9d67bb5-3c05734db78c.wav,18.6286,3.6564,3.445
lisennet,p260_322_mic2-bb3da81575ae-ce963a1b45dd.wav,21.279,8.6006,3.068
lisennet,p260_335_mic1-2b8f5196330d-cc7dcb9fc3ad.wav,21.3656,3.9481,5.097
lisennet,p260_342_mic2-ef578b308c80-c48078a8987c.wav,22.6729,9.4601,3.164
lisennet,p261_004_mic2-f4d988361696-12e5797480e1.wav,15.26,5.5469,4.441
lisennet,p261_023_mic2-2347633fcbc7-e974f877512e.wav,15.8933,4.9163,9.818
lisennet,p261_024_mic1-24707669a440-f54e02ccf4d2.wav,15.743,4.865,6.061
lisennet,p261_070_mic2-626f8a7abe1b-9a0d39bef820.wav,10.2446,6.6147,3.712
lisennet,p261_178_mic1-1e7d5059a6a3-b2d82cef9254.wav,19.6051,4.883,4.137
lisennet,p261_233_mic2-4f2622ebaf63-0a565704e7ed.wav,15.3994,5.5222,3.117
lisennet,p261_262_mic2-ffcddfe0f726-3b825ddbee84.wav,13.7237,4.7722,3.247
lisennet,p261_279_mic2-c93020398b73-5e834acc77af.wav,17.47,5.0852,3.501
lisennet,p261_284_mic1-ed0f7e0e3f28-af0b124f0961.wav,18.6832,5.1996,3.887
lisennet,p261_290_mic2-73013ee31ac4-c3bab5161511.wav,14.2725,4.9832,3.63
lisennet,p261_333_mic2-65db654fd94d-c4830c365a38.wav,14.9716,6.1788,4.354
lisennet,p262_019_mic2-a838b87467cb-fd51489159e8.wav,17.1105,2.842,8.147
lisennet,p262_023_mic2-64b58aaa1203-70caa22ee8fd.wav,20.2048,4.9901,11.192
lisennet,p262_030_mic2-75f0cec40a83-df2fe9f91796.wav,18.9859,3.9704,5.181
lisennet,p262_050_mic2-9cab19fa4fc0-ccba801bc07c.wav,18.4754,7.0925,3.034
lisennet,p262_091_mic2-4e51235bf572-fab98a013575.wav,15.7559,2.8424,3.515
lisennet,p262_162_mic2-39d03e9321db-94b587d706d7.wav,21.1803,4.2325,4.77
lisennet,p262_164_mic2-a8b7b2d1f671-3480329000dc.wav,21.8114,8.179,3.374
lisennet,p262_167_mic2-de04a527f51c-5755a62733b3.wav,18.5602,5.3009,4.278
lisennet,p262_183_mic2-d2ac5b80c868-34965eda2271.wav,16.5593,2.0331,3.428
lisennet,p262_301_mic2-138d1e1b777c-21436ca1715b.wav,19.5345,2.4317,4.544
lisennet,p262_305_mic2-779092d74f23-c1593875e6c9.wav,16.0861,3.0371,3.589
lisennet,p262_344_mic2-1312ec37abb2-bfc6683080a0.wav,14.4577,4.9569,3.514
lisennet,p262_358_mic2-20d8a8856c0c-41c8c7cae8bc.wav,20.1854,2.8059,3.246
lisennet,p262_363_mic2-1b2e20afc93a-87b13582340a.wav,20.6568,2.2095,3.928
lisennet,p262_380_mic2-6cfb25566a4c-98fc9998112c.wav,19.0224,2.8448,3.118
lisennet,p262_391_mic2-9a7c43bfff99-6305d40822f7.wav,19.7956,5.1902,4.487
lisennet,p263_007_mic2-5c2728f0c603-9d29e2051c93.wav,23.0037,7.7778,4.438
lisennet,p263_049_mic2-2459ab2a7b64-35eb95133336.wav,23.2649,8.357,3.544
lisennet,p263_054_mic2-522a0f771283-c1869c96a1bf.wav,18.036,5.0343,4.009
lisennet,p263_107_mic2-327838680024-f74489381182.wav,22.7509,9.171,3.115
lisennet,p263_119_mic2-21ee197953f3-a2a298f3c022.wav,21.7406,9.0217,4.057
lisennet,p263_168_mic1-83d3853d1eb6-41c7eed4f3c1.wav,18.124,2.9719,3.798
lisennet,p263_168_mic2-208775fff6b0-3952d3cd9289.wav,22.2332,7.8237,3.798
lisennet,p263_217_mic1-59bd88337860-79274f2aff8a.wav,16.4249,4.1319,3.544
lisennet,p263_219_mic2-fe35347cadff-1834d07bf633.wav,19.0188,9.4617,3.46
lisennet,p263_241_mic2-0dc105f756b3-32f6e6db6819.wav,22.5622,6.1505,4.268
lisennet,p263_262_mic2-af72e6612421-2650a1080a6f.wav,23.5104,6.1239,4.573
lisennet,p263_313_mic2-6928e2b8d5e7-de7cffbe26b1.wav,22.6882,8.3868,3.03
lisennet,p263_316_mic2-f12fba428b1d-e2f4805e458b.wav,22.0749,8.0844,3.713
lisennet,p263_375_mic2-ebee9fdc92a5-06cbc63306b6.wav,23.3179,6.5658,3.371
lisennet,p263_381_mic1-da5a1d5b49cf-3b70d254ee09.wav,21.2774,2.3071,4.994
lisennet,p263_381_mic2-f3e5dbab7e33-9f472741b809.wav,22.8824,6.6479,4.994
lisennet,p263_405_mic2-679644a85639-db50aa309b30.wav,21.9971,7.857,4.132
lisennet,p264_059_mic2-97a10a7e3cf0-2fd0df046866.wav,20.5683,4.0848,3.121
lisennet,p264_130_mic2-b918b95489e6-b5b752b08a73.wav,18.8925,2.0422,3.673
lisennet,p264_143_mic2-8243008e8984-d4bab008bfd2.wav,18.9328,5.5742,3.588
lisennet,p264_146_mic2-655c1684047d-bb5f687c7cd3.wav,21.9392,7.3357,3.158
lisennet,p264_174_mic2-b279384eaa46-7e65b1c01db7.wav,21.0241,2.1254,3.288
lisennet,p264_247_mic2-75ffd66acfcb-36ce3a4ffd3c.wav,18.7893,2.3266,5.467
lisennet,p264_252_mic2-44cd7ead917c-d665ced7b170.wav,18.8887,2.2865,3.117
lisennet,p264_256_mic2-f8feb259b543-fe976feef680.wav,19.0887,3.4721,3.162
lisennet,p264_405_mic2-0728ad206a53-41378f8b1b1b.wav,20.5898,4.2096,5.841
lisennet,p264_440_mic2-4c000c184fa2-544813928ed5.wav,18.909,2.0998,3.502
lisennet,p264_441_mic2-5e862d275a5a-cfafae93ead9.wav,17.924,2.1102,5.509
lisennet,p264_473_mic2-2e81c22544a7-03c8426eb97f.wav,20.7708,2.739,3.674
lisennet,p264_478_mic2-3ad076606d5a-4aba06e60237.wav,21.3939,3.4142,4.399
lisennet,p265_015_mic2-1b598c44fc4c-a2d26c1905b4.wav,19.3881,9.0344,8.274
lisennet,p265_036_mic2-32cb14b88b65-bfa7c8557c67.wav,17.1621,5.4268,5.253
lisennet,p265_072_mic2-5d255ba69a9e-a351dd75c2ac.wav,17.2396,3.2551,4.1
lisennet,p265_075_mic2-382e14566b44-018fcfdcaa20.wav,18.1549,4.2354,3.668
lisennet,p265_173_mic2-eca9b8e639fd-e616fcdece66.wav,17.1825,3.3126,5.419
lisennet,p265_180_mic2-2fc8063a5c77-23a0f10331f2.wav,18.8667,4.7261,5.158
lisennet,p265_236_mic2-e118ea1ca6b8-0db2ffa04935.wav,19.5061,5.9927,4.152
lisennet,p265_264_mic2-294062d4a63b-cd6a114b1f46.wav,17.1607,4.7012,5.992
lisennet,p265_273_mic2-64a0d2b3c163-9d73f66e5de1.wav,17.393,5.0766,4.86
lisennet,p265_280_mic2-0114615e2bd4-8f0cfd886ce9.wav,16.4361,5.9321,5.426
lisennet,p265_314_mic2-f3012c196449-8162031d0ad2.wav,18.6398,5.8955,5.437
lisennet,p265_345_mic2-a8631eda3284-5aeb6487b928.wav,17.9524,3.4582,4.853
lisennet,p266_057_mic2-66bb7294bc3c-85c6ed383298.wav,22.9729,9.6999,4.2
lisennet,p266_269_mic2-e4b73efbb007-346ffc0867c2.wav,21.7991,9.4363,4.524
lisennet,p267_083_mic2-84e8a30d24c3-91edfd3be058.wav,20.5281,6.8786,3.094
lisennet,p267_358_mic2-808e5b33e72d-4e2951229959.wav,20.2928,7.6774,3.927
lisennet,p268_010_mic2-ead0e09f4b36-28fbd3476d34.wav,17.8804,4.1807,3.876
lisennet,p268_016_mic2-ce95ab0fd3a0-c557066651f0.wav,18.6493,6.5172,7.543
lisennet,p268_026_mic2-5cb38eb9ba30-65cbbc168e3d.wav,18.7392,2.6541,3.354
lisennet,p268_060_mic1-995ae315d3df-c15d3cc60751.wav,17.9441,2.0597,3.78
lisennet,p268_066_mic2-d8a0ca2584de-1a99902ff3e2.wav,15.5867,2.8081,3.723
lisennet,p268_079_mic1-41649c8931b8-d2b4de63a327.wav,18.7583,4.4724,3.997
lisennet,p268_088_mic1-f0eb2fc11fe5-cb12226c43ba.wav,20.7122,3.6815,4.23
lisennet,p268_111_mic1-c86d4ec872b3-787d506b7102.wav,20.497,5.1405,3.012
lisennet,p268_116_mic1-6ffa983baa32-d3c4b7cf2a81.wav,16.3638,6.5906,3.931
lisennet,p268_129_mic2-6aa289556ff9-ce0d17ae8732.wav,20.1578,7.258,3.087
lisennet,p268_142_mic2-5f3b7882c632-aa642edac9e5.wav,19.1928,3.0116,5.142
lisennet,p268_166_mic2-0085caa2efc9-01141383e132.wav,20.8165,5.8416,3.079
lisennet,p268_195_mic1-a213ac683b2b-191b947b6553.wav,20.7137,4.112,3.473
lisennet,p268_212_mic2-f52e1e42baf8-742c8c9a1d3f.wav,16.9942,4.0022,3.905
lisennet,p268_215_mic1-2d227dbbf633-5b68c859719d.wav,16.3234,4.5902,3.173
lisennet,p268_217_mic1-70f6951bee40-9aac4b77e477.wav,21.1278,6.4986,4.485
lisennet,p268_230_mic2-6dbf1cdfeb46-e19e0db20c0e.wav,20.4618,5.8693,4.151
lisennet,p268_245_mic2-d00bfbd3b206-91384590c2fe.wav,17.9996,4.9808,3.003
lisennet,p268_263_mic1-b0e85c47636d-ac28a6a975bf.wav,19.0634,5.0947,3.826
lisennet,p268_263_mic2-6111fe44c94f-e464133b6dc7.wav,19.2492,2.8458,3.826
lisennet,p268_277_mic2-a0b39babc5d7-c9053fab42a7.wav,13.2521,3.8294,3.527
lisennet,p268_294_mic1-17e571697560-56506aee3362.wav,18.894,3.5429,5.965
lisennet,p268_305_mic2-ae9711bd7d27-d5d01ec4f2d3.wav,19.4049,3.987,5.761
lisennet,p268_308_mic1-ef2924c7388e-e74c2264b69b.wav,19.9722,4.9144,3.139
lisennet,p268_322_mic2-4e0caf971744-446d84006424.wav,19.5459,3.2807,4.123
lisennet,p268_323_mic1-6c224a6334fa-c9198da7e71d.wav,15.5416,2.8277,4.19
lisennet,p268_328_mic2-7cf566cf915f-4b2058949b74.wav,19.7502,7.3522,5.273
lisennet,p268_360_mic1-d5e2e98e503e-a89f29fd3d5e.wav,17.9392,2.6724,3.174
lisennet,p268_364_mic1-df8ed22ee8a2-0af9c9d2162b.wav,17.4682,4.5733,4.039
lisennet,p268_370_mic1-c4858a0d19f5-086ad19e67aa.wav,18.7098,6.8124,3.052
lisennet,p268_374_mic2-5c0338f86471-c75bd446d62f.wav,18.9962,4.821,3.177
lisennet,p268_383_mic1-67e4393fda00-3e8277f462a6.wav,19.1615,4.4586,3.161
lisennet,p268_402_mic2-ec43a0a8121a-3b2fa64b1203.wav,19.7273,6.2776,4.279
lisennet,p268_406_mic1-46fa73b4aada-719659c096f8.wav,19.0323,4.3481,3.333
lisennet,p268_407_mic1-f01d584c3e13-b10b0478d655.wav,18.9368,5.1411,3.977
lisennet,p268_409_mic2-916cc9d1b71f-49fcf2ddd079.wav,17.0536,5.0075,3.931
lisennet,p269_005_mic2-66c8dd7e5e23-02f5c9e5d73b.wav,21.273,8.1539,5.6
lisennet,p269_009_mic2-76540ef20d41-18c7f4dbc364.wav,21.1701,7.1235,4.704
lisennet,p269_018_mic2-f4fa86b6d3cd-2882da26877c.wav,21.3863,4.018,5.268
lisennet,p269_028_mic2-460886347ad3-6f7eaf1482b5.wav,16.9974,6.5206,3.14
lisennet,p269_034_mic2-7b68796f8f15-be8942dbfd14.wav,18.327,8.208,4.402
lisennet,p269_096_mic2-20ddb4109554-5132e890f666.wav,19.1776,2.861,3.296
lisennet,p269_114_mic2-99aec057cadb-55fe740212aa.wav,19.3527,5.2357,3.809
lisennet,p269_121_mic2-4078675f936d-fd2466f7aab4.wav,19.6412,3.1774,4.391
lisennet,p269_129_mic2-45603bca0053-dcf04b26f349.wav,19.7114,5.3598,3.329
lisennet,p269_135_mic2-ca6826babffe-577d67d22483.wav,22.2179,3.6727,4.174
lisennet,p269_136_mic2-b80d9da6bc25-1f6cf17ba7ef.wav,20.028,5.0649,3.587
lisennet,p269_140_mic2-37746fa244cc-16745770f954.wav,21.3857,5.7069,4.369
lisennet,p269_169_mic2-eb69f3cfd02c-cebda15963c3.wav,22.5872,6.4435,4.081
lisennet,p269_207_mic2-48a0ca6d44c9-7069742de608.wav,22.8904,6.5225,3.423
lisennet,p269_218_mic2-21c2e4141c65-1153c1e3b261.wav,21.1334,6.1043,3.354
lisennet,p269_228_mic2-beee6e3d03c4-aa2a83fb5d74.wav,22.8872,6.397,4.489
lisennet,p269_254_mic2-d826872b4760-b48c270b1a50.wav,22.4273,5.2869,3.087
lisennet,p269_272_mic2-7bc04227c523-ef822137fe68.wav,20.0938,7.5557,3.248
lisennet,p269_281_mic2-62b48a8abd2e-b773e8fd934c.wav,20.984,7.3325,3.739
lisennet,p269_283_mic2-d729d4e1f6e3-844f1342791d.wav,22.0272,4.8974,3.202
lisennet,p269_299_mic2-bd15a139fe9f-0a3c4acc307e.wav,21.3629,5.7708,3.075
lisennet,p269_301_mic2-0042a69d4efa-95f9e93bb552.wav,18.8573,6.4406,3.042
lisennet,p269_323_mic2-35adadcd423a-ae56e09eb045.wav,21.0881,4.1763,4.597
lisennet,p269_349_mic2-033d8945f63f-151fbcccc488.wav,19.751,5.8998,3.467
lisennet,p269_371_mic2-3d9577f4ed84-fcf402eb161a.wav,21.1952,6.9972,3.942
lisennet,p269_389_mic2-c43427e2b9b8-64f6e877e651.wav,20.6874,8.8369,3.069
lisennet,p270_056_mic2-24a8c9b7c648-417f2dfc0fd7.wav,21.0204,3.2928,3.076
lisennet,p271_008_mic1-b8074dc77432-40f9a8d0ef52.wav,17.3925,2.3944,9.38
lisennet,p271_008_mic2-6f657aeb16d4-b254327fb29e.wav,21.5272,5.1431,9.38
lisennet,p271_015_mic1-40e029cb60bf-517901e6cecc.wav,13.9261,2.2517,7.428
lisennet,p271_070_mic1-b64f3a36ed58-7fa3717667a8.wav,18.5588,3.0627,3.332
lisennet,p271_103_mic1-1014ce1b7cff-05e176a450f8.wav,16.5676,4.0541,4.097
lisennet,p271_115_mic1-e8f56c1b4684-6bbd465e29a4.wav,20.2125,4.9268,3.374
lisennet,p271_124_mic2-c208e6fb0e0e-80e6409d7c17.wav,20.9365,8.2979,4.827
lisennet,p271_132_mic1-a1b86cc4a689-6139ec62ec13.wav,17.8843,3.9861,4.58
lisennet,p271_182_mic1-8abc6abf1487-9825e8e3faaf.wav,18.2979,4.1745,5.592
lisennet,p271_183_mic2-c1212c5ae6b9-7a5e5f8d600f.wav,20.2312,7.6233,4.248
lisennet,p271_196_mic1-7605f757627a-e4be18ab5c73.wav,18.3726,6.8456,4.57
lisennet,p271_219_mic2-bc20c4f3c342-4c1de92887c6.wav,18.296,6.2826,5.582
lisennet,p271_232_mic1-47f4150ad63c-d9f0686b663d.wav,16.9824,5.3176,5.038
lisennet,p271_255_mic1-9c6cf772b5b6-fe435e814a64.wav,20.3849,3.4079,3.94
lisennet,p271_308_mic1-7a7e71657668-24dbf96888ea.wav,19.2406,4.2133,5.586
lisennet,p271_310_mic2-787385b84dab-20b98ec2e2d0.wav,21.8766,5.947,4.357
lisennet,p271_339_mic1-e8ba2e33f65d-854275f02f01.wav,22.8445,7.5073,3.371
lisennet,p271_381_mic1-0e6aae408668-6171586da210.wav,20.0559,4.8661,3.845
lisennet,p271_422_mic1-2b4596850d96-cf0cf4e73be0.wav,21.5711,2.1307,3.406
lisennet,p272_006_mic2-90303eb4fbb5-8a5f6857ddbb.wav,19.4103,5.6157,5.68
lisennet,p272_025_mic2-73b9ca76740e-2e79125c2618.wav,19.463,7.164,3.798
lisennet,p272_066_mic2-31a588c03fa5-fc62827a8901.wav,20.1797,9.6296,3.588
lisennet,p272_116_mic2-ef329173f1eb-d7cbd25fa4cc.wav,18.9141,7.554,5.159
lisennet,p272_152_mic2-a13d9ea01576-a1acbe50c82f.wav,17.747,6.8834,4.261
lisennet,p272_156_mic2-ca1190912479-db848bd057c0.wav,18.6154,5.1815,4.76
lisennet,p272_165_mic2-1a1b81580224-fd7034c06a1f.wav,22.7129,10.5616,3.699
lisennet,p272_199_mic2-42c1634d56eb-435835e3e5e5.wav,18.7303,8.3447,3.006
lisennet,p272_224_mic2-ec79f84a2378-0b16443bd994.wav,18.9642,4.1242,3.564
lisennet,p272_228_mic2-5deb7160d133-dae09a23515b.wav,20.0813,5.3846,4.139
lisennet,p272_231_mic2-d5bb680460ab-e2bfbaa8ffc0.wav,21.1456,8.0703,4.014
lisennet,p272_246_mic2-78469ed3f85f-41e4e58da9a5.wav,21.4774,6.5365,4.142
lisennet,p272_269_mic2-7647436256e9-6d43b8eb7eb8.wav,21.458,7.5899,3.756
lisennet,p272_362_mic2-fbf4380fa904-cd0627588068.wav,23.9608,5.9463,3.33
lisennet,p272_363_mic2-5bcea855bcd2-b788ff6be355.wav,18.8982,6.1212,3.067
lisennet,p272_365_mic2-ef5f7b406b7a-307505d4f384.wav,15.4702,5.5095,4.059
lisennet,p272_387_mic2-71a288169af7-f96c03ec73d7.wav,24.7803,6.502,3.054
lisennet,p273_008_mic2-22fbb25d9907-4ebe36aed5dc.wav,22.3403,2.8394,8.391
lisennet,p273_016_mic2-aab580d8245f-b06356a338df.wav,20.5798,2.5008,7.125
lisennet,p273_023_mic2-d9956ced8793-46bf60066b54.wav,21.1166,6.4332,12.445
lisennet,p273_043_mic2-03914acb7383-6b361ec470b3.wav,23.8419,7.6213,3.667
lisennet,p273_164_mic2-ccf90fd34dc1-937ef970c85d.wav,22.5362,8.2382,3.247
lisennet,p273_211_mic2-66034c0c3532-5d65d4267a50.wav,24.4258,11.7859,3.303
lisennet,p273_229_mic2-a94ab787ec45-2cf1979c00ac.wav,26.2331,11.3595,3.116
lisennet,p273_328_mic1-5949c3a95e23-e07150e44a41.wav,22.6217,3.0658,3.158
lisennet,p274_012_mic1-8456f561fcd4-a68775894544.wav,21.6994,3.7368,4.985
lisennet,p274_014_mic2-e6517469ea68-afd955fdd678.wav,22.4966,7.1047,5.216
lisennet,p274_016_mic2-90aa8acc729c-f27e0e28292b.wav,22.6769,4.8523,6.956
lisennet,p274_024_mic2-e70eec27cfbf-ab8126479fa2.wav,23.2336,6.4033,7.239
lisennet,p274_034_mic2-df18f3c291b7-b74ec7dbde7b.wav,19.2473,4.9691,3.46
lisennet,p274_059_mic1-a1813df43f7c-c2ae8deabb32.wav,21.7,2.7931,3.502
lisennet,p274_079_mic2-18b3989f233f-bb1df7362daf.wav,21.8657,4.7719,3.841
lisennet,p274_095_mic1-6d34d2b8666d-d03845897c2b.wav,20.631,2.6435,4.601
lisennet,p274_105_mic2-fee9872103a2-075b65fb8052.wav,19.2986,5.659,4.613
lisennet,p274_130_mic2-dc53204c5b65-8000cc8a4452.wav,18.1186,2.0754,3.648
lisennet,p274_132_mic1-e4d8870138cc-78641dc4b6f2.wav,17.5078,2.6435,3.073
lisennet,p274_132_mic2-e88d7fb336d4-08f7b765ff09.wav,18.366,7.6134,3.073
lisennet,p274_158_mic2-7e4312be9466-31b109cb061e.wav,18.4834,5.6649,3.542
lisennet,p274_162_mic1-3e5854b27f5e-b3f6736ef0ac.wav,19.0422,3.2083,3.496
lisennet,p274_163_mic2-f0485d6cfe30-bd1330f1ae31.wav,19.789,4.6293,3.885
lisennet,p274_167_mic1-5a045b7efbce-d4c156daead4.wav,19.7451,2.1623,3.93
lisennet,p274_241_mic2-0c2b3b2b3481-de9e5b404449.wav,19.9142,3.7616,3.844
lisennet,p274_248_mic2-83eb4afbcf68-c2dc9e0617b6.wav,17.0062,2.2215,4.841
lisennet,p274_266_mic1-3d61cd625348-5a071771ac52.wav,20.1649,2.0849,4.407
lisennet,p274_269_mic1-1adeac365b34-0e34a0dda969.wav,19.9648,1.9463,3.958
lisennet,p274_270_mic1-2a9c5e6007e6-06a237fcb9d5.wav,20.0572,3.074,3.917
lisennet,p274_297_mic1-fd8c04b0ed8a-92252256a212.wav,22.3261,4.7519,3.689
lisennet,p274_306_mic1-1018876d243f-0ee216b24f91.wav,20.1191,5.0735,3.075
lisennet,p274_318_mic1-687aae80bade-b26bae06ada3.wav,20.6201,5.6686,4.513
lisennet,p274_349_mic1-d9bbe5993dcf-0786f30410ea.wav,21.0248,2.8355,3.277
lisennet,p274_351_mic1-e10db426cf2c-b832c8c671b3.wav,21.3238,4.3217,4.063
lisennet,p274_378_mic1-9c7f89515e27-104b351805f0.wav,17.7753,2.5774,5.336
lisennet,p274_391_mic1-ad7c065c943a-f3d5208c6b9a.wav,19.0305,2.9851,3.209
lisennet,p274_416_mic1-4523c790ed87-822cb3ac4388.wav,21.9674,4.0065,3.627
lisennet,p274_436_mic1-377bacbb4787-a165556efebd.wav,19.2792,2.3869,3.63
lisennet,p274_457_mic1-3975c1845d4e-b1af65c7265b.wav,22.1364,5.7062,3.508
lisennet,p274_470_mic1-1f06bfa76f74-f79d4b441d80.wav,22.6064,2.0402,4.447
lisennet,p275_278_mic2-f3560fe890f7-13394dfc0d86.wav,18.4259,6.2498,3.448
lisennet,p276_006_mic2-7556640b8eee-fecc86178049.wav,15.9105,7.6433,6.444
lisennet,p276_008_mic2-629a0fea1a8a-47ab4b33387d.wav,14.9211,6.1241,8.376
lisennet,p276_010_mic2-1af142b322c0-ad1c6f10426e.wav,18.3134,5.3746,3.826
lisennet,p276_042_mic2-0178469db7ae-e7ac68713c87.wav,19.5469,7.2248,3.37
lisennet,p276_046_mic2-80c8cb0efb59-c0a83d01d2db.wav,15.6225,6.5492,3.424
lisennet,p276_062_mic2-d08e65fa7dbf-928568e52b4d.wav,15.1862,6.6876,3.517
lisennet,p276_085_mic2-f3d4c6c1fbf6-40f0794771ba.wav,14.8684,5.3833,3.638
lisennet,p276_104_mic2-fec8957a6fc8-a8b3e713435b.wav,14.3434,7.2219,3.292
lisennet,p276_175_mic2-bc9fc176512f-6073f9dd9bed.wav,17.7553,9.5412,4.233
lisennet,p276_185_mic2-5845ada53833-8cd6924d0f55.wav,14.6857,7.9507,4.071
lisennet,p276_186_mic2-e51b69a6c267-6ecc5339b064.wav,5.8475,7.6625,3.096
lisennet,p276_192_mic2-92007c1be57c-78ec56588ec8.wav,11.1743,6.9861,3.394
lisennet,p276_249_mic2-19139829f692-9b6f8c257599.wav,17.6495,6.5489,4.261
lisennet,p276_259_mic2-f1dedd7aaf36-a77fc749552c.wav,14.1494,7.9103,3.663
lisennet,p276_292_mic2-52187ee62291-49dd6fd7a1b8.wav,14.2432,6.9411,4.261
lisennet,p276_332_mic2-ee74f04eb8f6-2eddff9a45d3.wav,18.3088,6.4467,4.345
lisennet,p277_024_mic2-582f55e3e4d4-300587006aa6.wav,18.0864,5.5794,7.503
lisennet,p277_066_mic2-ffda5f502655-53c7f05ede29.wav,19.3979,8.9828,3.673
lisennet,p277_144_mic2-1abe837481a9-e02f00320cb2.wav,22.3456,4.5301,4.229
lisennet,p277_155_mic2-3131c0aa7e73-c4a71206d9bd.wav,22.787,10.7767,3.589
lisennet,p277_166_mic2-b95253300d51-f966f920324b.wav,22.775,8.011,4.438
lisennet,p277_184_mic2-097900b985ee-4d6f7a032438.wav,22.2967,7.4548,4.294
lisennet,p277_200_mic2-b8e2cae6716a-502922116f74.wav,22.4885,7.3423,3.373
lisennet,p277_214_mic2-71537ea36439-b009f5b95a73.wav,17.7267,7.3065,3.45
lisennet,p277_245_mic2-8fe5b915b56a-c8b06ccd48c1.wav,16.7215,4.7827,5.039
lisennet,p277_266_mic2-bb6c3057c0be-8484fe949066.wav,22.7728,8.4926,4.4
lisennet,p277_268_mic2-b4af10423a7d-de7b2f31fa60.wav,14.6696,3.9571,3.344
lisennet,p277_315_mic2-ddeadc7c3e24-e786e71c7027.wav,23.1039,7.4587,3.397
lisennet,p277_342_mic2-1ce99aef067c-c30f459f3090.wav,20.1777,7.5252,5.05
lisennet,p277_369_mic2-6a8aaac33451-d6d8843436e1.wav,22.7585,6.8296,3.47
lisennet,p277_389_mic2-88d8b2ac4cee-b1fb51182fd3.wav,18.0884,4.6076,3.588
lisennet,p277_435_mic2-a7c7048ddc6e-3921db5ccda1.wav,15.6251,3.9999,4.474
lisennet,p277_455_mic2-3693d23ad7c6-7061d7a84144.wav,20.6866,5.0443,3.414
lisennet,p277_458_mic2-1655f47f74a8-2c631e512e0a.wav,17.0332,4.0257,4.388
lisennet,p278_002_mic2-be0656bc9a54-2728b4b9f645.wav,20.9848,5.4216,3.722
lisennet,p278_014_mic1-6d2babc6070e-3b1928ff1871.wav,19.7933,3.4429,4.915
lisennet,p278_016_mic2-23c7491e70a6-dae31d355d7e.wav,19.3819,2.3163,6.429
lisennet,p278_031_mic2-7cbdbfb8f622-01cb4fbbac18.wav,19.2225,2.3629,3.553
lisennet,p278_034_mic2-852929b5f723-53375ce4a35e.wav,17.3194,5.2894,4.106
lisennet,p278_066_mic2-7572568530d4-c08bbab68171.wav,19.7418,3.7525,5.214
lisennet,p278_073_mic2-fc130864f26e-92bdc54a7630.wav,19.8172,5.811,3.867
lisennet,p278_081_mic1-682bc4f658a4-6a52c743788d.wav,22.1992,4.2991,3.066
lisennet,p278_096_mic2-f09daac90b37-e652a9752ee4.wav,23.057,7.1846,3.191
lisennet,p278_106_mic2-cabd150df688-c5fe5ff832ed.wav,17.6084,6.6359,4.39
lisennet,p278_118_mic2-dda70998e6c9-83d9f30405a3.wav,21.7931,2.6384,5.145
lisennet,p278_131_mic2-246cb3c867d7-e8928b0865d3.wav,20.9495,8.8887,3.757
lisennet,p278_132_mic2-ae6edddc450d-c3312147ddf9.wav,21.5454,3.3454,5.235
lisennet,p278_149_mic2-901c4231b68a-dcc7051ea037.wav,20.689,3.6627,3.631
lisennet,p278_150_mic2-5879835de236-45d22ab27cb2.wav,19.1876,2.0551,3.576
lisennet,p278_160_mic1-7c3a46f5de09-2f4274209125.wav,24.04,3.9577,3.238
lisennet,p278_180_mic1-ae6855c39497-ad153569ebdd.wav,20.7609,2.5976,3.922
lisennet,p278_186_mic1-99a78bcf0a9e-571365cfed91.wav,21.9922,3.7088,3.719
lisennet,p278_191_mic1-0ccb91fed113-c4dd777d2705.wav,20.1844,4.4512,3.104
lisennet,p278_195_mic1-5851747dd2e2-65a33774298f.wav,21.477,2.4224,3.667
lisennet,p278_215_mic2-4971d62a8978-56da0976a940.wav,18.1697,2.7299,3.349
lisennet,p278_235_mic2-9e2e4ba67064-35a664542169.wav,20.4422,2.3847,3.084
lisennet,p278_248_mic2-1a3d83889067-12683bfc1398.wav,20.7651,2.3892,4.401
lisennet,p278_258_mic1-735b46823fcf-a2965f0dd5c5.wav,20.8483,4.8905,3.405
lisennet,p278_265_mic1-d898a88854e1-5ace2855adc9.wav,20.7483,5.4659,3.743
lisennet,p278_268_mic1-b35c88073778-f77c6a565a28.wav,23.334,3.8962,3.241
lisennet,p278_289_mic2-2897afc44c0b-efc443a61dd3.wav,22.3748,2.0336,3.222
lisennet,p278_318_mic2-98312a43086e-caac271fa959.wav,18.835,2.0835,3.268
lisennet,p278_336_mic2-10c8d1df2252-8156d142cdaa.wav,18.0456,2.198,3.97
lisennet,p278_370_mic2-7fcb7461edbb-837a1e4dd8bb.wav,17.944,2.5032,3.842
lisennet,p278_398_mic2-eff4141fedf6-0236b48eedb1.wav,16.3056,3.5053,3.803
lisennet,p278_402_mic2-a1695ffc112a-cc0babee00d8.wav,22.3547,4.1092,3.934
lisennet,p278_407_mic1-5254941d40a8-d57331cc6de3.wav,20.6239,3.2861,3.099
lisennet,p279_015_mic2-041e64b26789-098c9696a34f.wav,19.7919,4.9833,5.376
lisennet,p279_020_mic1-ef3da96fb758-72d487d56c17.wav,18.8396,2.1987,3.808
lisennet,p279_026_mic2-a59951521e88-57c6b104d800.wav,19.0009,2.1117,3.555
lisennet,p279_030_mic1-59f6e59a6414-3f9270f012c8.wav,22.569,5.0292,3.28
lisennet,p279_049_mic2-75a5200c6a55-d4e921026da0.wav,19.5635,4.5176,3.417
lisennet,p279_058_mic2-53da8a345cbf-6a6854b94f7d.wav,20.6747,4.7244,3.381
lisennet,p279_093_mic1-73dc6ee0dc03-310a3ed66468.wav,22.3021,3.1716,4.265
lisennet,p279_132_mic1-e46c7fb1e6e2-f7a671516f5f.wav,22.9887,5.95,4.463
lisennet,p279_133_mic2-33223eef8bcf-6c85438a40b9.wav,19.8431,6.9645,3.129
lisennet,p279_196_mic1-6dd82d611554-ad13b8af334b.wav,20.8675,5.9756,3.796
lisennet,p279_238_mic2-b2363eda0851-fca366e65e24.wav,17.3385,6.7955,3.023
lisennet,p279_327_mic2-20272236ebbf-1676837ee34d.wav,17.616,5.7719,3.581
lisennet,p280_005_mic1-1e989c12ce25-152e2595d659.wav,16.6464,3.1162,7.253
lisennet,p280_018_mic1-023a05b78473-3070f39442ad.wav,17.64,6.3722,6.197
lisennet,p280_024_mic1-0527e27b7052-04628f7c21cf.wav,17.7353,2.6657,6.941
lisennet,p280_025_mic1-812f3df31c3e-6cca871ed254.wav,15.0078,2.2936,3.239
lisennet,p280_052_mic1-9113bf29282d-aba3fdd7b6e5.wav,17.5824,5.0479,3.76
lisennet,p280_069_mic1-3ca3fccf728f-50607d430738.wav,20.5066,5.0764,4.109
lisennet,p280_072_mic1-ec43d263fe4b-67d9495d4e18.wav,20.8829,7.3979,4.1
lisennet,p280_078_mic1-762e95afb46c-ad35932c72c6.wav,22.1282,5.6307,4.322
lisennet,p280_096_mic1-29d32666ec6f-4689b8e426bb.wav,20.0356,3.8281,6.154
lisennet,p280_145_mic1-e3c51958ba41-a6e0a1c9b8a3.wav,16.8871,4.8611,3.295
lisennet,p280_199_mic1-aaf818a6fb96-bce2e5cba076.wav,21.7206,8.2754,3.872
lisennet,p280_389_mic1-3d67e68c973d-4005907a333c.wav,21.053,9.8946,3.248
lisennet,p281_163_mic2-81d51b181423-b8dfc0f0f084.wav,19.3996,7.3567,4.147
lisennet,p283_126_mic2-657605e46b6f-1be989e0acf7.wav,19.3703,11.0723,3.11
lisennet,p283_392_mic2-39dfa6560a07-cbeaae5eb45b.wav,21.5596,8.1003,3.22
lisennet,p284_006_mic1-87780de97178-1b518159a541.wav,20.6153,3.6974,4.397
lisennet,p284_009_mic1-24efef08bf8f-9a04b0a2fa24.wav,15.9572,2.1691,3.97
lisennet,p284_012_mic1-9cd00fa7f484-1a20debab395.wav,18.9858,2.1229,3.781
lisennet,p284_013_mic2-bfda9c0e1991-886b8952467e.wav,16.6229,3.5631,3.673
lisennet,p284_020_mic1-be73f3f72cdc-fdf9c5c41068.wav,22.1823,3.7152,3.498
lisennet,p284_099_mic2-aaaf16769b46-60ebb34589d2.wav,19.0326,3.7366,4.527
lisennet,p284_147_mic2-4970f53afa1d-4045c3de4e5d.wav,17.6932,4.1702,4.092
lisennet,p284_180_mic1-8fd0a76a714c-6220bc9830dc.wav,21.2383,3.8563,3.397
lisennet,p284_187_mic1-2b265d40623a-e27b81313422.wav,22.6437,6.2818,3.907
lisennet,p284_187_mic2-f5a2a4b1a51b-fab09217acdf.wav,19.2978,7.2857,3.907
lisennet,p284_198_mic2-34780f2d4669-f86ad71819cf.wav,22.5089,5.8795,3.559
lisennet,p284_211_mic2-999139bb2992-38a326904822.wav,18.1638,3.6523,4.438
lisennet,p284_232_mic1-a5c87840fc63-825365a6cacd.wav,22.0309,6.1535,3.943
lisennet,p284_252_mic1-da52a944c086-22411a346562.wav,21.0798,7.2158,3.243
lisennet,p284_273_mic1-daec5083b022-6a90d218b020.wav,19.8421,6.3056,3.755
lisennet,p284_276_mic1-e2021cac81b9-16c3b2ec31e9.wav,22.9658,7.6963,3.409
lisennet,p284_291_mic2-792ee8fe67b5-b7a477988dde.wav,21.6957,4.3793,4.782
lisennet,p284_314_mic2-697ce9cc5f3c-34ce4eb78dbc.wav,23.1355,4.5956,4.306
lisennet,p284_322_mic1-b5bc0c57bcf0-95d094985e8f.wav,19.5725,6.9171,3.29
lisennet,p284_358_mic1-2fce31924d43-1075db5efcdf.wav,22.8467,6.0892,3.717
lisennet,p284_367_mic2-bcdb57dee0ea-0620e13cc0e0.wav,20.1298,7.1464,3.602
lisennet,p284_404_mic2-bf1abc76f619-736957782b5e.wav,21.1905,7.554,3.288
lisennet,p285_018_mic1-4b4d24ff8d63-e29ab9d03790.wav,20.4391,4.0504,5.204
lisennet,p285_027_mic2-d4c754774cf3-ac1c5e0543df.wav,19.7481,5.6704,4.691
lisennet,p285_029_mic1-c257eb00ef13-d5d367e0511e.wav,19.6492,2.919,3.659
lisennet,p285_060_mic2-7ec9f544c170-7eee7aa68901.wav,21.5744,7.1958,3.757
lisennet,p285_086_mic2-3154b6267696-3918676caa45.wav,15.2335,2.5191,3.162
lisennet,p285_135_mic1-eaeea97a4142-2d142486c647.wav,22.4734,3.0673,3.032
lisennet,p285_152_mic2-e274a44797c0-7d61e6444e09.wav,24.482,8.6764,3.289
lisennet,p285_193_mic2-37207cfb15d8-1fe4c91b513b.wav,16.8386,3.6733,3.418
lisennet,p285_224_mic2-d11edb377bc8-a8eee1e754cc.wav,18.1264,7.7736,3.158
lisennet,p285_329_mic2-0c8918463279-21f8c2b16ad8.wav,21.87,6.6725,3.16
lisennet,p285_369_mic2-c00c16a515cd-f39ce356fa3a.wav,17.7092,4.372,3.116
lisennet,p286_015_mic2-aebd83f481d9-58621212250c.wav,19.5126,7.1151,6.02
lisennet,p286_036_mic1-8d100fd6ff67-a0d11aa1328b.wav,18.7374,2.4984,4.559
lisennet,p286_048_mic1-7013eb4c7194-0ef7a27702b1.wav,15.4072,2.1193,3.972
lisennet,p286_049_mic2-c1b642f8e47c-4fb8ef9f5a06.wav,17.6789,4.9291,3.716
lisennet,p286_057_mic2-77b3dbef2929-3b344224a339.wav,13.7099,2.6546,3.765
lisennet,p286_080_mic1-a99aa29c1941-51cac182ef75.wav,18.6613,2.9274,3.759
lisennet,p286_087_mic2-e739a824baf3-06969ebb16f7.wav,17.8715,4.5311,3.119
lisennet,p286_117_mic2-c447faafa4ed-83b258471c3f.wav,17.3037,6.3203,3.843
lisennet,p286_119_mic1-9a45b26b0573-cde32d674fef.wav,13.6447,2.4701,4.168
lisennet,p286_119_mic2-f632f754d017-725d82b998f5.wav,14.1906,2.7095,4.168
lisennet,p286_155_mic2-e2bd4cb1afef-ac0c3c95c10d.wav,17.6403,4.1872,3.385
lisennet,p286_197_mic2-f32d11fd9ef4-14cb85c665ce.wav,20.1313,6.4544,4.775
lisennet,p286_217_mic1-3087ac526f69-743164cc39d7.wav,14.8616,4.1346,3.154
lisennet,p286_231_mic2-72485d0cde6c-8600aa0e92b0.wav,20.0219,4.4182,3.375
lisennet,p286_244_mic2-5418d4e0e337-745dab34405d.wav,16.9516,2.8356,4.439
lisennet,p286_275_mic2-0ec57dabd144-ea25dbc42be0.wav,18.355,5.5566,3.119
lisennet,p286_286_mic1-e7de3c8341f3-675881eee50a.wav,15.6055,3.2716,3.073
lisennet,p286_298_mic1-4715e8a31b0d-59cb08718288.wav,16.5199,3.2966,3.929
lisennet,p286_306_mic2-09c7bab6bae4-368f24082afd.wav,16.9348,4.0223,3.973
lisennet,p286_310_mic2-b10c59fa51bf-ff1e040015b5.wav,20.8067,5.6014,3.12
lisennet,p286_320_mic2-92ee14e40d5e-eee47e5356f4.wav,15.7269,5.1834,3.629
lisennet,p286_333_mic1-78d5dc49b4a2-01e71c061971.wav,20.5246,2.7681,3.662
lisennet,p286_334_mic2-5ea3ab3bd55d-d01beb443852.wav,18.7923,4.7892,3.774
lisennet,p286_342_mic2-c90b6de8e71b-f27d3084acf2.wav,17.2834,4.2289,3.842
lisennet,p286_345_mic1-979d6385f152-5e15211b6725.wav,22.0376,2.3969,3.085
lisennet,p286_345_mic2-03385bbf93a5-7158f3e87d97.wav,21.7417,2.8692,3.085
lisennet,p286_356_mic2-1f4c91a13039-8ffbee9ae22c.wav,16.9858,4.7872,3.348
lisennet,p286_383_mic1-04ec5848efa4-9811a14a1deb.wav,19.2523,4.7494,3.298
lisennet,p286_383_mic2-5083f3d4b420-c1cd58e44fd5.wav,18.5904,4.3095,3.298
lisennet,p286_410_mic1-018ae24d69fb-34a25e6c997d.wav,18.6932,7.5238,3.373
lisennet,p286_413_mic2-ac6a7b08a9f3-e6c90d3b421e.wav,16.4462,4.2868,4.399
lisennet,p286_425_mic2-cb7262cf3581-8f6c480a56de.wav,17.9817,3.3732,3.033
lisennet,p286_433_mic2-217364c726fe-7d0052c528c0.wav,18.7858,5.1253,3.033
lisennet,p288_017_mic2-e3602fcee3b7-6b4665855444.wav,12.8957,6.7546,3.601
lisennet,p288_020_mic1-92d9b9bc3e1c-b097bb49c504.wav,18.5312,3.3069,4.014
lisennet,p288_039_mic1-930bfe54bf46-cc90aa9697c4.wav,17.5733,2.2213,4.287
lisennet,p288_046_mic1-7c82f8f32135-6bdeb72e51bb.wav,16.3416,3.4577,4.313
lisennet,p288_086_mic2-8e91bb76b53b-30717d0bac3f.wav,20.8314,6.3339,3.049
lisennet,p288_089_mic1-78088f84d7c1-767c847c3815.wav,22.1829,5.3025,3.759
lisennet,p288_093_mic1-b44d601f8185-7ecf8de20371.wav,16.9839,3.5938,3.599
lisennet,p288_094_mic1-e855771114ce-641b2eef023f.wav,18.7331,4.4493,4.195
lisennet,p288_111_mic1-397a39b65cd2-fe2b5e84e289.wav,18.1643,5.234,3.689
lisennet,p288_147_mic1-39c9b37434db-ce172bd25152.wav,20.0842,4.6088,3.055
lisennet,p288_155_mic2-0015da0df60d-65dc6ce246e6.wav,16.4975,6.5176,4.992
lisennet,p288_201_mic1-7409f1a7b186-17b5722da349.wav,15.379,4.2276,4.603
lisennet,p288_211_mic1-99b372ecc809-643b8dd936ca.wav,20.9679,8.3836,3.244
lisennet,p288_222_mic2-c21db4f6c3bb-97d656099a51.wav,18.899,7.3728,3.256
lisennet,p288_269_mic2-fa077af3ffa1-da8966b2e14b.wav,19.9718,7.391,3.928
lisennet,p288_299_mic2-b9cbd92d4c9e-4aa345d973bd.wav,17.5264,8.4267,3.16
lisennet,p288_302_mic1-699c76e3f78b-814cea4a5f54.wav,13.5776,4.8277,4.199
lisennet,p288_383_mic2-e35144059fcc-66b0cfd88220.wav,23.6336,12.5873,4.144
lisennet,p288_387_mic2-5beae5ac3322-ec024a1e2ccd.wav,19.9737,10.6114,3.367
lisennet,p292_040_mic2-e1e91b9d305b-e9eb4cffe258.wav,21.8835,4.1271,3.075
lisennet,p292_062_mic2-d9181bd0f1ad-1351febc0039.wav,21.2706,3.8537,3.116
lisennet,p292_064_mic2-8d7ecd6f47d8-ba7b4ac9216d.wav,23.7424,4.1706,3.077
lisennet,p292_071_mic2-ec896a48b9d0-8894cce11ba3.wav,23.6261,3.7273,3.217
lisennet,p292_075_mic2-e457e27b187c-27876ca3a229.wav,23.1564,5.309,4.059
lisennet,p292_078_mic2-b1b7684d7357-59513aa792a1.wav,21.3845,2.423,3.398
lisennet,p292_106_mic2-3e3b109f49df-96a516341e9b.wav,23.6371,4.0662,3.331
lisennet,p292_118_mic2-dafb0dc06cf7-af14e823b664.wav,23.4311,3.3364,3.034
lisennet,p292_154_mic2-f5bb299b5eed-c615c44dcd9a.wav,22.7778,4.4272,3.58
lisennet,p292_202_mic2-ebf45bdaee61-7d25443ed89d.wav,22.8824,8.2179,3.031
lisennet,p292_223_mic2-7bbddfdb5fd6-55c3cdc53bda.wav,20.1321,4.3978,3.606
lisennet,p292_245_mic2-664491d802f1-d33cd1b91c03.wav,19.2091,5.033,3.033
lisennet,p292_318_mic2-53062bb0a62e-e4770249e440.wav,20.1741,7.5217,3.075
lisennet,p292_374_mic2-3d89bb8bbb81-9619774e3e3c.wav,22.3597,7.4346,5.336
lisennet,p293_015_mic2-ef5e2ba602ca-7493c3d0d840.wav,29.6206,19.1894,8.087
lisennet,p293_033_mic2-7a72c2d664c4-50fab24d4f5d.wav,24.6527,17.7378,3.838
lisennet,p293_050_mic2-f7649c5d1c72-695b9baa2c7d.wav,26.0702,18.504,4.566
lisennet,p293_093_mic2-c9c1d80ae00c-220fe09597bc.wav,21.0923,17.793,5.61
lisennet,p293_104_mic2-4db68f597c5b-1ff2f13f614e.wav,27.3603,18.2341,4.535
lisennet,p293_122_mic2-0b6debaa1207-49769a25a186.wav,27.2342,16.4327,4.8
lisennet,p293_172_mic2-3f971d13b1a8-61fcd3b916cb.wav,26.4182,17.4744,3.606
lisennet,p293_190_mic2-f908e8892aaa-03041c439d8f.wav,23.3234,14.818,4.012
lisennet,p293_235_mic2-28e8898f009c-b37fc8a0e77b.wav,22.7066,16.4553,3.751
lisennet,p293_252_mic2-954e5c6e39a3-1c6613f15ebb.wav,25.6761,15.8581,3.8
lisennet,p293_259_mic2-06a950979386-7218221d2b74.wav,21.9611,15.3426,4.314
lisennet,p293_265_mic2-62346c1b8653-7757b220fbab.wav,24.0319,14.3036,4.411
lisennet,p293_279_mic2-0ceea7642ba4-b85d265b5b3d.wav,23.2807,14.1485,4.016
lisennet,p293_291_mic2-7f60f2e36145-0e069b1dcad6.wav,23.9951,17.7525,3.794
lisennet,p293_318_mic2-89e1b9ad342e-bd5338a8276f.wav,25.7077,16.3382,3.204
lisennet,p293_331_mic2-a5c6629c49ce-cbc6a223f39d.wav,25.461,17.4386,3.811
lisennet,p293_358_mic2-321924e9d859-eca2e89da8b2.wav,21.7948,14.2735,4.054
lisennet,p294_003_mic2-2eec83540cbf-982f439c41c2.wav,21.2452,7.9102,7.477
lisennet,p294_015_mic2-6c2c1e1efddc-9683681f11e7.wav,21.4538,6.8914,6.544
lisennet,p294_044_mic2-75ba5302265a-eb348d570fe7.wav,22.761,12.2798,3.663
lisennet,p294_108_mic2-ff0babf1b897-3a6c5939b932.wav,20.9355,8.7805,3.347
lisennet,p294_109_mic2-ad8455d65bf6-e4623689dfa8.wav,15.5353,7.6647,3.277
lisennet,p294_112_mic2-3053abf7e441-8127ea7e80cc.wav,25.2393,11.501,3.345
lisennet,p294_165_mic2-bcf919914bc8-f803c6b94981.wav,24.1398,11.2885,3.128
lisennet,p294_213_mic2-cd01c92fdbea-e10b63b1e78e.wav,21.9003,11.8306,3.799
lisennet,p294_214_mic2-9429287b7d0d-97a1b9df4dc7.wav,20.0108,12.5774,3.91
lisennet,p294_231_mic2-60707aff8a80-64a5670c774d.wav,22.3122,10.1932,3.635
lisennet,p294_314_mic2-896ab122586d-27d6f20ae545.wav,20.7799,11.7012,3.541
lisennet,p294_351_mic2-c1f00765548e-f846187a234c.wav,20.3638,8.0956,3.211
lisennet,p294_363_mic2-f97409f80f4d-d409f00de05c.wav,22.1896,8.8023,3.261
lisennet,p294_371_mic2-6df095d3a2f4-84f5ea06aa93.wav,21.8675,10.2497,3.429
lisennet,p294_399_mic2-ded4ca2ba169-32fd1eb05d86.wav,20.8076,9.3179,3.258
lisennet,p295_056_mic2-fa9eb65a7ccd-6f0c2bf144ca.wav,23.4225,12.8572,3.804
lisennet,p295_060_mic2-8cf610a0d5e4-20b341d737a8.wav,25.559,14.8528,3.894
lisennet,p295_065_mic2-3b548e122ffa-85ae66e36508.wav,20.3265,9.8201,3.527
lisennet,p295_067_mic2-e178843078b2-3a64494a8a3b.wav,26.7355,14.4085,5.302
lisennet,p295_083_mic2-cf96b3c60256-b10b42a30560.wav,24.6814,12.9102,3.205
lisennet,p295_084_mic2-7f92178e26f1-e1e2203999df.wav,23.518,12.6478,3.926
lisennet,p295_113_mic2-c41c8648b199-99f17ee4c736.wav,18.2723,9.3595,3.595
lisennet,p295_135_mic2-d87fe4856b52-9d7d7f72988e.wav,18.0535,9.6678,4.016
lisennet,p295_139_mic2-c542de125bfc-c9be86f86c7c.wav,18.0494,8.1664,3.457
lisennet,p295_141_mic2-a9c811033212-45a8f131c23f.wav,22.4445,10.2509,3.602
lisennet,p295_150_mic2-3d55806495c4-1e3d9fd4c59a.wav,24.1502,9.8115,4.182
lisennet,p295_164_mic2-7004a0b30530-db573e6cb361.wav,18.6696,11.9051,3.038
lisennet,p295_193_mic2-238e9c0150e1-631af43ca710.wav,25.5276,12.0852,6.891
lisennet,p295_214_mic2-77bdda55d494-853bb966618c.wav,24.1881,11.6231,4.229
lisennet,p295_225_mic2-1d0e784b4ac6-16691498fbef.wav,13.0352,8.4661,4.213
lisennet,p295_226_mic2-a7f1f3297352-f72b10606be7.wav,20.5279,9.7812,4.439
lisennet,p295_246_mic2-27c45d8318c6-e6369c0a0253.wav,21.8614,13.7187,3.888
lisennet,p295_252_mic2-b10aec049c2c-9964dac33613.wav,19.5232,11.4586,3.329
lisennet,p295_290_mic2-0da22a320cc1-257942f453ac.wav,16.1759,10.8356,4.093
lisennet,p295_292_mic2-b7575a187b48-f618588a2ca6.wav,25.6783,16.1996,4.303
lisennet,p295_329_mic2-a5da902a46b1-51aec5a926c6.wav,26.8345,14.272,3.756
lisennet,p295_336_mic2-7c925b954e34-04145613d2af.wav,25.3801,15.6266,5.253
lisennet,p295_383_mic2-a2d8dbd68272-370b82f69bbf.wav,21.6343,12.9194,3.357
lisennet,p295_400_mic2-f122b98b59a0-0876970f7984.wav,29.403,16.0165,3.331
lisennet,p295_423_mic2-6471d3055515-e689c0518487.wav,19.3233,12.4445,3.631
lisennet,p297_023_mic2-92e48f121a6b-81fb5adb86f8.wav,16.931,2.1772,12.812
lisennet,p297_050_mic2-c682df4d2a42-ef334f59ca1c.wav,18.985,3.9749,4.613
lisennet,p297_053_mic2-fc31031e349f-cd09af5c9d08.wav,17.1074,9.7858,3.244
lisennet,p297_058_mic2-46c55f3e5178-830cb102f447.wav,25.6187,12.6021,3.688
lisennet,p297_059_mic2-47d76ec31124-109281bedb97.wav,19.9461,10.0039,3.585
lisennet,p297_074_mic2-55f61e96a470-f862ff1dcf87.wav,16.2013,7.9945,3.35
lisennet,p297_078_mic2-eac9edb08c16-9dcf7366f502.wav,21.4872,4.8759,5.207
lisennet,p297_084_mic2-0dc83e4a8669-7d302ee64ad7.wav,18.1815,8.6943,5.537
lisennet,p297_102_mic2-e8a1c34aa3f0-256fc535570b.wav,23.1912,8.4846,4.159
lisennet,p297_147_mic2-6330705d2918-cd4343e7d6a2.wav,13.9201,5.8147,4.357
lisennet,p297_154_mic2-b08705bdd73c-cf55efd24ef6.wav,15.5122,7.6392,4.528
lisennet,p297_157_mic2-847a00449d93-67a946765386.wav,22.0672,9.4292,4.101
lisennet,p297_163_mic2-b48cad69b736-a5ee0a42316d.wav,19.0405,8.2431,3.375
lisennet,p297_166_mic2-e612cc15cf28-941547091ab0.wav,13.3436,6.9739,3.414
lisennet,p297_177_mic2-dc1a356cc8e4-8283c9b08873.wav,21.3474,8.0315,3.077
lisennet,p297_190_mic2-ce6f7132d151-247ef18ddba0.wav,18.5554,6.1222,4.945
lisennet,p297_203_mic2-5bd566827ccc-b9494fdfe9b6.wav,20.2194,10.2853,3.757
lisennet,p297_228_mic2-0b643a887d05-1af678627a5a.wav,20.7115,7.9367,3.289
lisennet,p297_256_mic2-90481fec6f62-77a3896fc32b.wav,16.3355,6.1041,3.971
lisennet,p297_273_mic2-00be1da085c2-f6d1a05fd47b.wav,16.9112,7.628,3.146
lisennet,p297_274_mic2-247387368927-119ee1715c33.wav,22.1643,8.4121,3.372
lisennet,p297_277_mic2-f6f96f3b2b36-d67ec7214220.wav,18.7338,5.2207,3.42
lisennet,p297_286_mic1-b2d39e8c1e78-e08fcf07abf6.wav,17.3405,3.4341,3.887
lisennet,p297_290_mic2-0d81678e5a4c-09e3849f602c.wav,23.0661,11.5135,3.501
lisennet,p297_294_mic2-43347b56d5b0-92c7b888009f.wav,20.2401,8.4882,6.419
lisennet,p297_303_mic2-a633c17edd4c-954bc2d7e664.wav,21.9509,7.7884,3.034
lisennet,p297_308_mic2-002ff6ae52f7-990cf33fb4b9.wav,21.373,8.2263,3.209
lisennet,p297_340_mic2-c37e0781de09-d9f2d22fa8dd.wav,19.6442,7.4174,3.856
lisennet,p297_355_mic2-427a21e95556-8ea2a4b54192.wav,21.0336,10.0694,4.39
lisennet,p297_358_mic2-1d562508c887-89bb9156c964.wav,14.9559,6.5297,3.804
lisennet,p297_399_mic2-6d88e5f128a5-decf720ae622.wav,17.7529,7.7331,4.099
lisennet,p298_024_mic2-a9ac5c680310-426a63010fa9.wav,26.3046,13.7675,7.955
lisennet,p298_142_mic2-da1bc98842f4-cc8849a24f1a.wav,20.055,10.5555,3.813
lisennet,p299_006_mic2-1f81fb0e7f72-616a6efa4ba3.wav,20.0962,8.1683,5.665
lisennet,p299_024_mic2-19aed983e1df-ca45512044e3.wav,13.9312,7.5081,7.357
lisennet,p299_053_mic2-739d1ea48271-d85a0cd554be.wav,19.0438,5.8275,3.756
lisennet,p299_066_mic2-a737512b072a-e0e8268756a0.wav,18.2525,6.6063,3.5
lisennet,p299_134_mic2-fe9da8578dce-b1f06c3f3fb7.wav,17.0191,3.9214,3.544
lisennet,p299_138_mic2-23b3b7bbe5d0-a802e640d6c5.wav,17.673,3.9746,4.526
lisennet,p299_161_mic2-29b262403d1a-54db90493af6.wav,15.9529,2.4384,3.117
lisennet,p299_168_mic1-424cd2df17ce-9913de973b5f.wav,18.8156,3.4047,3.334
lisennet,p299_170_mic2-83c01bee0007-8ea4cdeffffe.wav,14.3866,5.8785,3.333
lisennet,p299_195_mic1-5d46811d8cad-205e5d0b91e3.wav,18.9976,2.049,3.376
lisennet,p299_211_mic2-10d26f598598-05e600695ce3.wav,18.62,3.3585,3.757
lisennet,p299_229_mic2-cd7906c84b48-9799162655f3.wav,17.2469,2.1545,3.291
lisennet,p299_247_mic1-20ee6a561ad8-fd2667f94a8b.wav,17.5458,2.1704,3.385
lisennet,p299_283_mic2-0ee76a042eff-5282a6db4afb.wav,18.4009,7.4234,3.12
lisennet,p299_314_mic2-4851559c76c9-7510e82b1d12.wav,18.4266,6.7962,3.441
lisennet,p299_318_mic2-a0de8003b0b2-d8afe4af56f0.wav,15.022,5.07,3.623
lisennet,p299_326_mic2-1be67041c6cc-a61cdc8a2899.wav,18.8904,11.0385,3.123
lisennet,p299_405_mic2-4f60d1ffa9a3-135fabab0912.wav,15.4305,6.8048,3.984
lisennet,p300_019_mic2-e98549275582-8499862a91cc.wav,26.2388,15.4545,7.851
lisennet,p300_080_mic2-a662d712feee-a17d7320c572.wav,18.9334,15.739,5.379
lisennet,p300_393_mic2-57fefd455f21-cb9108575a7a.wav,24.263,15.908,3.629
lisennet,p300_395_mic2-352975a75aa2-76423d754898.wav,24.6285,13.4687,5.964
lisennet,p301_008_mic2-eac5179f1dcd-710bbde3ffba.wav,25.7805,11.7015,8.443
lisennet,p301_010_mic2-a446dc2902b2-62b93c80e6b7.wav,25.566,14.6065,3.916
lisennet,p301_013_mic2-11645f98e890-42f136a0bd1f.wav,18.6309,11.6799,5.126
lisennet,p301_022_mic2-2c2624f75745-196f029fbf47.wav,25.381,11.2289,7.544
lisennet,p301_024_mic1-bb946418df71-1884218e794a.wav,19.1084,3.2907,8.092
lisennet,p301_031_mic2-b871decf3ab9-f99677a986b5.wav,24.9435,12.1988,3.251
lisennet,p301_051_mic2-0328f26b392f-297a16d19cf4.wav,24.4764,10.2018,3.439
lisennet,p301_055_mic2-e7a9052ea67a-d1eef665f484.wav,22.9967,11.2019,4.658
lisennet,p301_058_mic2-8ae6ae50e091-026308e314f6.wav,27.294,13.7737,4.289
lisennet,p301_061_mic2-75e3deede450-cdf479994563.wav,26.436,11.7666,4.441
lisennet,p301_064_mic2-784a2c4833a6-87add932708a.wav,26.7864,11.4222,5.048
lisennet,p301_072_mic2-dd287dbf3b60-f4dfdd6e413d.wav,25.3241,13.3578,4.642
lisennet,p301_091_mic1-e8adf751c086-074be3e67972.wav,17.7034,5.5052,3.749
lisennet,p301_092_mic1-a45bccb2bd9a-4433dbad1268.wav,20.3465,5.07,5.096
lisennet,p301_094_mic2-cd47d9128b41-c887dba4d7cb.wav,25.2167,14.8445,5.267
lisennet,p301_110_mic2-d4e94ee5be0e-ce58de64b2ec.wav,25.3336,13.1431,4.188
lisennet,p301_111_mic2-6737460066c0-efcf625a7cf3.wav,26.2843,11.6374,5.997
lisennet,p301_115_mic2-3ee88c50df4c-dd005ceaa842.wav,24.4398,11.2442,4.589
lisennet,p301_126_mic1-27a83dbf074c-50d5d1ffc98b.wav,18.7427,5.6677,5.389
lisennet,p301_129_mic2-74e3d37583a9-393cf794014a.wav,26.3354,13.1352,4.443
lisennet,p301_134_mic1-2554e4de4c46-c2d4c451c0c0.wav,19.4556,3.8832,4.891
lisennet,p301_134_mic2-cbfbefaef7e0-567e61daeb98.wav,23.9313,12.3949,4.891
lisennet,p301_149_mic1-61ad2e9f7296-b2cad03b76b3.wav,19.5474,3.6731,4.499
lisennet,p301_151_mic2-f7d6c35086d9-0e21ee3be2fa.wav,26.4896,11.7213,5.008
lisennet,p301_152_mic1-8eb9746301ad-50acf436be6a.wav,21.6043,5.378,3.872
lisennet,p301_171_mic2-3ea4b7efbf95-0329485e1289.wav,22.9291,11.3683,4.345
lisennet,p301_173_mic2-ab0235f9e513-7c1dee20679b.wav,27.7995,12.1592,3.804
lisennet,p301_178_mic2-637fdd92d40e-ba1aa2a955fb.wav,25.5694,13.47,4.01
lisennet,p301_229_mic2-a41fb44fbcc0-e8249fb39869.wav,26.1421,12.7664,4.06
lisennet,p301_231_mic2-9f127bbcfa92-645d9914014e.wav,22.8976,11.1901,3.88
lisennet,p301_240_mic2-3b98ffd00b34-536e71394557.wav,25.7225,11.7765,5.406
lisennet,p301_255_mic2-626a2accba2d-371d83997fa5.wav,25.2485,11.6753,4.524
lisennet,p301_259_mic2-cf613e245c4f-bbb9c8d9a6ad.wav,24.9348,12.5432,5.254
lisennet,p301_266_mic2-78bf21236a85-6c3ab1ea1dbe.wav,27.1387,12.7256,3.613
lisennet,p301_271_mic2-9c5723da2d52-568e52f7bf55.wav,26.0251,10.7145,4.012
lisennet,p301_321_mic2-4f315bd85bd5-1d0ceed284ff.wav,24.9046,13.4432,4.487
lisennet,p301_330_mic2-70685173cdce-c7ea3ec264e8.wav,24.5166,12.9831,4.352
lisennet,p301_331_mic2-d774bf96fc27-e8ca9fb3fb2e.wav,26.2654,14.2023,5.305
lisennet,p301_339_mic1-9460c0281567-ada377782f80.wav,21.4404,2.3549,5.017
lisennet,p301_351_mic2-3567475b050f-08107a867657.wav,26.4549,16.5546,3.713
lisennet,p301_352_mic1-26f33360361e-e15adc86f34c.wav,20.1763,4.6267,4.394
lisennet,p301_361_mic1-91bed28aa5a0-a2e74aa4a9b9.wav,22.8064,3.9659,3.843
lisennet,p301_367_mic2-aecdd65aa0df-08a6b24085d4.wav,23.7114,10.5916,4.106
lisennet,p301_371_mic1-29fb0fbc6900-dd5ea574136d.wav,20.3382,6.2903,4.665
lisennet,p301_406_mic1-eaffb5f39046-31188bd77af8.wav,21.2689,2.0638,3.096
lisennet,p302_040_mic2-b8e8fefc2b17-8020e6db5dd7.wav,27.0421,11.8135,3.823
lisennet,p302_081_mic1-9953723d3d9b-4e611a7df0d9.wav,20.4668,4.2757,3.67
lisennet,p302_131_mic2-96a6a0a1bbee-0aa13de85727.wav,26.3428,13.0718,3.488
lisennet,p302_134_mic2-585dc4a2a420-8dffa5325e4c.wav,23.6757,12.6633,3.121
lisennet,p302_137_mic1-e45db6c222e4-a2a336ce0409.wav,24.5283,7.7081,3.557
lisennet,p302_138_mic2-3f1ef95b1733-9efb66e4ad65.wav,26.2645,13.4936,4.041
lisennet,p302_148_mic2-64fe476483cd-f301be2eb023.wav,26.3571,14.3161,4.27
lisennet,p302_175_mic2-5e7076f8e3ce-189b1d0157b0.wav,26.8977,13.9303,3.398
lisennet,p302_180_mic2-68e02b65529d-0824cad61c02.wav,28.9537,15.6659,3.554
lisennet,p302_211_mic2-d62caa739af2-2c21542ccf3c.wav,28.7299,16.0143,3.689
lisennet,p302_260_mic2-343577497f62-3256f72ee22b.wav,26.6026,13.4914,3.577
lisennet,p302_261_mic2-5a7b4213a188-8d0300e9d459.wav,26.2834,13.1078,4.583
lisennet,p302_272_mic2-1d5f431391a7-f66f80285799.wav,26.6382,15.8627,3.513
lisennet,p302_278_mic2-47a45482fa7e-ab5863a2b3d1.wav,25.2746,12.0757,3.224
lisennet,p302_286_mic2-0d0055ccef4e-69f59c8ebe7a.wav,25.456,15.9523,3.546
lisennet,p302_295_mic2-d13b66a6dac6-7224d1963b0f.wav,27.8215,14.5191,3.075
lisennet,p302_305_mic2-23f48b05c4f3-1042ccd64fc5.wav,26.2504,14.7206,3.844
lisennet,p302_307_mic2-994bc5ca469a-5a65601c7067.wav,25.3616,13.2582,3.108
lisennet,p303_010_mic2-0e88ee63651a-b1c4f77886de.wav,20.2313,10.3971,4.214
lisennet,p303_014_mic2-af3a9506031d-4cb8041906a8.wav,17.2608,7.104,5.995
lisennet,p303_032_mic2-452729adf37a-87ecafd9a412.wav,23.9798,10.8947,3.546
lisennet,p303_038_mic2-ee23ae9d90b0-23f0ba4e520d.wav,23.7932,11.543,4.61
lisennet,p303_054_mic2-e49452fbc0bb-4ddff17e12b3.wav,21.6918,7.8677,4.47
lisennet,p303_095_mic2-c3b33fa16bf4-b11746941f42.wav,21.5589,11.57,4.309
lisennet,p303_102_mic2-44bf7f7e2297-904b7753fd21.wav,16.0325,9.0874,4.697
lisennet,p303_106_mic2-8afea0516fe6-efbb3a2a7598.wav,17.0364,9.8483,4.275
lisennet,p303_131_mic2-0c3aabe8a3c1-a85c7d615d4c.wav,22.5976,11.3902,3.549
lisennet,p303_149_mic2-0f5f52564fdc-af81918f6e65.wav,21.9819,12.7096,4.785
lisennet,p303_152_mic2-aa82cb6b08f8-55c29051c890.wav,14.0127,9.5847,5.011
lisennet,p303_207_mic2-456bccf6a3d5-9a4900290d67.wav,19.7616,8.1022,3.032
lisennet,p303_222_mic2-6958aa355c30-923b3064a518.wav,23.32,13.249,4.194
lisennet,p303_225_mic2-7ca2aea141b9-ab006af1e725.wav,19.4193,12.5006,6.554
lisennet,p303_230_mic2-98577c1a7749-8d8be49d8368.wav,20.744,12.7955,5.204
lisennet,p303_234_mic2-c9af0dfe82bc-959b19ef01ad.wav,23.5551,12.1184,4.89
lisennet,p303_236_mic2-a3e0c9802280-1eb6f80a1e31.wav,24.1865,9.5578,3.03
lisennet,p303_238_mic2-275d9df42d32-b6ab862763a5.wav,24.8398,13.5786,4.433
lisennet,p303_255_mic2-7074d2722672-65558e62180c.wav,23.8304,9.7157,4.042
lisennet,p303_311_mic2-caefb957b47b-6a826df9e3d9.wav,22.8389,6.7803,4.823
lisennet,p303_334_mic2-f485689dd14a-c4e09d91dada.wav,16.3593,9.6234,3.969
lisennet,p303_335_mic2-282956914d19-167c1fe76475.wav,24.6391,8.5072,4.091
lisennet,p303_341_mic2-57aebe8f9928-b5a84ea3e6dd.wav,23.6832,12.045,4.133
lisennet,p303_343_mic2-18bb4df09aa0-47922b8952de.wav,20.4159,7.5172,3.91
lisennet,p303_350_mic2-808c24fa3f39-fb20e746cbda.wav,20.5995,9.8718,4.212
lisennet,p304_008_mic1-c4ba5b80ac9d-cfb7927c3c92.wav,21.728,3.8687,8.133
lisennet,p304_031_mic2-0a896c71ac2e-8b5c6493c279.wav,13.7678,3.3031,3.952
lisennet,p304_035_mic2-3cc269af4087-5db4cdc94030.wav,20.2155,5.0506,3.504
lisennet,p304_048_mic2-c07b192e3f84-6926bcd616f9.wav,15.3373,4.352,3.971
lisennet,p304_057_mic2-dc1fc8fd66a1-71dc29f33d61.wav,18.6505,4.2808,3.289
lisennet,p304_085_mic2-da83e5f336ea-869a0337846e.wav,18.3836,4.8501,3.295
lisennet,p304_095_mic2-8a6adadba348-d3c62bd19f40.wav,16.9608,2.7066,3.355
lisennet,p304_107_mic2-3163238ff75d-50868c8dd37c.wav,20.1001,6.1421,4.229
lisennet,p304_175_mic2-def787f792bd-617e209b2b04.wav,16.1689,5.8807,3.366
lisennet,p304_210_mic2-2919c83ecd33-a475ee3b93c2.wav,16.6151,6.1029,4.085
lisennet,p304_258_mic2-9208dd7a29bc-ddf1da108ea9.wav,18.5877,5.938,3.37
lisennet,p304_263_mic2-d053dac57a6c-dcd62208cd34.wav,20.4822,5.4142,3.131
lisennet,p304_307_mic2-18441f16e208-6a9228b3c259.wav,16.1603,3.84,3.673
lisennet,p304_342_mic2-9e40575f2c94-75dad5044fc3.wav,17.0614,5.4286,3.547
lisennet,p304_365_mic2-01926fb1b6b9-4ae0e85893d1.wav,16.5421,5.9787,3.235
lisennet,p304_371_mic2-561487198b88-0b7fad09586f.wav,17.2504,4.5891,4.008
lisennet,p304_414_mic2-569d8fb6ef91-12d19b2d9e85.wav,16.8404,6.6826,3.501
lisennet,p304_420_mic2-0df60984097c-9888aba22c91.wav,12.8455,3.312,3.158
lisennet,p305_006_mic2-14c48e5d3370-19150e8af6bc.wav,21.1777,9.3225,5.663
lisennet,p305_028_mic2-89e522208fcd-b3ded2d53527.wav,22.4264,9.7665,3.922
lisennet,p305_033_mic2-4eb44d3892cf-ed74a0b79712.wav,21.0041,9.926,3.46
lisennet,p305_067_mic2-a0dd60cbad0e-1155d6bf0452.wav,21.5931,9.8168,3.547
lisennet,p305_081_mic2-6ce550a81cca-e3465f171a5e.wav,18.6657,9.8118,4.479
lisennet,p305_094_mic2-d9f68f24c8c8-b87213ab5225.wav,25.1469,10.0371,3.885
lisennet,p305_130_mic2-c9380d2d8bfe-59cd36e11172.wav,18.0143,9.8064,4.583
lisennet,p305_143_mic2-2bb6a5accd68-143448eaa846.wav,12.946,8.4749,3.216
lisennet,p305_147_mic2-e639477728ec-bb25e79e8c35.wav,13.8461,10.1339,3.909
lisennet,p305_156_mic2-82223393fe14-accbec7e327d.wav,19.8225,9.1101,3.277
lisennet,p305_174_mic2-497c7c17680d-f599b8a99047.wav,19.8615,10.1116,3.713
lisennet,p305_195_mic2-86c62deaa2b0-3f6cf5ebd2c5.wav,23.976,13.3793,3.072
lisennet,p305_222_mic2-14dbe705c568-c67b94e223c3.wav,25.469,11.7021,3.533
lisennet,p305_335_mic2-e15a6bb6cf03-bf8208c999c5.wav,23.1726,11.9916,4.329
lisennet,p305_373_mic2-c496d8a4e306-06ba369ea1e0.wav,24.694,11.7029,3.076
lisennet,p305_414_mic2-1ac40a1ce8aa-8566bf2b0a5b.wav,17.2144,12.832,3.45
lisennet,p306_003_mic2-dc16f5b66f20-be55e35a2dbe.wav,27.7663,13.9436,8.83
lisennet,p306_009_mic2-18fc2d057305-888b66258fe8.wav,26.6663,15.7973,6.171
lisennet,p306_025_mic2-442fc2b753cf-1f0bfd877b22.wav,28.101,17.0083,6.304
lisennet,p306_032_mic2-fd069f269d1a-89a4b86a46d5.wav,26.9962,12.929,4.385
lisennet,p306_045_mic2-1e4b300e400a-3a5d9c3d7372.wav,28.2781,17.0291,4.539
lisennet,p306_046_mic2-2dabf1bcfeb2-6c6309e72311.wav,25.5459,14.4647,4.731
lisennet,p306_090_mic2-805c03545e96-7ee08997b325.wav,27.8688,15.5661,4.982
lisennet,p306_099_mic2-dfc280bdab7b-aac5180f7ede.wav,26.2551,15.1806,5.733
lisennet,p306_104_mic2-1cb09ed5eb82-cb462fa4c6dc.wav,27.3376,14.8749,3.799
lisennet,p306_131_mic2-1ce314f5f452-f7f6bfff65ee.wav,27.423,14.6039,3.913
lisennet,p306_133_mic2-d11fada9c328-d9e51e7d01a0.wav,28.961,12.0984,3.76
lisennet,p306_174_mic2-0911aabeb2d0-83c3cb15ee35.wav,29.0154,13.4356,4.143
lisennet,p306_212_mic2-14968857fb21-da7397481f8f.wav,24.4234,15.4406,4.362
lisennet,p306_237_mic2-840d35bec1bb-b046f4749231.wav,26.56,17.4604,4.626
lisennet,p306_240_mic2-41c7976fbb54-2eb30d54132a.wav,27.2684,15.404,4.185
lisennet,p306_245_mic2-ddada8d05c12-0aa2850baf0b.wav,28.3236,17.1488,6.378
lisennet,p306_269_mic2-c176778c1ae4-4fa8f0d54280.wav,26.7714,14.5631,5.083
lisennet,p306_322_mic2-03ac1418d43e-477e3f23362c.wav,26.5643,13.6163,6.481
lisennet,p306_335_mic2-f796bce3d7e7-dfe229527884.wav,29.0288,15.2871,3.991
lisennet,p306_351_mic2-42ab99ba3621-3b86c1882661.wav,28.7455,14.3836,6.887
lisennet,p307_010_mic2-29eb880caf22-cee123e5e3b7.wav,26.4865,15.5067,4.042
lisennet,p307_011_mic2-4c7bc10db0dd-9e66ab1868c9.wav,27.7268,17.8034,7.541
lisennet,p307_012_mic2-75abde3a45f9-1a74bb7fc9f7.wav,23.6483,16.17,5.367
lisennet,p307_045_mic2-073958afe0ec-4c434aa9f6fd.wav,20.6596,13.1062,4.991
lisennet,p307_052_mic2-7f51eb24776d-9b1be79997a2.wav,23.6907,16.269,3.531
lisennet,p307_054_mic2-d2af08e584ee-1faac370fa0c.wav,25.8367,13.8033,4.64
lisennet,p307_055_mic2-cebd107d1de4-03fbe0365182.wav,20.8559,14.3419,4.507
lisennet,p307_058_mic2-c970bc5a8ba1-367613dc1fca.wav,24.7107,14.5682,3.42
lisennet,p307_064_mic2-3e9dcff930fa-c250039471be.wav,23.0465,14.5782,5.668
lisennet,p307_065_mic2-5a42ea209ead-56dc062f7743.wav,23.443,15.1156,6.753
lisennet,p307_092_mic2-34e74ac4e01f-f2a8079ead11.wav,20.2551,13.7776,4.926
lisennet,p307_094_mic2-34969f851ac5-e8e5df52ff62.wav,22.5295,15.6306,4.171
lisennet,p307_106_mic2-c3d4ab7c009f-6c910251095c.wav,24.5963,14.2678,4.312
lisennet,p307_113_mic2-5301dd772e21-486bbe90b249.wav,16.419,15.9395,4.028
lisennet,p307_118_mic2-c1166bb2c6e8-acd1036bec7b.wav,19.1813,15.3853,4.574
lisennet,p307_147_mic2-f829c6760338-c57a83dd99ec.wav,23.3764,14.5438,4.512
lisennet,p307_148_mic2-0e7a35e4c5d4-f74a97754c29.wav,22.6837,16.3273,4.43
lisennet,p307_158_mic2-ace83d467f05-91b24f7e912b.wav,22.3718,15.4526,4.16
lisennet,p307_180_mic1-d704cfc624e9-7db3ddde5bec.wav,18.19,6.3065,4.991
lisennet,p307_181_mic2-143cc34a77dd-8ec6510ed352.wav,17.3625,14.0514,4.381
lisennet,p307_187_mic2-92b61760f068-243ee0f37b1e.wav,24.3072,14.9107,3.707
lisennet,p307_195_mic2-3d824593d16b-8a89f3f5d210.wav,19.5815,14.1849,3.821
lisennet,p307_201_mic2-a3caa8bbb815-b3692f509120.wav,17.5133,8.4153,3.131
lisennet,p307_206_mic2-8cbed831b6ba-0b982bbc5048.wav,18.7096,12.5173,4.327
lisennet,p307_207_mic1-613e80a91133-8172822deb26.wav,16.4668,6.2766,4.952
lisennet,p307_208_mic2-2c7bd51feaae-d52c33ff2094.wav,20.7177,11.8627,3.363
lisennet,p307_217_mic2-609803cd763e-3c27c16baa39.wav,16.5069,15.1017,4.333
lisennet,p307_232_mic2-8b4756879f16-0eecb2ed029b.wav,20.4735,10.6198,3.737
lisennet,p307_245_mic2-c6ef7dd83e87-586c7da17b5b.wav,22.2848,12.2076,4.481
lisennet,p307_254_mic2-5432b419c034-8cf8dacb3779.wav,17.7259,11.5101,3.594
lisennet,p307_258_mic2-83caf11802a4-a8f361dd7940.wav,18.8192,14.4317,4.203
lisennet,p307_262_mic2-abb2bd9e82d2-9efb1ce6ee20.wav,23.7264,12.4379,4.426
lisennet,p307_273_mic2-99a88093ae7d-a0a3b1a8d07c.wav,24.4293,14.6211,3.941
lisennet,p307_291_mic2-d4c0483bcd4f-12cfdf73f983.wav,21.5794,13.6141,5.425
lisennet,p307_305_mic2-9061db9c49ba-8b3625e86be0.wav,19.2624,11.6788,4.311
lisennet,p307_313_mic2-a6035dae71fc-0e8e6828cc66.wav,19.3184,11.983,3.891
lisennet,p307_317_mic2-d4ce80d2dce9-016ca85a548f.wav,21.9474,12.7703,4.287
lisennet,p307_358_mic1-79444a4a26b2-54dfc53b025e.wav,18.7324,7.615,3.609
lisennet,p307_360_mic2-463d8798594b-504fc4dbe667.wav,25.0776,12.7155,3.135
lisennet,p307_367_mic2-69f667e73669-988a0231b0b2.wav,22.0091,13.241,3.667
lisennet,p307_373_mic2-72b58c9834c8-2e2273184b15.wav,26.4093,15.007,3.793
lisennet,p307_419_mic2-2d39f74379e8-2d51afa5e4a4.wav,19.8497,12.8477,3.928
lisennet,p308_043_mic2-3805d06bd6f0-7d404babbf8e.wav,28.7684,17.8519,3.117
lisennet,p308_061_mic2-87a58ebb29b4-31f66f0746a3.wav,29.4118,18.9243,4.353
lisennet,p308_214_mic2-3a307e5a7e56-19ba907264eb.wav,24.7723,19.0262,3.589
lisennet,p308_261_mic2-ec49269eb248-231873c87d11.wav,24.915,20.8415,3.075
lisennet,p308_285_mic2-b843c07e714d-0c8857907fe4.wav,28.0013,18.6161,3.329
lisennet,p308_306_mic2-20fc4649e3ed-06a592ac60c1.wav,29.1771,20.7341,3.162
lisennet,p308_377_mic2-bc817e96a4de-958c5ac885a7.wav,29.0585,19.3246,3.499
lisennet,p308_411_mic2-e709c0966297-4941463ad16e.wav,27.4403,18.8102,4.012
lisennet,p308_413_mic2-884d5aa62b4a-32ab75a8d75c.wav,29.4195,18.311,4.729
lisennet,p308_417_mic2-4a01bb47fd7e-3d1e31af7a25.wav,29.2803,20.1239,3.588
lisennet,p310_008_mic2-146e41af7e83-61dc601feeb6.wav,17.2909,5.5796,8.301
lisennet,p310_019_mic2-fee821d37b8f-08d6ac30639e.wav,20.1096,9.0468,7.862
lisennet,p310_021_mic2-9173a93fd3a7-ca7f1a55f353.wav,18.3554,5.8852,10.903
lisennet,p310_032_mic2-3d357f141905-b81ccf014000.wav,17.5438,8.039,3.856
lisennet,p310_111_mic2-a1616cce0cc1-591252c9fd85.wav,18.4242,7.0516,3.475
lisennet,p310_128_mic2-65fd4af2504b-09dc0b1a078f.wav,13.9261,7.5638,3.971
lisennet,p310_145_mic2-3f9798301bf8-3650dda0a536.wav,23.6577,7.4713,3.416
lisennet,p310_164_mic2-a1377df477b1-47ff1003cc40.wav,14.4232,7.6969,3.266
lisennet,p310_229_mic2-6ead4e674554-407435760f98.wav,21.4973,9.3984,3.175
lisennet,p310_278_mic2-90a0a0877162-012fe619159e.wav,16.8853,10.3023,4.16
lisennet,p310_282_mic2-984f200c8d69-5ccb99c12dc2.wav,20.6877,9.4043,3.328
lisennet,p310_318_mic2-4b9e4dcaf9d2-ca9de60adc6f.wav,18.6244,7.4532,5.168
lisennet,p310_359_mic2-ad7b8bbe95b8-e67081aa22b8.wav,18.2988,9.8526,4.683
lisennet,p310_381_mic2-0f0ea7b14c3f-43b2a4e3f74b.wav,19.5578,11.6581,3.161
lisennet,p310_388_mic2-d5d08d0b1932-5accaadb4972.wav,19.4672,8.3335,4.591
lisennet,p310_396_mic2-6f9b4773e0a4-18933b83a814.wav,20.6669,8.0336,3.229
lisennet,p310_416_mic2-f2d9e7ef0ea3-a30d68e522e8.wav,16.8808,11.2349,3.392
lisennet,p310_418_mic2-8c31fb44fcd2-d5d799fad9cf.wav,17.3271,6.2437,3.673
lisennet,p311_007_mic2-bf08b56b03f9-3a34a966279f.wav,21.398,10.1793,6.119
lisennet,p311_009_mic2-b0a7a0484bd9-349fc3f98675.wav,22.4521,11.0062,4.666
lisennet,p311_011_mic2-2edead142117-8d60e7374c4d.wav,23.3481,11.1525,6.468
lisennet,p311_012_mic2-d4e245547d75-d463f020acfd.wav,24.1217,10.0315,5.128
lisennet,p311_020_mic2-a61fd7277433-c691796f74cd.wav,24.5492,7.1439,4.579
lisennet,p311_033_mic2-733ea9b18403-583ae0525d6d.wav,24.6896,11.0739,3.721
lisennet,p311_038_mic2-2e305beb3697-c6bc1e520752.wav,21.4269,11.0886,3.381
lisennet,p311_087_mic2-f57b0c5198c6-08c2f2c57641.wav,15.8817,10.8282,3.577
lisennet,p311_096_mic1-474bc97f4a8d-fec950efaff0.wav,22.838,4.9093,3.159
lisennet,p311_125_mic2-88381bff03b8-9cb3f3c6eac9.wav,21.0794,9.8165,3.22
lisennet,p311_142_mic1-0496725d8450-b49fd7c9a3f2.wav,20.3889,4.0529,3.464
lisennet,p311_219_mic2-f8700e08debb-55406f17244d.wav,23.6291,7.986,3.954
lisennet,p311_256_mic2-8477ff8ad5a6-8b698896748a.wav,22.1362,11.5589,3.675
lisennet,p311_285_mic1-2836386f9033-4ec9fb918e52.wav,20.102,3.5726,3.425
lisennet,p311_341_mic1-64a984cbffd0-f6aad86d1eb4.wav,21.8373,4.1471,3.243
lisennet,p311_348_mic1-905da95455e8-336e39149c2a.wav,20.1589,2.1742,3.558
lisennet,p311_348_mic2-7504ee23afe5-f7aafb5ba361.wav,18.1365,10.5949,3.558
lisennet,p311_356_mic1-62cb36b7629f-b55099adbe12.wav,22.2727,2.1086,3.028
lisennet,p311_366_mic2-0f1592c712c6-6f029f46779b.wav,22.2706,5.6324,3.313
lisennet,p311_417_mic2-293ccef3bdbd-a3312315304a.wav,18.1408,9.4187,3.587
lisennet,p312_011_mic1-47c1f15ef145-fee58aa2d176.wav,18.8817,5.0544,7.127
lisennet,p312_027_mic1-1c5e5e5485d5-389cf20e2b72.wav,12.51,4.9664,4.1
lisennet,p312_058_mic1-7eadfd5db003-c1472c303f9d.wav,16.9926,3.6184,3.246
lisennet,p312_073_mic1-b74a3b8199ad-1694a17562ac.wav,18.4976,6.0267,3.074
lisennet,p312_123_mic1-670bbe3ef441-ae573fd5140c.wav,18.6404,3.828,3.716
lisennet,p312_182_mic2-f76575668a10-c1288e02df1f.wav,20.3534,8.1398,3.033
lisennet,p312_237_mic1-8c5b9e91c4c6-f240416fc6da.wav,22.2833,5.5368,3.215
lisennet,p312_262_mic1-dcdf14dd3b69-98c5a851eb56.wav,17.9469,4.5103,3.185
lisennet,p312_393_mic1-e34413053ae1-03835facddcb.wav,22.1531,6.4918,3.462
lisennet,p313_003_mic2-84fe2c2123da-f0d7744d57af.wav,27.5509,14.9676,10.134
lisennet,p313_009_mic2-f64b5786d572-b65793a3e8a0.wav,26.4952,15.5508,5.483
lisennet,p313_010_mic2-0143a10a4be5-635739aec365.wav,27.9133,16.7216,4.923
lisennet,p313_012_mic2-6c72dcd01219-e5bb6b56e299.wav,26.206,14.9341,7.099
lisennet,p313_015_mic2-2aefa50fcd94-6023448f7895.wav,27.8075,15.7205,6.514
lisennet,p313_019_mic2-41079c571e95-ae54edd064b8.wav,27.9365,14.1233,7.714
lisennet,p313_061_mic2-2a0bb28e185c-308fc9a73da5.wav,27.3923,14.9127,4.229
lisennet,p313_068_mic2-febb3a808527-f2254f9b7a33.wav,28.2576,14.8845,5.125
lisennet,p313_091_mic2-5d9694949240-4d68061241ef.wav,27.7428,14.2773,5.466
lisennet,p313_134_mic2-fc9c91921f63-b78a58e58a40.wav,26.4909,15.3566,3.329
lisennet,p313_178_mic2-8b498068c897-4a164120608f.wav,22.5379,18.1513,3.414
lisennet,p313_196_mic2-4f78842e2808-023e19543844.wav,26.1275,15.7626,3.162
lisennet,p313_243_mic2-f7c4ed278909-8122e9868313.wav,24.9037,15.5925,4.366
lisennet,p313_281_mic2-f831c1848c31-b972c84d7fd6.wav,27.3522,17.6985,4.739
lisennet,p313_355_mic2-e2f3476bbd68-ace068814fb5.wav,27.54,16.7277,4.289
lisennet,p314_006_mic2-cc9beab68b06-6b1bb6d297dd.wav,22.3711,5.0528,6.125
lisennet,p314_008_mic2-0d7f22266bcf-30a101d76bd2.wav,23.9608,9.9474,7.661
lisennet,p314_014_mic2-724711b29a19-ba0abc196f25.wav,23.3159,10.0504,5.334
lisennet,p314_044_mic2-f1d3967c7c0d-4f0203d1f363.wav,18.917,4.6296,4.201
lisennet,p314_053_mic2-f1b4efe2b046-f9c42a5e66bd.wav,20.0739,7.6115,3.118
lisennet,p314_061_mic2-7d2d42c5d5dc-8b0cfd55241c.wav,20.3536,6.1081,3.002
lisennet,p314_092_mic2-83d7e767d8e8-aa5120addb1e.wav,21.4479,9.4325,3.545
lisennet,p314_108_mic2-f6593cb61c7f-b2c8cf4ccf6c.wav,14.9324,5.2273,3.331
lisennet,p314_157_mic2-a836c723bb59-311ef3758be0.wav,23.5744,11.0022,3.075
lisennet,p314_212_mic2-70c931bcd590-aaf7ecf3b0ab.wav,21.0858,7.4822,3.913
lisennet,p314_233_mic2-774d4bc239b3-163dc14c817c.wav,17.8992,4.0896,3.545
lisennet,p314_265_mic2-38147553524e-b8d295765bfd.wav,13.35,6.7062,3.717
lisennet,p314_313_mic2-39db92f8ff43-c22f59bd9782.wav,19.2529,6.8791,3.109
lisennet,p314_327_mic2-46e45ff27d10-b9643c7a38e9.wav,19.4312,5.788,3.76
lisennet,p314_348_mic2-839ca989d15c-12b1b509f705.wav,25.9697,9.3874,3.346
lisennet,p314_374_mic2-84b5493f15c8-e41eaa79823f.wav,21.7393,6.588,3.843
lisennet,p314_407_mic2-448619ea90bb-ce9d3184a6e3.wav,21.152,10.6203,3.14
lisennet,p314_418_mic2-f3309ce64bd4-d3264b3176bc.wav,18.7557,9.2917,3.118
lisennet,p316_069_mic2-7462c0b424f9-92d5f9567141.wav,23.3236,12.2819,3.347
lisennet,p316_138_mic2-7d89d52bbfff-55179b3570ac.wav,23.8167,12.1688,4.095
lisennet,p317_002_mic2-68bd663bbe69-22458d0ed502.wav,22.5659,7.7104,3.286
lisennet,p317_006_mic2-1ec87c5b5389-720c1ee31413.wav,23.1402,9.933,6.679
lisennet,p317_015_mic2-6aebea204691-d56da3f2c21d.wav,24.8512,14.3121,6.314
lisennet,p317_021_mic2-28ba365e4a12-2d77763e544e.wav,20.019,12.3926,9.713
lisennet,p317_030_mic2-48736dd2332c-652c06bdebcf.wav,19.3239,9.6039,3.459
lisennet,p317_049_mic2-3d76cdd1d451-3674f86766bd.wav,20.134,13.2914,3.429
lisennet,p317_053_mic2-b609ad9c8d16-9e658e5c61ca.wav,20.5164,7.34,3.103
lisennet,p317_074_mic2-bb5ef71a4eba-d0db4394d16d.wav,17.2214,9.7828,3.616
lisennet,p317_096_mic2-8fa97cb6cea3-8ad721c76152.wav,20.7159,13.5316,3.118
lisennet,p317_202_mic2-80bade36947f-717a0e30a698.wav,20.4282,11.4615,3.31
lisennet,p317_209_mic2-9d4664d97b18-4f663ee1058a.wav,21.1495,8.5944,3.02
lisennet,p317_210_mic2-35e75cca2659-56f08a62b0bc.wav,19.6479,5.1171,3.898
lisennet,p317_224_mic2-682904ec1ff8-ffb3a59c48f6.wav,21.219,9.8752,4.112
lisennet,p317_258_mic2-a74c238195fb-f185366bcf78.wav,20.4033,7.9913,3.842
lisennet,p317_266_mic2-4bd5eab55c28-b65ae9cf9fd1.wav,22.7876,12.9018,3.059
lisennet,p317_270_mic2-71117af3c614-dfc6a45b41ab.wav,26.1271,15.4617,4.069
lisennet,p317_287_mic2-caa4301c3a1b-d1af3cb003db.wav,21.8355,10.2198,4.854
lisennet,p317_333_mic2-1f62e083cb65-b621232859a9.wav,22.9428,8.9326,3.925
lisennet,p317_391_mic2-a76e0f2d7884-87f8953e3151.wav,21.1644,12.0643,3.221
lisennet,p317_420_mic2-fb7a492dc8d6-9b4215d661ed.wav,20.1916,9.8681,3.692
lisennet,p318_015_mic2-3c5b6e3d2161-11619430f5cf.wav,21.5281,9.9843,6.331
lisennet,p318_037_mic2-fd4561406829-d079ce5d22fe.wav,17.4543,7.7747,4.192
lisennet,p318_068_mic2-820bd9c8157f-1d0d2c58f982.wav,22.8211,10.2609,4.014
lisennet,p318_069_mic1-14ad94395f57-57c4c417c58e.wav,16.8628,4.5306,4.473
lisennet,p318_087_mic2-cf05ef5bd6f8-fb8171716d40.wav,19.5165,10.517,3.756
lisennet,p318_091_mic2-c4a9615d61fd-7c5dae637f4f.wav,21.9181,10.6314,3.715
lisennet,p318_108_mic2-522c37c02730-48d5bfa93bc2.wav,18.6598,12.2207,3.612
lisennet,p318_121_mic2-a0ad0f5075a6-ac19caa628cb.wav,24.1074,10.141,3.074
lisennet,p318_137_mic2-b616c55c9d3e-bd34ed633625.wav,20.4232,9.7724,4.184
lisennet,p318_158_mic2-12dfd6b8f895-33caac451390.wav,16.8023,11.7617,3.171
lisennet,p318_233_mic2-3f2b6576b365-f07b92eaea3f.wav,18.1482,9.1266,3.201
lisennet,p318_240_mic2-4d610e84c1f5-692b65af777b.wav,19.5026,8.3173,3.253
lisennet,p318_243_mic2-7213ca399d56-e77ca307ed74.wav,19.9133,7.0538,3.845
lisennet,p318_279_mic2-11c41f5c2162-c364fabcf604.wav,20.9594,10.408,3.167
lisennet,p318_296_mic2-497b5f520d09-2d51fd47edb1.wav,18.1585,10.0295,3.503
lisennet,p318_330_mic2-007c9fb1c1ad-6221b13fc05c.wav,21.8916,10.4119,3.286
lisennet,p318_331_mic2-aa438a9255cc-baa8def695b9.wav,17.1587,10.7075,3.461
lisennet,p318_350_mic2-bc9bcbdef1d1-d6afea2d314e.wav,20.9554,8.3788,3.325
lisennet,p318_366_mic2-5a75644a5a58-bf533a6285a3.wav,20.6095,10.1421,3.338
lisennet,p318_368_mic1-b37b2681c421-374c52cbafb1.wav,18.1976,4.3168,3.841
lisennet,p318_369_mic1-b8ccaa6d1db6-0388122ac147.wav,15.8159,4.8456,3.717
lisennet,p318_397_mic1-2938645fd0fd-039e071df2c2.wav,16.1643,2.8132,3.291
lisennet,p323_002_mic1-21af596a9cee-f679576ecdd1.wav,17.2567,2.1432,3.629
lisennet,p323_009_mic2-0aa71fc215a9-8c2fd39e928a.wav,12.7019,7.5022,6.677
lisennet,p323_026_mic1-7c90c602dd94-f9136f82bf64.wav,16.0394,3.2512,3.717
lisennet,p323_028_mic2-9123bcce49ae-0e7819ba763b.wav,24.6619,11.9252,3.033
lisennet,p323_030_mic2-bdf1a59fe35e-a31165421c3e.wav,16.9536,10.649,3.118
lisennet,p323_067_mic2-6e2794bd0e53-c090620333db.wav,18.3901,9.5268,3.504
lisennet,p323_068_mic1-6657a43b93d3-365d5979b8d7.wav,17.7728,4.2738,3.418
lisennet,p323_087_mic2-4f261fc6cc73-3581fe715903.wav,19.9822,9.9466,3.794
lisennet,p323_089_mic1-3b45f3205ff8-132fbfed3119.wav,14.6379,2.1318,3.887
lisennet,p323_091_mic2-d183fce3a81e-f8bc6e7921d5.wav,21.9209,12.3544,4.271
lisennet,p323_106_mic1-5a5b3cd1c6a3-2776a681378e.wav,12.3135,2.7255,3.458
lisennet,p323_108_mic2-2d3351bb5a6f-2c927e2d3eb3.wav,15.046,5.3699,3.417
lisennet,p323_140_mic1-daf39ee721ce-59f2718f3873.wav,17.7088,2.1536,4.229
lisennet,p323_142_mic2-79351212c632-9413636b14ef.wav,15.5586,7.077,3.372
lisennet,p323_156_mic2-9525e34dbaa9-35952c7e1165.wav,20.4562,9.0644,3.628
lisennet,p323_195_mic2-1b3303d8abdb-840b9ecccf01.wav,14.2792,7.1856,4.098
lisennet,p323_205_mic2-af0b1f3fc9d6-34f5f4e4fda3.wav,17.2219,6.6755,3.29
lisennet,p323_211_mic2-e5c189dfaf2d-55aaa3283e65.wav,17.3668,8.855,4.44
lisennet,p323_218_mic2-43fe9be96066-94f139a503b0.wav,21.458,11.3946,3.077
lisennet,p323_219_mic2-349a7f746e23-ceaf1004e958.wav,19.3698,9.6531,3.204
lisennet,p323_235_mic2-43f9fbe13a23-c4f0e2e42ad5.wav,22.7266,12.2495,3.245
lisennet,p323_236_mic2-9f7aacb84c55-0eee51d1572f.wav,18.2435,9.065,3.802
lisennet,p323_258_mic1-1db3ece2e523-023820073752.wav,13.5277,4.95,4.27
lisennet,p323_298_mic2-e24057bc8bf2-e5fcc23cd07a.wav,15.6901,9.6049,3.077
lisennet,p323_324_mic1-82091ace9787-ee9a025a84e6.wav,17.5482,2.106,3.544
lisennet,p323_337_mic1-a56ce3b897b8-ba6b23aebab9.wav,14.3206,2.1089,4.439
lisennet,p323_343_mic2-cff31e157c57-310f9ad0374a.wav,16.8018,8.3058,3.263
lisennet,p323_345_mic2-9aa86be956ad-1ae3b04ba8c5.wav,19.347,9.4675,3.16
lisennet,p323_360_mic1-475d3dc29a87-83a355cb50d4.wav,19.109,5.3424,3.543
lisennet,p323_390_mic1-912a35531aac-0b5f1e92a9e5.wav,17.1653,2.8026,3.631
lisennet,p323_404_mic2-608d664e4452-d40fa5bd7f28.wav,16.8326,7.008,3.539
lisennet,p323_410_mic1-62115a0c7f60-97fc43c2faf6.wav,17.1832,2.7597,3.374
lisennet,p326_003_mic2-7b4ecc711f07-e0a1f15debf4.wav,20.1769,10.8922,7.0
lisennet,p326_021_mic2-6a262ecda034-d327fdf79dd1.wav,18.9927,13.7035,8.927
lisennet,p326_037_mic2-2bd721ba4b0c-b56512c91804.wav,19.5344,14.852,3.616
lisennet,p326_052_mic2-f66ae22251f8-eab65b2ab05e.wav,17.7458,15.9693,3.31
lisennet,p326_176_mic2-c2cb40bc7598-a2b836a53762.wav,19.2878,16.1006,4.066
lisennet,p326_210_mic2-70494d0f8349-598f029c7335.wav,19.5559,17.7762,4.353
lisennet,p326_286_mic2-74636dcee9a6-f82a4cec9181.wav,20.5485,14.0179,3.263
lisennet,p326_346_mic2-aeb487b06af5-4a145b47d06e.wav,18.5286,17.8764,3.61
lisennet,p326_351_mic2-59259b206e08-b56d671d7b02.wav,19.735,17.3565,3.756
lisennet,p326_353_mic2-71ac62deae8c-280af415c665.wav,18.8344,20.6457,3.577
lisennet,p326_384_mic2-bbe27af3a98c-d0c6dcba6c80.wav,19.5255,16.1122,3.372
lisennet,p329_028_mic2-d94d52736e58-b54b44d169f2.wav,23.2955,8.2339,4.926
lisennet,p329_058_mic2-7d6ece49bd9a-dd8f18034b9c.wav,24.258,12.4253,3.182
lisennet,p329_072_mic2-e811fff32354-e31d78548595.wav,21.4401,9.099,4.065
lisennet,p329_086_mic2-0b667d5769fb-4b5310ee98e0.wav,20.7275,9.0886,3.052
lisennet,p329_102_mic2-767a7e9f9959-dd6b1f7e3070.wav,22.3135,11.9453,3.73
lisennet,p329_111_mic2-62add0a80925-eeeca40d4356.wav,18.6429,12.0182,3.23
lisennet,p329_133_mic2-5954033d80c2-4f5dda3d0c4e.wav,22.8895,10.0284,5.126
lisennet,p329_138_mic2-032999ea4092-e8c61f16a4ee.wav,22.4182,9.667,3.581
lisennet,p329_212_mic2-55c09ce8bcd1-a3faf9732767.wav,24.8186,13.734,3.287
lisennet,p329_226_mic2-8a5323946a02-4c94866b1169.wav,26.4585,13.0623,3.41
lisennet,p329_252_mic2-6e001b6b6424-f445fa680438.wav,26.6914,14.1267,3.055
lisennet,p329_267_mic2-78efa15cbd3c-bb710071a74b.wav,23.698,11.9572,3.194
lisennet,p329_271_mic2-5b673d4fd0d5-e18028c8d3e6.wav,20.5078,11.3977,3.757
lisennet,p329_273_mic2-25c026ee8e33-71df64548e9d.wav,26.8554,15.3309,3.288
lisennet,p329_327_mic2-08aaa6b071af-916f8a431560.wav,22.8716,11.9774,3.519
lisennet,p329_343_mic2-9df8278522d0-60f4002b2c4c.wav,23.9749,11.9264,3.504
lisennet,p329_345_mic2-7947bfa2552b-2e0b05a59a49.wav,23.5858,10.9269,4.377
lisennet,p329_350_mic2-aff23e8be32b-f268c11b5c50.wav,25.4074,10.5842,3.019
lisennet,p329_358_mic2-23b00e567d7a-e39db28c932f.wav,26.0152,10.6829,3.385
lisennet,p329_366_mic2-b735e7ef81a0-5df12f136f37.wav,25.0744,15.1831,3.738
lisennet,p329_374_mic2-0afe58fe47a5-24eaec389d14.wav,25.4874,11.0778,3.087
lisennet,p330_301_mic2-60a4a6109706-38545093caa0.wav,26.0252,14.4033,3.567
lisennet,p330_318_mic2-b544013e734e-2fd182550713.wav,24.4404,15.378,3.934
lisennet,p330_341_mic2-fedfb9dffc19-2599bd003165.wav,26.0808,13.6879,3.803
lisennet,p330_413_mic2-f749dd84cfba-5a2906ea43c3.wav,19.8495,13.3875,3.245
lisennet,p333_012_mic2-755a0e92d6d2-1aee457a000f.wav,24.3286,11.8148,4.418
lisennet,p333_016_mic1-55eb67fbd047-d740bb896341.wav,19.3432,5.7918,5.849
lisennet,p333_017_mic2-033ce0ef1cd6-e53c0c219691.wav,27.134,14.3924,3.419
lisennet,p333_021_mic2-0c82077f6491-f1c321c65383.wav,26.8585,14.9994,8.41
lisennet,p333_109_mic1-31cf2a0696af-5641ffd8e49c.wav,16.3929,2.7211,3.63
lisennet,p333_125_mic2-1b91769ca400-f846d57f4b39.wav,25.2533,13.2142,3.033
lisennet,p333_140_mic2-e9824cc9ed4d-af1e99f5bec8.wav,23.8373,11.9229,3.799
lisennet,p333_173_mic1-eacfc6830946-6f54a1c92f1f.wav,18.5336,2.1232,3.801
lisennet,p333_233_mic2-f9694e1571f1-ce9fe78f85e6.wav,23.8787,12.8364,3.332
lisennet,p333_234_mic2-a3f330d27cb8-f52c18432d60.wav,24.414,15.7665,3.586
lisennet,p333_311_mic2-fa0bb84958f1-cf6a1d464aa3.wav,20.3383,14.6701,3.457
lisennet,p333_316_mic2-0ff9e8e3948f-e87eba764a27.wav,21.0237,11.2888,3.969
lisennet,p333_353_mic2-9ed6ef656237-af016b3da5dd.wav,23.5144,12.6218,3.544
lisennet,p333_370_mic1-670b91bcb4ed-2a2de7a2c0f7.wav,19.5659,2.823,3.544
lisennet,p333_407_mic2-25ebbfc3e8fe-308ae7eb2d0f.wav,18.7425,8.6968,4.054
lisennet,p333_416_mic1-c7057af768a7-4f3a1111d8e5.wav,16.8051,3.9545,3.458
lisennet,p334_054_mic2-9a48743d6ca6-2828cdcbc864.wav,19.3707,8.7187,3.479
lisennet,p334_074_mic2-e7dddb0f29c9-bba663cdeeb7.wav,21.2303,6.0325,3.21
lisennet,p334_098_mic2-b93c320f357a-a1f856b757cc.wav,20.5343,8.9348,3.205
lisennet,p334_162_mic2-02d76155a91b-3da991d27b84.wav,24.5735,10.9422,3.149
lisennet,p334_197_mic2-5f8b18193656-9aed58df10bb.wav,22.9646,9.8759,3.332
lisennet,p334_199_mic2-e19eb7325bde-08391ff5286e.wav,20.9667,10.3367,3.671
lisennet,p334_205_mic2-a6bba63798ba-acac77b98eb3.wav,23.9408,9.3193,3.289
lisennet,p334_228_mic2-7fba63b85179-a1603d781743.wav,22.5253,9.6052,3.248
lisennet,p334_239_mic2-1bedcfd6b267-2dfba8a81502.wav,21.9746,11.1588,3.408
lisennet,p334_240_mic2-d3f2386d6e2e-6dc5c09d4f16.wav,22.3428,6.5671,3.446
lisennet,p334_265_mic2-378e23122452-3aaed124cb28.wav,19.1917,8.5713,3.203
lisennet,p334_324_mic2-ce31cdc20a73-64f95473c443.wav,21.6986,10.1436,3.245
lisennet,p334_407_mic2-c6ed284eb6a3-1f5838aec86b.wav,18.8724,10.9569,3.461
lisennet,p334_411_mic2-c8bbbbe786f9-b5b461ca8305.wav,23.4787,8.3687,3.161
lisennet,p335_036_mic2-3004f8cf6827-8d5b29143bdf.wav,20.3865,10.8731,4.321
lisennet,p335_042_mic2-d9b19698c64c-817d4d2ced59.wav,14.3117,9.9819,4.979
lisennet,p335_084_mic2-48403f189c74-6376b8be84ce.wav,19.8533,11.3555,3.375
lisennet,p335_087_mic2-94b9c37956c4-5bf97c5936f7.wav,14.0449,10.1812,3.686
lisennet,p335_095_mic2-02c0b13f0446-16d694d27a5a.wav,21.0313,10.6362,3.081
lisennet,p335_141_mic2-d475615e4bbd-842eaeff6e06.wav,15.639,8.5825,3.544
lisennet,p335_152_mic2-501d4bc4264e-5959b33aa6c4.wav,23.3532,12.1665,3.29
lisennet,p335_173_mic2-ecb8466327be-4126e3ed6177.wav,16.4584,9.5391,3.341
lisennet,p335_178_mic2-58103afff6f1-668a8139a899.wav,18.2658,11.0265,4.61
lisennet,p335_233_mic2-06627696801f-244c061e790c.wav,21.7642,11.1781,3.004
lisennet,p335_245_mic2-fa330d7edd12-be309a2b6c03.wav,24.7319,12.7761,3.275
lisennet,p335_253_mic2-7059ab3d0baa-e4743be5869f.wav,16.8218,10.4807,3.624
lisennet,p335_259_mic2-13ff6b2e5fcf-f63fa84d194e.wav,19.1217,10.0428,4.713
lisennet,p335_278_mic2-d2db24e043cf-b66ece0ea15c.wav,20.4574,8.1683,3.201
lisennet,p335_309_mic2-db6086708f6f-4b04830d52d4.wav,18.3416,10.0271,4.396
lisennet,p335_323_mic2-6e54641355a8-a0629c7e9c22.wav,16.1881,9.7895,4.484
lisennet,p335_328_mic2-9027b824dd20-758b5c99e428.wav,21.3497,11.6148,4.293
lisennet,p335_341_mic2-6a3113d4665b-f3b88b98df4a.wav,16.4318,7.9323,4.312
lisennet,p335_352_mic2-a17d40eb20be-06289522cc98.wav,20.9844,8.6687,3.287
lisennet,p335_356_mic2-177c6e9b2dc6-bbc56786a2f7.wav,25.9674,12.0657,3.743
lisennet,p335_359_mic2-ec3691e688f0-7ada514e9934.wav,19.7405,10.9041,3.131
lisennet,p335_371_mic2-e3256fa349ab-bb7fd0329226.wav,19.0063,10.9004,4.222
lisennet,p335_373_mic2-cb2fe6f09236-f68176240e78.wav,15.5764,7.7619,3.36
lisennet,p335_378_mic2-4b2622fa3f1b-9c368671f372.wav,19.4347,9.3465,4.035
lisennet,p335_382_mic2-8db02164fd02-0ab125a03b0c.wav,18.8086,7.6962,4.305
lisennet,p335_388_mic2-c409b1f3f552-9063e964e272.wav,18.2154,6.6659,3.758
lisennet,p335_400_mic2-3ae40ce9557e-2ccef9d06748.wav,21.9996,14.1769,3.317
lisennet,p335_401_mic2-8ea006a70b9e-6b4f7a649300.wav,22.2763,9.7035,4.13
lisennet,p335_409_mic2-ed7ca22c4e7d-4f706bb3291d.wav,25.05,12.2069,4.363
lisennet,p335_410_mic2-a77a5456643e-2caba7e15f19.wav,21.2597,12.3352,4.21
lisennet,p335_422_mic2-96aa4d3352fb-32b747bc5d83.wav,18.8742,12.3724,3.087
lisennet,p336_014_mic2-d1010b1693ab-05047d90ef4d.wav,20.3326,8.8411,5.316
lisennet,p336_063_mic2-0aebd707dc36-24ca1e0b615e.wav,19.2383,5.3611,3.247
lisennet,p336_079_mic2-9bf60d773c19-268a1083b8e8.wav,21.447,2.9787,3.889
lisennet,p336_080_mic2-5ddb26251c71-1d685e9eccef.wav,18.0815,3.6064,3.406
lisennet,p336_083_mic2-5e148261b884-0f8d0c5745dd.wav,20.5557,6.3493,3.066
lisennet,p336_138_mic2-ea24fb86f056-147f866c5df3.wav,19.8001,6.0744,3.034
lisennet,p336_142_mic2-c1d885a0626c-ea3c3df3be05.wav,16.0638,5.9855,3.085
lisennet,p336_160_mic2-00d7b3a91dec-76098f741c6b.wav,16.5224,2.4006,3.204
lisennet,p336_204_mic2-b5196ed4fd8e-c041ace36a98.wav,19.4531,3.1618,3.074
lisennet,p336_245_mic2-695564fc5bcd-eaf0eee2f95e.wav,12.7484,3.5413,3.202
lisennet,p336_283_mic2-6b82282b1d26-bc35959ca714.wav,18.7185,5.3937,3.247
lisennet,p336_308_mic2-78823517671a-65288fc52c0b.wav,15.1994,4.4356,3.03
lisennet,p339_005_mic2-1901a9a5c2ff-fd0178726ca7.wav,17.7138,5.8388,6.617
lisennet,p339_012_mic2-0111cc0526fc-f8700cef0e77.wav,21.2853,4.5664,5.281
lisennet,p339_021_mic2-99127ddaacbf-8cc1a84edc40.wav,21.7963,7.1122,9.686
lisennet,p339_179_mic2-9c9d36655420-2f8441a5dd16.wav,19.8924,9.5537,3.317
lisennet,p339_244_mic2-6d2776b35195-98862658a60e.wav,21.523,2.4696,3.653
lisennet,p339_254_mic2-7b387ef467dc-c7a8ef19789e.wav,23.5118,11.4857,3.06
lisennet,p339_292_mic2-48d3e61e7838-92df3858e1d3.wav,13.6269,9.8921,3.288
lisennet,p339_358_mic1-b16ae6f5093d-7a1192ec5e78.wav,15.4469,2.0954,3.577
lisennet,p340_004_mic2-66aa41e04f87-cbfaaeadfe6c.wav,21.8664,9.5761,4.237
lisennet,p340_005_mic2-8e0ce6418fea-dcd409838f1a.wav,20.6854,11.3503,5.265
lisennet,p340_011_mic2-bcb34fbf8d58-21f0563e6950.wav,24.3852,9.8128,6.529
lisennet,p340_016_mic2-64298e865652-e2a81c8ce4de.wav,24.2482,10.6881,5.969
lisennet,p340_078_mic2-d91beea97eff-5a813af9c392.wav,24.546,12.4183,3.162
lisennet,p340_141_mic2-1b26dc375ef8-3af452c9e027.wav,22.3077,10.868,3.372
lisennet,p340_146_mic2-794e88b90e03-942994494539.wav,22.1623,11.0,3.629
lisennet,p340_210_mic2-f64c28650c81-0a78d0272273.wav,24.9197,10.6753,3.33
lisennet,p341_008_mic2-bf14036cdedb-64cccb2ae025.wav,24.0809,10.0214,9.518
lisennet,p341_009_mic2-fb343ba8d4ae-cd9506cedf6a.wav,20.1629,10.4672,6.26
lisennet,p341_071_mic2-9ff5a4ebb3ca-79b6bf49b5f9.wav,25.0639,13.0803,5.307
lisennet,p341_086_mic2-08bafeaf40ca-26b7c64bb059.wav,21.5249,11.2439,3.03
lisennet,p341_093_mic2-02b0ae5b9a02-0d7eccd0a007.wav,22.143,11.0819,3.959
lisennet,p341_111_mic2-84ac973c99f0-6454a8e2ba63.wav,23.4628,9.6555,4.222
lisennet,p341_112_mic2-a6c2ad7e5e1e-8d1aea678950.wav,12.8954,7.6072,3.165
lisennet,p341_119_mic2-f18706338705-9c241b71dbf1.wav,20.9459,9.707,4.362
lisennet,p341_134_mic2-c5d4f03d32ce-aaf53ba634ea.wav,19.1443,8.0896,5.242
lisennet,p341_154_mic2-760b52d971d1-aa214149562b.wav,27.4432,12.0582,3.818
lisennet,p341_170_mic2-57f37af843d3-4c81a5c261b8.wav,23.0169,10.0236,4.721
lisennet,p341_171_mic2-ddc7907618cc-e831e9231a8d.wav,21.5651,11.463,4.362
lisennet,p341_196_mic2-9a79e65e42a0-d93a0ca597f2.wav,17.7015,8.6293,4.857
lisennet,p341_201_mic2-4ad89861c977-4a7d09082057.wav,23.0616,8.9276,4.14
lisennet,p341_233_mic2-d3b04603740b-00a928fc4e2b.wav,26.1234,15.7315,4.689
lisennet,p341_238_mic2-5eed4513c525-812cd213d83a.wav,20.1844,11.5479,3.357
lisennet,p341_252_mic2-10918ba88175-d69c4f2c8a92.wav,23.3093,10.2053,3.47
lisennet,p341_253_mic2-234aaddf4d05-f4a6053ebf05.wav,20.1901,12.6045,3.762
lisennet,p341_304_mic2-4eea83d394df-a81ca41f83a1.wav,15.4808,10.4897,4.343
lisennet,p341_323_mic2-957719b85f7c-7769648fe023.wav,25.4259,12.7579,4.019
lisennet,p341_375_mic2-cdb07eb12837-c1353c98ef38.wav,21.0694,12.217,3.529
lisennet,p341_393_mic2-05bc6242b1c2-b03b582cdbb7.wav,23.7408,13.2021,4.281
lisennet,p343_362_mic2-53432a63d6d9-2711d9827343.wav,24.3458,15.9015,3.843
lisennet,p345_057_mic2-caf70a7faac0-556d679dba68.wav,21.8471,8.0606,3.045
lisennet,p345_132_mic2-80ec518d99b1-e6998053d942.wav,21.9597,5.5364,3.802
lisennet,p345_150_mic2-64ebc96c02de-fb1d0c0d32c5.wav,21.1196,7.829,3.17
lisennet,p345_189_mic2-f5a4ad3f789a-643a3c124e8c.wav,22.6038,7.3885,4.95
lisennet,p345_233_mic2-5476f3b8cd19-fbdf4629753a.wav,22.0603,6.7497,3.373
lisennet,p345_243_mic2-b8c8d955baf7-70aef6667d6e.wav,21.1842,6.94,3.328
lisennet,p345_246_mic2-96603139a436-7f12c9422c68.wav,22.0973,6.1534,6.104
lisennet,p345_260_mic2-e5ed6189ade8-86acc4db06db.wav,23.9821,6.5206,3.914
lisennet,p345_269_mic2-b92be7175f06-ee8bd841cf45.wav,23.5709,6.8009,5.38
lisennet,p345_273_mic2-ed910c84dbda-c5e1ef17f7c7.wav,20.1645,4.8852,3.16
lisennet,p345_293_mic2-f3373379bde6-f5ad951a59f6.wav,21.7841,5.8868,3.204
lisennet,p345_333_mic1-2e83396fe42a-06b2fd1c5700.wav,24.1062,7.1807,3.106
lisennet,p347_020_mic2-95681ceb7189-104d86ef5448.wav,22.8163,11.3076,4.868
lisennet,p347_033_mic2-5d47882a3ac2-391696120b34.wav,20.8594,10.7994,3.849
lisennet,p347_037_mic2-fded760babba-182691145e8f.wav,21.0947,13.0365,3.246
lisennet,p347_072_mic2-5c8f34607a39-15e0c7a19f30.wav,22.135,10.359,3.798
lisennet,p347_140_mic2-1901086ae315-20709e56d1fa.wav,18.025,15.5365,3.46
lisennet,p347_277_mic2-faf0a49ccbf7-06afabc330a9.wav,23.8552,10.7601,3.823
lisennet,p347_283_mic2-65c8c630067e-251f91408638.wav,20.7345,10.186,3.207
lisennet,p347_285_mic2-e45d1d11a527-4b7ad85f3084.wav,20.1248,11.5435,3.713
lisennet,p347_291_mic2-b5f81dd815f5-a1338e9067c9.wav,18.8774,13.5084,4.438
lisennet,p347_293_mic2-1162b2f79b53-52104d4bd5d5.wav,22.028,7.4588,3.456
lisennet,p347_295_mic2-de5beff75db1-265baacda695.wav,19.7526,13.3934,3.074
lisennet,p347_311_mic2-7f91691829d5-b04a61877423.wav,21.1676,10.5673,3.022
lisennet,p347_320_mic2-dac6bf1ebe33-3b445c71f40d.wav,21.5505,8.1794,3.886
lisennet,p347_327_mic2-b34d99bf02c0-52ebfae00914.wav,20.5466,11.4869,3.447
lisennet,p347_376_mic2-6763eea7e73b-2b4872119c91.wav,19.4001,12.0065,4.354
lisennet,p347_395_mic2-fe17f1f2860b-6575a6fc348a.wav,19.9709,12.0243,3.359
lisennet,p347_414_mic2-327c9b8e2523-2a2aa127ba90.wav,18.9698,12.8494,3.415
lisennet,p347_416_mic2-c7eb3d923d4b-01060c03f092.wav,20.7181,9.618,3.63
lisennet,p351_003_mic2-1fcf0f7a70dc-36ea9d379982.wav,23.3538,15.3219,7.241
lisennet,p351_018_mic2-242e96168cd4-adb6d01254b5.wav,25.4333,16.2365,5.644
lisennet,p351_088_mic2-4113897d6c3c-a2a251bad08f.wav,22.0018,16.1485,3.418
lisennet,p351_097_mic2-3bf1ee7a519c-a0e0815d0c1b.wav,26.4445,16.4315,4.047
lisennet,p351_100_mic2-80ec6b83534e-b62c44fd0886.wav,26.9972,16.0854,3.517
lisennet,p351_119_mic2-33b201654d50-15db43c83e84.wav,18.4277,13.3525,3.041
lisennet,p351_127_mic2-e0f2b9feca6a-692d03bc2e6c.wav,23.5997,17.2291,3.168
lisennet,p351_191_mic2-e46f76c6c133-5756cd2a8a6c.wav,22.8258,16.4936,3.639
lisennet,p351_196_mic2-676861a831cb-16b63eb49169.wav,23.4907,17.5645,3.976
lisennet,p351_264_mic2-7e5c0fe9069a-6ddc2da67465.wav,21.144,13.9107,3.622
lisennet,p351_320_mic2-0f2889311954-5b5741578ee1.wav,28.7774,16.5122,3.146
lisennet,p360_024_mic1-3a1944c43011-1a3ebfc2b14f.wav,20.4746,2.426,7.107
lisennet,p360_068_mic2-440e0bc4695d-580602d35c00.wav,25.757,20.5846,3.353
lisennet,p361_060_mic2-b9d89dc4cab1-459447258e0e.wav,29.4275,21.888,3.673
lisennet,p361_076_mic2-a1569163b99c-24e51a2a764a.wav,21.6419,15.4846,4.608
lisennet,p361_135_mic2-3bb53abe05d4-07bd77bd3062.wav,23.897,15.695,3.041
lisennet,p361_232_mic2-8fb7823a8397-be4b43be7bbc.wav,25.0625,17.4056,3.576
lisennet,p361_233_mic2-cc591323c240-8643ec5bd502.wav,24.9464,17.8345,3.052
lisennet,p361_325_mic2-90a79df00ec1-5fbe6d541770.wav,24.9951,16.7767,3.124
lisennet,p361_336_mic2-8d4aaeabc3e0-79ae08f95fc5.wav,28.6966,20.2853,3.042
lisennet,p362_321_mic2-811c6f6d429a-90cf2043deb9.wav,21.1345,7.7967,3.119
lisennet,p363_005_mic2-6632fd3b605d-34b1e609602e.wav,25.3883,17.6213,6.81
lisennet,p363_029_mic2-b9ffd0cd1b08-92f8ca0d3823.wav,21.9191,18.3692,3.182
lisennet,p363_072_mic2-014580fd683e-606a6f895d9f.wav,24.5284,14.378,3.115
lisennet,p363_274_mic2-fabd86cd9960-3562d353d919.wav,22.3918,16.5548,3.418
lisennet,p363_423_mic2-1ad4a6c9705b-0fb3d13e1641.wav,25.4148,15.6036,3.15
lisennet,p364_014_mic2-a7de1bacda06-b21bc4110082.wav,18.113,21.5808,5.194
lisennet,p364_026_mic2-0b2c5f88c130-58f00d4ab0af.wav,22.7764,19.8131,4.004
lisennet,p364_030_mic2-97a840333e84-a16493ba4120.wav,22.1349,18.3027,3.869
lisennet,p364_038_mic2-7a2e89a4c4f9-7b734525cc55.wav,19.427,19.5827,3.439
lisennet,p364_069_mic2-b7c698a0ab3d-0bac4ed1f696.wav,22.1494,17.5899,3.104
lisennet,p364_079_mic2-22a25014c8a6-a3d8abba3140.wav,25.2484,18.3952,3.06
lisennet,p364_206_mic2-a19747169550-3e464aa3c8bc.wav,23.5069,19.8963,3.093
lisennet,p374_023_mic2-c0ea9a20b019-d176a2dc7158.wav,21.4037,6.4099,13.109
lisennet,p374_083_mic2-29b0c6dc5c20-12d17efc72c3.wav,23.3939,7.5824,3.549
lisennet,p374_133_mic2-39afd5a5b171-09aedb08fe23.wav,21.4438,10.2985,3.638
lisennet,p374_208_mic2-232bd75a5154-e2a0a51a7278.wav,22.2824,9.3012,3.286
lisennet,p374_211_mic2-ba872178e4b7-414f25279e25.wav,23.0274,8.1093,3.231
lisennet,p374_310_mic2-bc71787d9a3d-1cab588e5dff.wav,23.5237,11.5747,4.128
lisennet,p374_387_mic2-27c57a943d8d-92b7875b464c.wav,23.0485,8.9171,3.051
lisennet,p376_346_mic2-2fa25d2a9a25-c8ff8161f43f.wav,21.8688,17.3937,3.213
metricgan,p225_008_mic1-59f91c49779a-91837fa46750.wav,15.124,8.5602,7.648
metricgan,p225_046_mic2-da535b0a1810-0c5e94966c09.wav,13.1912,11.8387,3.16
metricgan,p225_264_mic2-66e13cbe7664-603f92effc5c.wav,13.825,11.3726,3.664
metricgan,p227_027_mic1-12a90df9c17b-4595663829b8.wav,13.4908,8.2991,3.033
metricgan,p227_086_mic1-f8cebac24ffb-b153d12f39c0.wav,13.3551,10.0603,3.071
metricgan,p227_236_mic1-54a48991de5d-fecf7711eeec.wav,12.6898,9.7411,3.649
metricgan,p227_357_mic1-53509e8e5c46-e5ea89bc3663.wav,13.5381,7.1647,4.573
metricgan,p228_012_mic2-b9d89ff8c2e3-122d9b92008f.wav,12.9729,9.8056,5.099
metricgan,p228_077_mic2-9e4995b9a63c-084ecf6a0417.wav,12.5084,10.9173,3.45
metricgan,p228_084_mic2-5ffb128688c2-acfd6b5f3163.wav,14.0746,10.5032,4.611
metricgan,p228_115_mic2-75446df0418c-f4558b4ef84d.wav,15.2784,11.8945,3.542
metricgan,p228_177_mic2-730112f85b97-bf911a1752d7.wav,13.3634,12.3761,3.259
metricgan,p228_178_mic2-5c256c52fae5-fc29a34f1764.wav,12.2328,10.1655,3.894
metricgan,p228_212_mic2-df6d3e0199fa-86687bc87d39.wav,12.4297,12.1809,3.133
metricgan,p228_224_mic2-85c2c4f5d874-2610f979d573.wav,12.7159,13.6441,4.771
metricgan,p228_256_mic2-6bdc7136c06f-77a70a91d188.wav,14.2038,11.8088,4.811
metricgan,p228_313_mic2-9f808a4d5adb-ce1322a1229e.wav,12.4604,11.4343,4.439
metricgan,p228_345_mic2-3f047d50bb75-99dbe688b1eb.wav,11.38,8.971,4.515
metricgan,p229_023_mic2-f27ec6b01281-722b381fcd96.wav,12.3855,9.194,10.803
metricgan,p229_079_mic2-34e786947658-8adf8b08763f.wav,13.0656,12.5413,4.173
metricgan,p229_139_mic2-a943166db5c5-ca451b7068d2.wav,11.414,10.9314,3.204
metricgan,p229_149_mic2-5f4be6d5bf30-1064bc84d395.wav,12.491,10.5235,3.954
metricgan,p229_238_mic2-b59a55a36a05-3d510ca879a2.wav,13.0596,9.7158,3.928
metricgan,p229_246_mic2-de9cc77242ad-2c9f8017b2f1.wav,11.4289,10.1748,3.59
metricgan,p229_253_mic2-ee24e2d339fd-c60f57d48cd4.wav,11.7504,10.2467,3.735
metricgan,p229_382_mic2-7ffa4d1a01dc-73786ef65a4d.wav,13.195,9.8506,3.543
metricgan,p230_024_mic1-8509a33a5312-e0940e9d2f8c.wav,17.5638,6.4654,7.793
metricgan,p230_026_mic2-2da9f4cc6682-20980baa910e.wav,16.3091,8.1129,3.136
metricgan,p230_043_mic2-46dabdda7ced-f6ca90b3be22.wav,13.9537,10.9712,3.165
metricgan,p230_050_mic2-1e7f349e5f6b-cf25da91b0cb.wav,15.0681,9.7368,4.106
metricgan,p230_057_mic2-f2bed977efc9-7d6aa439f112.wav,12.8765,9.6286,4.099
metricgan,p230_066_mic1-40123510c8b6-83eb64cd7d07.wav,15.91,7.9004,3.321
metricgan,p230_077_mic2-033165b3ba38-37ff8c8119d3.wav,15.2984,10.0709,3.203
metricgan,p230_125_mic2-60f63636436c-48b15925e06b.wav,15.4269,9.6274,5.124
metricgan,p230_174_mic2-fcec544d0c73-4f30543c208a.wav,14.0389,11.1804,3.358
metricgan,p230_234_mic2-a0990bcde0ac-133cba00c3ed.wav,14.9664,7.6508,3.758
metricgan,p230_243_mic2-836ddfeb0fcb-65c1ad4ef3dd.wav,12.4328,9.6197,3.917
metricgan,p232_017_mic2-314229618b2a-e912e75680f0.wav,9.8424,9.9947,3.265
metricgan,p232_021_mic2-2a3b99252050-1f83e3af0926.wav,10.9686,8.6388,8.892
metricgan,p232_061_mic1-0430dec85adf-6d92b89ae58d.wav,11.7543,7.7703,3.619
metricgan,p232_114_mic2-a789dc404e37-87c92614e934.wav,10.8107,10.4365,3.55
metricgan,p232_362_mic2-85db8ac6e950-9be7f1a12c71.wav,12.0427,10.9473,3.216
metricgan,p233_017_mic2-08028eff2337-7d6e9e917a12.wav,15.1123,9.943,4.798
metricgan,p233_024_mic2-ead3ba148063-3bd5436c1ed9.wav,14.5303,6.2584,6.758
metricgan,p233_047_mic1-6c3e4a1303d4-a461e3af2987.wav,16.4194,9.9004,4.128
metricgan,p233_051_mic1-61314cbff34e-920db54ba4d7.wav,18.3267,7.1768,4.053
metricgan,p233_051_mic2-613670f8945f-855aa64ccb89.wav,16.6122,7.5659,4.053
metricgan,p233_055_mic1-a0646b55cd97-bd75316672e9.wav,17.6198,10.391,3.957
metricgan,p233_067_mic2-a702a11c2c4d-1f943e564967.wav,12.517,8.4278,4.321
metricgan,p233_082_mic1-b6706c029ce4-259448299868.wav,17.9775,7.6178,3.989
metricgan,p233_128_mic2-7a0034176265-487c9c84c418.wav,13.9613,9.2106,4.319
metricgan,p233_151_mic2-aad63c6a7697-cd79e3a41173.wav,14.3529,8.9685,3.946
metricgan,p233_161_mic1-3e6e440c11c8-db35629698f0.wav,18.4066,9.1993,3.97
metricgan,p233_191_mic2-59c09f86212c-58132e1a6627.wav,14.2112,9.5033,3.117
metricgan,p233_225_mic1-c3e92e47d7b8-c4daec662f3a.wav,17.941,9.0069,3.222
metricgan,p233_225_mic2-da41f2085fab-cebac0e57c51.wav,16.5263,8.9216,3.222
metricgan,p234_144_mic2-5cd3e25f2c17-14732f35dc65.wav,15.9772,9.6995,3.29
metricgan,p234_237_mic2-4ef18510a6c5-24fd7b862241.wav,13.997,12.1329,3.348
metricgan,p236_051_mic2-04a3d833aab5-ebd690f20814.wav,16.2196,9.7504,3.072
metricgan,p236_148_mic2-3f718924af88-c20a84b95777.wav,16.7661,12.2113,4.354
metricgan,p236_164_mic2-8d962f40d937-2d94d96754d5.wav,17.0854,10.4079,3.163
metricgan,p236_381_mic2-c9305a9b7077-71a1e4764401.wav,15.0801,9.1708,4.098
metricgan,p236_435_mic2-ab4344fe0b11-c8f5e9593791.wav,15.0488,12.4246,3.595
metricgan,p237_046_mic2-f7c5a1f3c41d-95102695a373.wav,8.0117,12.1767,3.93
metricgan,p237_098_mic2-f30973e82cfc-b4e3da1d44fb.wav,9.3222,11.7749,3.219
metricgan,p237_181_mic2-9c78a873a373-cd1fa3aaced7.wav,10.1854,9.5463,3.913
metricgan,p237_201_mic2-c2f27d9e42d5-a69940ca1d55.wav,8.7924,9.5509,4.428
metricgan,p237_225_mic2-9c8096d8ddbd-d0c3a462fa01.wav,9.3171,10.7085,4.752
metricgan,p237_256_mic2-963e152df7e4-0459ef5a378c.wav,8.874,10.2145,3.316
metricgan,p237_311_mic2-a6c827eb23cd-27a13f3ac007.wav,8.9418,11.1598,4.184
metricgan,p238_003_mic2-16cfda1856c9-e30ff89a971b.wav,13.8851,9.7235,8.322
metricgan,p238_004_mic2-6b3aaa603557-926868cecfc2.wav,13.9238,11.7025,6.421
metricgan,p238_008_mic2-6cd1a38af039-7c1ebffbb8e2.wav,14.8564,8.3244,9.558
metricgan,p238_009_mic2-cde9c39f4f79-88acb222465a.wav,14.3322,9.4531,6.146
metricgan,p238_033_mic2-12dd60139d64-b7583892cff4.wav,13.1671,9.3135,4.439
metricgan,p238_085_mic1-7cb33a36807b-1f0b64d0aa61.wav,13.7174,10.2751,3.152
metricgan,p238_108_mic2-5c7d8b830fd3-e8a1e2dcf7f6.wav,16.0228,10.6621,3.458
metricgan,p238_123_mic2-ab07fca59845-bbc7e4e4db0c.wav,12.0787,10.5523,3.803
metricgan,p238_132_mic2-d2f2050a09c0-8062febf2629.wav,13.4241,11.3636,3.119
metricgan,p238_140_mic2-9250edb3e273-13d75e0099f3.wav,14.9339,10.3688,4.313
metricgan,p238_213_mic2-6e9cb09c0c0b-17f00a25d936.wav,13.6849,9.1359,3.503
metricgan,p238_228_mic2-b7aea1a6b2a1-aae2118da6a7.wav,14.8926,11.4374,5.421
metricgan,p238_248_mic2-9324dd47990d-562c10106712.wav,15.3285,11.0982,3.332
metricgan,p238_256_mic2-4921a54c5753-3f7d2b6e995e.wav,15.3284,11.3328,3.459
metricgan,p238_260_mic2-7b532efcc89b-afd1eaa2c262.wav,15.8342,7.9931,3.97
metricgan,p238_263_mic1-6ca272d2d389-c0fa64164832.wav,15.5683,8.4903,4.141
metricgan,p238_320_mic2-4a2dc9067e49-d019c84af95d.wav,14.5084,9.4607,4.61
metricgan,p238_340_mic2-fa9cd0bf4ac8-0a5805ffd030.wav,13.9979,11.6595,4.015
metricgan,p238_342_mic2-53e7799f48dc-9bea8a3f6149.wav,14.0611,10.6265,4.315
metricgan,p238_343_mic2-dcf49afe2f4e-7760f0e8792e.wav,14.7638,10.2902,5.913
metricgan,p238_370_mic2-2a47ec94d7e7-5ec6dd5a8e9c.wav,16.0397,10.8601,3.8
metricgan,p238_377_mic1-54f7103936b3-89592a1ea4af.wav,16.7307,7.1632,3.418
metricgan,p238_389_mic2-0a3b2fcbdcd4-6fc410d41afc.wav,14.0785,11.7575,3.588
metricgan,p238_394_mic2-4a741420f1b8-2366c730a56a.wav,13.6306,9.9678,3.502
metricgan,p238_395_mic2-2539cbed71b0-447c08069b49.wav,15.5901,12.2167,4.525
metricgan,p238_429_mic2-559088dd88ad-e89f459c0b8b.wav,16.1792,9.9188,3.205
metricgan,p238_442_mic2-b921f6580985-2bacd4bc32a8.wav,13.3969,11.4494,4.27
metricgan,p238_444_mic2-f8e3985d96a0-69d9b064085e.wav,15.3198,10.8007,3.286
metricgan,p238_445_mic2-5df1779db28f-9d88a846a253.wav,14.9103,9.2676,5.464
metricgan,p238_446_mic2-626ff980cd35-a3d111b14f4c.wav,15.3211,11.7784,3.672
metricgan,p239_014_mic2-ef90b5103a42-ae1e4d725dc5.wav,12.1865,9.5575,4.315
metricgan,p239_015_mic2-851acef5adbb-52f1ec0950d7.wav,12.285,10.0269,5.079
metricgan,p239_021_mic2-d26c4d967aef-747aadfa6811.wav,12.826,9.802,7.956
metricgan,p239_047_mic2-a9f434c481e9-66d321c2b152.wav,13.7391,10.6251,3.801
metricgan,p239_161_mic2-6abdb8dd6273-63908936fdbf.wav,13.5841,10.8778,3.542
metricgan,p239_225_mic2-aadb29466322-5cd710abb0ea.wav,13.8669,11.4771,3.374
metricgan,p239_289_mic2-d51fe18dfa27-bbd1410d52db.wav,12.0372,12.9519,3.414
metricgan,p239_301_mic2-2a9b93bc80dd-ab5ff12680f9.wav,13.2885,12.29,3.414
metricgan,p239_322_mic2-b9307bbb353e-f51539f3c1b9.wav,13.6246,10.7406,3.244
metricgan,p239_422_mic2-8797f603d0eb-3a9907dc5081.wav,14.1839,12.997,3.205
metricgan,p239_435_mic2-eec2b8fee5ab-53715bbaf8cd.wav,14.1643,12.8315,3.332
metricgan,p239_454_mic2-c374d3c4f872-df04c928ef7d.wav,11.5948,11.6512,3.585
metricgan,p239_467_mic2-5a72e84e51af-8a0517bd3ab1.wav,14.1307,11.4618,3.841
metricgan,p239_473_mic2-6c4571e79a77-fa1027334dad.wav,13.9233,12.9579,3.39
metricgan,p240_003_mic2-964b5815953a-c2b37450230d.wav,14.0412,8.2091,7.216
metricgan,p240_006_mic2-77a5036b7c07-f8adcc2ca5b6.wav,15.1776,7.7233,5.539
metricgan,p240_044_mic2-df01b2258ca3-c5111e359d17.wav,14.3684,9.0939,3.926
metricgan,p240_123_mic2-c75f640d39f5-b84169f5a446.wav,13.252,9.782,4.497
metricgan,p240_175_mic2-d635382f41f0-056b28079dd8.wav,14.9835,9.9912,4.874
metricgan,p240_179_mic2-0a4222bab7ca-c3f33b5c5568.wav,14.4496,9.3551,4.271
metricgan,p240_262_mic2-eb9c6da9d5cc-35257876963f.wav,13.6784,9.592,3.672
metricgan,p240_307_mic2-b4799e169aff-c4fa73c3b6fd.wav,13.9762,9.8546,3.194
metricgan,p240_358_mic2-1d4840402fb9-03cb78601f18.wav,14.6973,8.4604,4.185
metricgan,p241_002_mic2-1c171aaae17d-ded48ba92fda.wav,10.8708,14.4579,3.752
metricgan,p241_013_mic2-4160874deb9c-dbe3b59c84b9.wav,10.0929,8.8113,4.445
metricgan,p241_021_mic2-6c95c5b0560f-440f88c04dd3.wav,12.062,8.8463,8.754
metricgan,p241_025_mic2-ef1469218407-34ad9239e3fa.wav,10.5251,9.5976,3.287
metricgan,p241_056_mic2-f8ba17bae249-269419f28007.wav,10.47,15.0388,3.396
metricgan,p241_068_mic2-783e2ccd9e64-cee14e267a90.wav,8.9929,10.3345,3.084
metricgan,p241_069_mic2-6867f8212990-1a84aea3db6f.wav,9.2592,10.3311,3.266
metricgan,p241_130_mic2-bb16ffc9e5da-7f6de896f3b7.wav,11.1274,11.2037,3.909
metricgan,p241_138_mic2-290a0f261571-dbade4f15432.wav,11.0398,10.6974,3.589
metricgan,p241_190_mic2-ebff56a0d453-825e6142b8e8.wav,11.0866,12.0271,3.979
metricgan,p241_255_mic2-bfea8743873d-4ff59e36fc85.wav,11.9668,12.4242,3.055
metricgan,p241_276_mic2-1fee016102bb-65d64cb2f094.wav,10.342,11.2638,3.715
metricgan,p241_293_mic2-d807a85cbc30-5ed95df2c89e.wav,10.0528,11.8444,3.975
metricgan,p243_016_mic2-3d2faa6c5253-46ef956fe623.wav,10.6714,11.3708,7.642
metricgan,p243_026_mic1-82606f527123-5e3dec5f9a46.wav,11.1593,11.9845,5.206
metricgan,p243_047_mic2-3ea1dd097a41-f9ac573b2068.wav,11.3001,14.6281,3.628
metricgan,p243_056_mic1-02c5ef02300f-08e7b63216af.wav,12.5195,10.779,3.375
metricgan,p243_064_mic1-0cc4f7ec4c46-6b18bd2519b4.wav,10.5519,9.7237,3.067
metricgan,p243_066_mic1-b81458667130-0d02620bf44d.wav,10.0111,10.9735,3.239
metricgan,p243_067_mic2-9ad9035e683a-10f9c745ae65.wav,11.4039,11.6974,3.508
metricgan,p243_091_mic2-2e7c1c87ed20-1e0a4191438d.wav,11.8293,13.2862,3.799
metricgan,p243_105_mic2-962a4274fc14-eef7f4bf1d94.wav,12.0085,13.1157,3.335
metricgan,p243_122_mic2-6b03431c7b87-5704c8f65f00.wav,9.6248,9.9687,4.397
metricgan,p243_127_mic1-435f357cb804-3ec72a13a7e6.wav,12.4427,12.0467,4.04
metricgan,p243_129_mic2-c39da770ca1c-d3a143bdf8a1.wav,10.5222,11.0164,3.508
metricgan,p243_130_mic2-7128102e0ba8-161d4641e4c3.wav,10.1868,10.1771,3.331
metricgan,p243_140_mic2-49065b5a95cd-e75513633a7c.wav,8.8614,12.0148,3.408
metricgan,p243_153_mic1-a11655ae2fa3-46973c0487ba.wav,11.9058,10.7713,3.21
metricgan,p243_156_mic2-745a7f949838-49fe77ba97dd.wav,11.1373,9.616,4.235
metricgan,p243_157_mic2-b6760900d3bf-944dc2d12c89.wav,9.8488,13.5431,3.354
metricgan,p243_160_mic2-6d6f754bd504-0c19d04387b7.wav,12.026,11.3416,3.678
metricgan,p243_169_mic1-f21285f7bc01-7093442b3071.wav,12.747,11.4358,3.484
metricgan,p243_173_mic1-db74224b5ad7-36e3ffb71b3e.wav,11.1167,9.5636,4.057
metricgan,p243_187_mic2-a4328533f208-da52eb162da0.wav,12.245,13.1929,3.757
metricgan,p243_194_mic2-d9cf4de4afc8-b441cc2811be.wav,12.4557,10.3583,3.894
metricgan,p243_204_mic1-47a2d0481862-bb8d042908ad.wav,12.991,8.1117,3.371
metricgan,p243_213_mic1-690c464f3986-192abda9b768.wav,11.4028,8.5485,5.123
metricgan,p243_214_mic1-1815bea42a61-c38cbf044c43.wav,13.1141,9.7833,4.007
metricgan,p243_251_mic1-65f4318d12ad-e1787e5c29f7.wav,11.8954,9.7538,3.546
metricgan,p243_264_mic2-66077d584c06-1a21a653115f.wav,9.3499,13.2725,3.409
metricgan,p243_269_mic1-a88aa2075453-ed6e3ccc6f8e.wav,12.1243,8.6775,3.224
metricgan,p243_274_mic1-676216355a15-0ef56b047be2.wav,14.132,7.986,5.073
metricgan,p243_276_mic2-de45d41319c4-3455f3f603ef.wav,12.5931,11.8968,4.311
metricgan,p243_278_mic1-79d52fef4fd5-0a4b274e61a1.wav,12.9282,8.8413,3.416
metricgan,p243_280_mic2-6c2426ace46d-78418c70fb74.wav,11.9656,14.1759,3.557
metricgan,p243_298_mic1-9123dfba46a6-b73d3d5bfb8e.wav,11.7607,7.7335,3.412
metricgan,p243_315_mic2-df420298c930-1ce6e5b28ca7.wav,11.2683,11.3589,3.034
metricgan,p243_323_mic2-ddada3618b23-7204e145de15.wav,10.2477,9.1057,3.121
metricgan,p243_326_mic1-0a9227e922c0-fb79d1aefd0c.wav,9.8575,12.9829,3.888
metricgan,p243_341_mic1-4f1fbb153d76-8769a68f8fc5.wav,11.8079,9.6415,3.33
metricgan,p243_342_mic2-d1b25b77e41b-e9b28e49b8bc.wav,10.3081,11.7672,3.499
metricgan,p243_344_mic2-708c4fe61c31-f809f883006a.wav,11.6224,9.9397,4.354
metricgan,p243_348_mic2-59ac7849c722-5cc1564a981c.wav,9.6876,13.3318,3.515
metricgan,p243_356_mic2-29101d10104e-dc93b312036f.wav,11.5814,11.2406,4.028
metricgan,p243_372_mic2-2201577490b2-b6c6d72f1041.wav,11.9148,12.0659,3.252
metricgan,p243_380_mic2-1ed27999d72e-8d4ae64fd437.wav,9.7381,10.3406,4.107
metricgan,p243_387_mic2-2ad1ec9ce460-ed22945a75d9.wav,10.9958,10.5996,3.655
metricgan,p243_388_mic1-852138526c97-35be23bd4844.wav,12.108,7.7086,4.655
metricgan,p243_389_mic2-6cb7bc124b2b-ffbc91cd8d48.wav,10.611,10.3934,4.054
metricgan,p243_390_mic1-babb4da8c361-ce6960d5595c.wav,12.545,9.5619,4.146
metricgan,p244_011_mic2-f464d282b827-6324c88c7f98.wav,14.6832,8.0293,6.377
metricgan,p244_029_mic2-852a7bacc44c-3bc2ba246e7c.wav,15.492,9.1455,3.178
metricgan,p244_071_mic1-21230dd3e35b-8cc229646019.wav,18.332,6.2871,4.372
metricgan,p244_071_mic2-69f37ea696d3-7a2c965df353.wav,16.2277,7.6009,4.372
metricgan,p244_091_mic2-eafa4bd6d6e3-3e311f52a92e.wav,15.1457,8.1872,3.771
metricgan,p244_105_mic2-78a3afdc4e89-2a90722b99e7.wav,13.3335,8.3202,3.107
metricgan,p244_123_mic2-a7500d1e5b4b-639002e54c52.wav,15.4422,7.819,4.448
metricgan,p244_163_mic2-7be4e5d438d5-8257b5078b1d.wav,15.1037,8.4223,3.127
metricgan,p244_167_mic2-b4a62818cdba-815b703d2c12.wav,14.1461,9.4765,3.532
metricgan,p244_232_mic2-6ae25aba8360-e4ef18b012ac.wav,13.8374,9.7555,3.023
metricgan,p244_313_mic2-219d01864199-df191e8849f3.wav,14.2003,7.9233,3.401
metricgan,p244_379_mic2-05e6e6ac6be1-7bb3c024d6e6.wav,12.904,8.671,3.84
metricgan,p244_396_mic2-1aae40216dd2-bcf40fd70358.wav,14.2629,9.2299,3.191
metricgan,p244_410_mic2-7bb75959a914-2259a93190e3.wav,13.2699,8.4616,4.208
metricgan,p246_006_mic2-6e85f57d0ee9-5d350c380278.wav,8.7617,9.6054,6.747
metricgan,p246_024_mic1-ac4b200e6899-c32aff364cf5.wav,12.0727,6.9034,7.546
metricgan,p246_033_mic1-ab632ef79676-8ea76a30beb2.wav,13.1222,7.6422,4.415
metricgan,p246_083_mic1-4becc6c982cf-9ae19c83e154.wav,9.2778,9.1586,3.824
metricgan,p246_126_mic1-fcd492603ef1-31ba85b32028.wav,10.5758,8.4307,3.536
metricgan,p246_224_mic1-768ca80acfab-227b650a0383.wav,12.6412,6.4164,3.636
metricgan,p246_239_mic1-13d1f7d0647d-65f5c4dba2f7.wav,9.8298,9.4696,4.819
metricgan,p246_258_mic1-70e38bedc924-af941749cbdd.wav,10.9435,7.5597,4.365
metricgan,p246_274_mic2-eb54a3506c9d-a616e137ca7d.wav,8.9395,10.7855,5.133
metricgan,p246_276_mic2-e1410226610c-4161b9333092.wav,10.1196,9.8282,4.412
metricgan,p247_024_mic2-cb93e704e871-2260a3478c21.wav,10.4974,11.8505,7.029
metricgan,p247_069_mic1-6feb04caa664-a0b88e36dd5d.wav,12.7379,10.1849,3.18
metricgan,p247_078_mic2-cdf16b0e0379-0e52f37939ee.wav,11.2802,15.963,3.381
metricgan,p247_092_mic1-8859324a0062-26d4f6b91804.wav,11.7331,11.5041,3.422
metricgan,p247_113_mic1-75a94796af7a-de2d500b426f.wav,13.3523,13.4483,4.439
metricgan,p247_116_mic2-00b9f914c069-6970c2d8a4e5.wav,9.9901,14.9309,3.078
metricgan,p247_127_mic2-d664b99f061c-ef63248a95d3.wav,9.1483,14.0691,3.159
metricgan,p247_130_mic2-61f72bc2b52e-b2e3d2fb4f7b.wav,10.4461,16.2379,3.328
metricgan,p247_157_mic1-585a436c7124-e84c0b5f5455.wav,11.8163,12.5093,3.068
metricgan,p247_176_mic2-d7210581e27d-781f8a05713e.wav,11.2311,11.874,4.941
metricgan,p247_185_mic1-a252c97e8230-0d97d87e6b90.wav,11.002,10.4845,3.078
metricgan,p247_199_mic2-c85e9da4834f-9632fbc4eeaa.wav,13.3632,11.6083,3.526
metricgan,p247_206_mic1-6668a0eb51e8-12a1607c5e87.wav,12.538,9.3668,3.004
metricgan,p247_210_mic2-076c9b303f07-28a916cb303d.wav,10.0918,11.7488,3.527
metricgan,p247_236_mic2-d191304aa687-833ed044ad4d.wav,12.9105,13.9041,3.594
metricgan,p247_239_mic2-e0237f6d6789-fab70cb8f5fa.wav,13.0895,15.1111,3.762
metricgan,p247_289_mic2-573ec0599529-270a5e471777.wav,12.2028,11.9704,4.77
metricgan,p247_357_mic2-e8a458a91e71-5c34f4acbcbc.wav,10.5229,11.0927,3.114
metricgan,p247_404_mic2-646a69f12906-648939b48659.wav,12.3299,12.0064,3.203
metricgan,p247_408_mic2-52955c799386-bc30bfd0ae05.wav,11.2704,12.2106,3.563
metricgan,p247_479_mic2-02ca8fb369b5-64e0d8ed8c9a.wav,12.8345,15.0913,3.326
metricgan,p248_007_mic2-55e7bc0b82fc-61a23e6d380b.wav,15.1905,9.7706,5.517
metricgan,p248_008_mic2-c6b3db8cf121-523a10c4f8cb.wav,17.6915,8.4613,9.491
metricgan,p248_013_mic2-ffb8aed19e9a-7cabb3617c4e.wav,15.7375,9.0298,5.443
metricgan,p248_029_mic1-afcd8426ac0b-25c873c0cb7e.wav,16.5897,9.1771,4.822
metricgan,p248_032_mic1-1a8101e654f4-530069153b9b.wav,16.718,10.6295,3.892
metricgan,p248_034_mic2-b62589242897-6375c3d8f9c1.wav,15.4701,12.9369,5.446
metricgan,p248_046_mic2-2a19485dc5a3-9075cd37517c.wav,11.4718,11.2057,3.764
metricgan,p248_066_mic2-52f583ed99f3-602c0124af48.wav,16.9269,12.8677,3.547
metricgan,p248_106_mic1-6eb0022dbc6e-fcf809c21a71.wav,14.4909,10.2997,6.204
metricgan,p248_108_mic1-14f01f09303f-09c1165bdbaf.wav,16.4101,8.9027,3.681
metricgan,p248_109_mic2-e3f7d7772283-2462919f9c0a.wav,16.2202,13.1694,3.675
metricgan,p248_118_mic1-a992692b402b-a7932c1551b3.wav,14.2538,11.8814,3.019
metricgan,p248_133_mic2-b10b3fec4d89-6ba3489a04c3.wav,15.7936,12.9397,3.033
metricgan,p248_149_mic2-13507aa7afc5-1c4a456a87fc.wav,17.3102,13.2284,3.437
metricgan,p248_153_mic2-664a80868d8f-bdbd2bdcffbd.wav,13.9644,12.4039,5.699
metricgan,p248_154_mic1-7a77a481cd71-1c2b3005a93b.wav,17.6207,9.1098,3.764
metricgan,p248_159_mic1-416e5d2d897f-fadd710ef01a.wav,15.5811,9.8881,4.74
metricgan,p248_163_mic2-37cee5447278-f6312393832e.wav,15.3955,10.0588,3.944
metricgan,p248_165_mic1-42bd592ed3a6-6b3e820f7c74.wav,15.2875,9.4615,3.464
metricgan,p248_191_mic1-abcfff94cd98-a99411dfbd5d.wav,18.4712,10.7733,3.659
metricgan,p248_193_mic1-646a8e62e8ab-d15780425e4c.wav,16.9639,11.5368,3.629
metricgan,p248_226_mic2-0a8375bd5771-cbc668c60f0a.wav,16.2282,9.6356,4.608
metricgan,p248_242_mic1-5cb39f643a55-7c476ba0df38.wav,15.8723,9.0388,3.758
metricgan,p248_268_mic1-efd30c47c57d-3c67c107351c.wav,17.6495,9.1502,3.204
metricgan,p248_284_mic1-a0286bd02a2f-e59fa600c235.wav,15.7741,9.431,3.589
metricgan,p248_289_mic2-ee24f8f58894-162960736964.wav,7.5667,12.0275,5.446
metricgan,p248_308_mic2-4fcf35e6b2a5-ee5e97d781b1.wav,15.4611,11.4096,3.021
metricgan,p248_310_mic2-eb1378db9276-39c3c1dd6cc5.wav,16.3766,10.2261,5.25
metricgan,p248_314_mic1-b9fbaa00dff3-bea9f54bf46f.wav,20.8156,11.3972,3.372
metricgan,p248_319_mic2-9a001163e0bd-d5eb7ccaeee3.wav,10.7024,10.562,3.468
metricgan,p248_325_mic1-80f8f407b824-d16cab9082bd.wav,18.3223,8.8356,3.338
metricgan,p248_336_mic1-cfb47a783997-1741fb799e16.wav,16.7269,9.7117,5.738
metricgan,p248_347_mic2-bba2d8c7cddb-d20403dd5fe4.wav,16.1945,9.8105,3.458
metricgan,p248_353_mic1-c0e7dca1ab7d-d60d664aa71d.wav,14.7883,8.0568,4.758
metricgan,p248_362_mic2-5cb727d532c7-83cf2e1c62a3.wav,12.1214,11.6165,3.202
metricgan,p249_018_mic2-c6f4066e375e-5ba9565c74e2.wav,12.4466,8.1981,5.121
metricgan,p249_035_mic2-83e638959925-5afb4fbf3a6f.wav,13.3688,8.0851,4.304
metricgan,p249_205_mic2-52160b761109-5cce4f04d659.wav,12.2185,8.6405,4.602
metricgan,p249_256_mic2-4e892800ed36-7c2e53bca0aa.wav,14.0083,8.347,4.022
metricgan,p249_278_mic2-e64c67785b3e-a6c570263b47.wav,10.202,8.765,4.944
metricgan,p249_287_mic2-f2ce754dc345-a6de49ecec23.wav,11.1673,9.5494,4.423
metricgan,p249_338_mic2-4081725953ea-10682cf62ee2.wav,10.3226,9.2615,4.894
metricgan,p249_341_mic2-64c145892de7-c55259a84124.wav,13.3136,9.6495,3.553
metricgan,p250_019_mic2-f95c1a8b42ed-2b66e82c5043.wav,14.6654,10.118,6.781
metricgan,p250_052_mic2-e2e39db695b9-36bb1c47c85d.wav,12.8095,9.6781,3.287
metricgan,p250_245_mic2-f40c49e78ef1-ac2e247ba410.wav,14.0631,12.3225,3.25
metricgan,p250_260_mic2-4ac388086047-8fa01a7c32d8.wav,16.1841,8.7852,3.563
metricgan,p250_292_mic1-fb27c3574ff5-3924c5dcc445.wav,14.5889,8.1006,3.087
metricgan,p250_305_mic2-affc7368f644-d308de38e5eb.wav,13.1971,11.3354,3.188
metricgan,p250_312_mic2-04bb2f5fc576-8eea76f291b7.wav,16.5512,10.151,3.673
metricgan,p250_334_mic2-db04a307a813-534005de3908.wav,14.6971,12.2157,3.204
metricgan,p250_443_mic1-aa70a09729d6-6ce758ae1acf.wav,19.0559,8.8455,3.286
metricgan,p251_006_mic2-9ebe79d0ddde-b0606c0e278e.wav,9.9873,9.908,5.577
metricgan,p252_002_mic2-bf278953a6c9-03e7487569ee.wav,9.7639,12.6693,4.313
metricgan,p252_004_mic2-806c604a83cf-1b5414f93f1c.wav,10.8028,11.2416,5.59
metricgan,p252_028_mic2-6c1016faf7e6-e4d71a84d3d7.wav,7.8723,12.6398,3.459
metricgan,p252_029_mic2-2c2b9fdb976c-89b767d95bde.wav,9.4825,12.7473,3.386
metricgan,p252_083_mic2-a30acb3b9eba-75e43f14033c.wav,10.1295,12.5803,3.204
metricgan,p252_101_mic2-94541922203d-7274632a5bd3.wav,11.4406,9.7804,5.447
metricgan,p252_125_mic2-e28df9dad3d1-e4f5acd96db5.wav,10.6958,16.6701,3.702
metricgan,p252_176_mic2-e2611f2298b8-cfbbf9521bb2.wav,10.5373,12.4285,4.726
metricgan,p252_218_mic2-d2bebb412901-a80e86449469.wav,10.0666,13.4163,3.522
metricgan,p252_224_mic2-2b4866d825e4-a3729731db48.wav,9.202,11.4363,3.89
metricgan,p252_233_mic2-d8a3ad4c830f-56c81339b705.wav,11.6659,10.1963,3.823
metricgan,p252_281_mic2-8851d0e07ad3-4e9cc920cc03.wav,9.5222,12.5466,3.217
metricgan,p252_297_mic2-98220718ed63-95b6b5bf0be5.wav,10.4682,11.1006,3.99
metricgan,p252_343_mic2-1fd9a2166037-bb37dd93d646.wav,9.0272,17.0874,3.684
metricgan,p252_381_mic2-10795ad8873a-6678f7299782.wav,10.5298,16.4965,3.562
metricgan,p252_384_mic2-dcc80ecd040c-caaea163956c.wav,10.1792,11.7715,3.496
metricgan,p253_002_mic2-406e3d4815fb-686703c90fa9.wav,12.5162,9.7387,3.926
metricgan,p253_020_mic2-f2a35070051d-000fbc7a88ec.wav,12.1636,11.3984,4.114
metricgan,p253_024_mic1-64d303d445de-9e03ffd95482.wav,16.8861,8.1137,6.829
metricgan,p253_085_mic2-11ec45192c6b-12e72f0039b1.wav,14.6891,10.9454,3.195
metricgan,p253_101_mic1-2637a392731f-41cdb8a92d10.wav,18.4998,8.2317,3.416
metricgan,p253_180_mic2-a486fd44ebb5-aa2bdd701ac5.wav,14.2753,10.9088,4.077
metricgan,p253_197_mic2-9c681c304a2f-95ff793d1fb4.wav,16.4672,10.062,4.675
metricgan,p253_225_mic2-2590a19c47fa-2fc71a00f889.wav,14.959,9.9904,3.89
metricgan,p253_265_mic2-52db3cc103dd-9c8692052016.wav,15.3905,12.7312,3.276
metricgan,p253_276_mic2-9a6f67efdd05-5e1b22d1c29d.wav,14.9794,9.8353,3.845
metricgan,p253_316_mic2-8cb9e9e8ff38-1a1079f7cdf9.wav,14.3303,10.053,3.667
metricgan,p253_328_mic2-3bc8cbd92a9d-10f4905f7ff9.wav,13.7655,13.0272,3.229
metricgan,p253_337_mic2-8d0dfb8acf31-467e5a0ffa72.wav,13.319,13.5766,5.469
metricgan,p254_007_mic2-fdd748570063-ac6fa29e710c.wav,8.7272,9.4293,4.578
metricgan,p254_009_mic2-2d1eb5d8385b-12779c349133.wav,8.8082,10.9184,4.649
metricgan,p254_151_mic2-6cb32da0ee32-c3e354661770.wav,11.591,10.8003,4.538
metricgan,p255_007_mic2-758c6e76ba1a-b7180bb730b5.wav,11.0666,8.669,4.272
metricgan,p255_012_mic2-69168c1b32c2-f8ebd5d3e174.wav,11.3407,9.6748,4.739
metricgan,p255_021_mic2-5ef10c85dccb-b5ad0048d22e.wav,11.4327,8.5674,9.155
metricgan,p255_024_mic2-eb9d9038c5d2-74a69f51823f.wav,10.5903,9.4162,6.964
metricgan,p255_083_mic2-4f629f5cb75e-a936e0456fb8.wav,10.3906,10.1397,4.269
metricgan,p255_120_mic2-5c2aa843bc86-5e7c158737e5.wav,9.4743,10.0563,4.679
metricgan,p255_135_mic2-a5bd75b73827-9e29fa28aa0d.wav,9.3925,10.6638,3.032
metricgan,p255_151_mic2-aadf740246f0-ab9618f4755a.wav,10.6279,9.9834,5.185
metricgan,p255_157_mic2-2e8aef4c26e6-11606570bbe9.wav,11.2577,9.6276,3.738
metricgan,p255_163_mic2-91a09fe09332-e71ed3f948a7.wav,10.6219,9.8142,3.46
metricgan,p255_194_mic2-e91efe893e36-545ed8829676.wav,9.9185,9.2386,4.269
metricgan,p255_198_mic2-4887b3d2114f-15fcbbae8909.wav,11.1149,9.1768,3.691
metricgan,p255_206_mic2-c1b7782ce7aa-6de9e5da4aa3.wav,11.9534,9.389,4.461
metricgan,p255_238_mic2-0349b09a0b63-886aa7413709.wav,9.4179,14.2045,3.39
metricgan,p255_249_mic1-a2dc60f039cd-6ed3cd273cf4.wav,15.3728,6.6472,3.758
metricgan,p255_261_mic2-5d56ce3fb5f4-af9918732e23.wav,11.0033,10.8557,4.526
metricgan,p255_269_mic2-674e88e569ec-4a274d8f33a0.wav,10.2775,11.1492,4.82
metricgan,p255_302_mic2-c2894a59aa3f-59263216cd13.wav,10.3211,10.0345,4.098
metricgan,p255_307_mic2-bc7baeb280f1-150b3c12a395.wav,12.0683,9.014,4.964
metricgan,p255_329_mic2-517118382cb2-92935247a5c8.wav,11.3345,9.0334,5.459
metricgan,p255_336_mic2-68fa29a25b39-e38f71d7ff73.wav,10.9694,11.0782,3.659
metricgan,p255_346_mic2-bd34e9c84b46-e06983dd967f.wav,12.2313,9.148,3.631
metricgan,p255_369_mic2-f10d324f0af3-d80330b11dc5.wav,10.8682,9.2545,3.394
metricgan,p255_370_mic2-5edc54f25d1c-2aeb05ed3932.wav,10.6271,11.4555,3.857
metricgan,p256_077_mic2-f1dd62386a1a-ff1f0457fd06.wav,9.9171,12.3636,3.675
metricgan,p256_127_mic2-3dd943c1cf49-b42bc5b2ff5f.wav,11.6548,12.9808,4.483
metricgan,p256_193_mic2-41d8d1e98e4d-c2ff612b8568.wav,10.4418,12.8618,3.063
metricgan,p256_201_mic2-ead0caa6f7f0-b3b17020631b.wav,10.515,11.9271,4.602
metricgan,p256_215_mic2-1c374a457fab-1d61f6f79762.wav,11.1728,10.4131,5.344
metricgan,p256_216_mic1-9da27261ebdc-ceb5d8f2d8c8.wav,10.7401,11.2383,5.027
metricgan,p256_259_mic1-f8dffa84f484-f381bdf08f7c.wav,10.8701,8.9599,4.889
metricgan,p256_274_mic2-67f14c810c0a-30d5430a6c8c.wav,9.768,12.3811,4.53
metricgan,p256_283_mic2-8024e4469ccb-ba31c8db5989.wav,9.2517,15.9072,3.437
metricgan,p256_290_mic2-f78eae113208-905c77e29c30.wav,9.1069,12.1602,4.063
metricgan,p257_004_mic2-92656244bb30-cef430ab9c61.wav,12.1792,10.2077,3.631
metricgan,p257_127_mic2-f1483fd909f3-cc28134c0849.wav,13.5298,9.7392,3.421
metricgan,p257_206_mic2-785b6dfa870d-3cc8789d520a.wav,16.1138,8.5357,3.116
metricgan,p257_237_mic2-2e9412446ce7-3ceaf7b3ac0b.wav,15.8861,9.0974,3.546
metricgan,p257_366_mic2-5a891dc4a279-6fb1843bb8f7.wav,14.7836,9.075,3.585
metricgan,p257_389_mic2-75360da1a35e-0e2294ce4ce7.wav,15.458,8.9487,3.67
metricgan,p258_090_mic2-a837c9b84e46-9c64f854fb01.wav,10.5488,10.6569,3.535
metricgan,p258_124_mic1-753e6bb12efa-54b2af41c8c3.wav,12.8621,8.0676,3.032
metricgan,p258_183_mic1-42616d5e735a-7bd924116a01.wav,10.1303,10.1582,3.848
metricgan,p258_183_mic2-ef778536f11c-d24f7177cf0d.wav,9.8452,10.0546,3.848
metricgan,p258_216_mic1-93a926cd251c-14abfe7b2361.wav,13.4628,8.2266,3.183
metricgan,p258_222_mic1-dec5703f1f8b-d38a220fc793.wav,11.8373,8.3254,3.806
metricgan,p258_227_mic2-dfe760137efb-5fb440f52e56.wav,11.7987,10.3102,3.935
metricgan,p258_272_mic2-cb087d195c6d-d730f1121b37.wav,12.3183,9.2059,3.92
metricgan,p258_289_mic1-6ac89db1abc6-29ba1815bb4a.wav,14.0412,7.9859,3.021
metricgan,p258_305_mic1-c1f8a666c08c-84a3c09f0759.wav,11.5804,11.1961,3.781
metricgan,p258_316_mic1-04841d0b077b-cff65a9e0e3b.wav,9.4707,10.734,3.292
metricgan,p258_329_mic1-1b6aef89ecda-63d1a0f96108.wav,11.3156,8.97,3.867
metricgan,p258_378_mic1-8a04326b9019-d180fa0135a1.wav,12.2874,11.351,3.571
metricgan,p258_392_mic1-a8dd3a0063d4-9d4186bc6e20.wav,12.1782,9.6375,3.012
metricgan,p259_019_mic1-bbf2398283aa-a2ac01cc1d23.wav,10.1916,10.5245,7.425
metricgan,p259_039_mic1-226f7790572c-e308f012f1fb.wav,9.588,10.4503,3.546
metricgan,p259_056_mic2-8ea14a0dbaec-0b5f67e545a5.wav,12.7013,8.6813,3.297
metricgan,p259_059_mic1-de954a3e7ffc-78629aa245f7.wav,13.7717,8.5374,3.085
metricgan,p259_078_mic1-988dd6ea7b02-3029706c1871.wav,9.3385,10.7119,3.027
metricgan,p259_091_mic1-38b18be43b58-320b7219b218.wav,13.7708,7.6197,3.197
metricgan,p259_104_mic1-73ae6fb16a05-17be795f68db.wav,14.057,7.5291,3.428
metricgan,p259_106_mic2-c85844cfefad-bb4ae2ba5a35.wav,10.0407,10.4938,3.526
metricgan,p259_110_mic1-c7cbf15aaf29-fd1a5c2ce581.wav,11.5507,7.7181,3.467
metricgan,p259_118_mic1-5b5680d368bc-d077a90bbd3e.wav,10.6778,9.119,4.436
metricgan,p259_130_mic2-df486ce6265d-556aad41e044.wav,9.2916,10.5639,4.47
metricgan,p259_132_mic2-8bd456a619de-24ade7bbf6bc.wav,8.2668,11.8045,3.335
metricgan,p259_136_mic1-baaf081915f8-cdca9cb93939.wav,13.6103,7.3008,3.661
metricgan,p259_153_mic2-a541c066c806-98f6bd529e8b.wav,10.7548,11.866,3.432
metricgan,p259_215_mic1-7dedd171b10c-522ab78f6a22.wav,10.8522,8.7097,3.363
metricgan,p259_252_mic2-91775593bdfc-0ebaa34edb73.wav,13.5564,8.6311,3.23
metricgan,p259_262_mic1-2649462a9062-7dc5da6ba235.wav,12.1884,8.4098,3.836
metricgan,p259_390_mic2-c32b5ec81acf-3a3406f53b22.wav,10.6223,12.4399,4.345
metricgan,p259_399_mic2-7f252123ba61-0f59af14c7ed.wav,10.9541,9.2377,3.075
metricgan,p259_409_mic1-89daa7cccb00-c27f892da776.wav,15.6834,7.0259,3.277
metricgan,p259_409_mic2-c847ce0b1117-0770ff1a43b7.wav,12.8547,8.2582,3.277
metricgan,p259_440_mic2-8fcec93e2530-3bb24c20a9ae.wav,11.2764,8.986,4.757
metricgan,p259_481_mic2-82a9a68d6ecb-1b2eb6a5e9d8.wav,10.0439,11.0738,3.363
metricgan,p260_008_mic1-60cc9678d603-808583beeb96.wav,12.1044,8.7728,5.955
metricgan,p260_013_mic1-87bd4741d27c-daaa31152e9b.wav,12.0034,11.8614,4.099
metricgan,p260_014_mic1-edbf40780a59-78963590e796.wav,9.8874,10.3,4.923
metricgan,p260_018_mic1-7f938a0c1810-160fce3dd8d7.wav,12.0678,9.3563,5.524
metricgan,p260_020_mic1-2d781070008e-29a23a87e225.wav,10.3088,9.999,4.192
metricgan,p260_034_mic1-2a4393e51def-51db531b3482.wav,10.4292,11.9735,4.378
metricgan,p260_040_mic1-961ca8b4d9b1-20f0e07e786c.wav,11.8517,8.136,3.885
metricgan,p260_044_mic1-c6a2369a8fc6-9390aec1e322.wav,11.5107,8.2266,3.856
metricgan,p260_059_mic2-a5119c69d5d2-40d7d78787f0.wav,11.93,11.5636,3.364
metricgan,p260_060_mic2-e5be4a341b63-24f63ceefe64.wav,11.5612,11.2893,3.944
metricgan,p260_086_mic1-416d0fe55746-28a7a813bde1.wav,11.8935,9.8914,4.056
metricgan,p260_120_mic2-eacbf09158bf-7f4721b719c5.wav,12.0253,12.0491,3.737
metricgan,p260_146_mic2-98d2e16b4da3-171bc0afb4b3.wav,11.1996,11.2049,3.721
metricgan,p260_179_mic1-10716cff245a-74fc473039cd.wav,12.8113,11.7154,3.17
metricgan,p260_214_mic1-4f1596439ad6-5f8d630ee9ce.wav,15.898,6.2786,3.602
metricgan,p260_215_mic2-f4946f70784a-b5beec306f54.wav,10.7404,15.2408,3.908
metricgan,p260_216_mic1-433323f9f57a-cf41ce014c35.wav,13.0485,8.1576,3.855
metricgan,p260_236_mic1-ece76588d7db-e9e949eb80ad.wav,12.3272,8.431,3.329
metricgan,p260_276_mic1-dc4ff6b4c3dd-18cba979bd04.wav,12.5164,9.258,3.186
metricgan,p260_278_mic2-7413f9d67bb5-3c05734db78c.wav,9.9477,12.5355,3.445
metricgan,p260_322_mic2-bb3da81575ae-ce963a1b45dd.wav,9.8716,10.4177,3.068
metricgan,p260_335_mic1-2b8f5196330d-cc7dcb9fc3ad.wav,13.2658,8.6832,5.097
metricgan,p260_342_mic2-ef578b308c80-c48078a8987c.wav,11.0596,10.0297,3.164
metricgan,p261_004_mic2-f4d988361696-12e5797480e1.wav,17.0229,9.9201,4.441
metricgan,p261_023_mic2-2347633fcbc7-e974f877512e.wav,16.447,7.774,9.818
metricgan,p261_024_mic1-24707669a440-f54e02ccf4d2.wav,15.2334,6.8376,6.061
metricgan,p261_070_mic2-626f8a7abe1b-9a0d39bef820.wav,14.3247,9.4002,3.712
metricgan,p261_178_mic1-1e7d5059a6a3-b2d82cef9254.wav,18.7039,8.0912,4.137
metricgan,p261_233_mic2-4f2622ebaf63-0a565704e7ed.wav,15.6683,10.278,3.117
metricgan,p261_262_mic2-ffcddfe0f726-3b825ddbee84.wav,15.8604,9.2478,3.247
metricgan,p261_279_mic2-c93020398b73-5e834acc77af.wav,17.2565,9.3264,3.501
metricgan,p261_284_mic1-ed0f7e0e3f28-af0b124f0961.wav,18.9479,8.5515,3.887
metricgan,p261_290_mic2-73013ee31ac4-c3bab5161511.wav,15.8654,10.0317,3.63
metricgan,p261_333_mic2-65db654fd94d-c4830c365a38.wav,15.7777,8.4637,4.354
metricgan,p262_019_mic2-a838b87467cb-fd51489159e8.wav,12.1561,10.3147,8.147
metricgan,p262_023_mic2-64b58aaa1203-70caa22ee8fd.wav,12.8285,8.5091,11.192
metricgan,p262_030_mic2-75f0cec40a83-df2fe9f91796.wav,12.6914,8.8971,5.181
metricgan,p262_050_mic2-9cab19fa4fc0-ccba801bc07c.wav,12.4579,9.8169,3.034
metricgan,p262_091_mic2-4e51235bf572-fab98a013575.wav,13.8389,10.775,3.515
metricgan,p262_162_mic2-39d03e9321db-94b587d706d7.wav,12.6562,10.3986,4.77
metricgan,p262_164_mic2-a8b7b2d1f671-3480329000dc.wav,10.9835,9.6677,3.374
metricgan,p262_167_mic2-de04a527f51c-5755a62733b3.wav,11.6416,9.8352,4.278
metricgan,p262_183_mic2-d2ac5b80c868-34965eda2271.wav,12.0201,15.3979,3.428
metricgan,p262_301_mic2-138d1e1b777c-21436ca1715b.wav,11.9738,12.5632,4.544
metricgan,p262_305_mic2-779092d74f23-c1593875e6c9.wav,12.761,10.201,3.589
metricgan,p262_344_mic2-1312ec37abb2-bfc6683080a0.wav,10.13,11.4524,3.514
metricgan,p262_358_mic2-20d8a8856c0c-41c8c7cae8bc.wav,11.9176,10.7838,3.246
metricgan,p262_363_mic2-1b2e20afc93a-87b13582340a.wav,14.3119,11.1106,3.928
metricgan,p262_380_mic2-6cfb25566a4c-98fc9998112c.wav,10.4127,12.5676,3.118
metricgan,p262_391_mic2-9a7c43bfff99-6305d40822f7.wav,13.2452,11.9597,4.487
metricgan,p263_007_mic2-5c2728f0c603-9d29e2051c93.wav,9.9712,9.4916,4.438
metricgan,p263_049_mic2-2459ab2a7b64-35eb95133336.wav,12.0105,9.1146,3.544
metricgan,p263_054_mic2-522a0f771283-c1869c96a1bf.wav,12.1691,11.7947,4.009
metricgan,p263_107_mic2-327838680024-f74489381182.wav,10.8544,9.2098,3.115
metricgan,p263_119_mic2-21ee197953f3-a2a298f3c022.wav,11.7028,8.4667,4.057
metricgan,p263_168_mic1-83d3853d1eb6-41c7eed4f3c1.wav,14.652,6.016,3.798
metricgan,p263_168_mic2-208775fff6b0-3952d3cd9289.wav,10.6711,8.5171,3.798
metricgan,p263_217_mic1-59bd88337860-79274f2aff8a.wav,14.0167,9.0278,3.544
metricgan,p263_219_mic2-fe35347cadff-1834d07bf633.wav,12.0609,9.0192,3.46
metricgan,p263_241_mic2-0dc105f756b3-32f6e6db6819.wav,10.1444,9.0457,4.268
metricgan,p263_262_mic2-af72e6612421-2650a1080a6f.wav,11.1749,9.1382,4.573
metricgan,p263_313_mic2-6928e2b8d5e7-de7cffbe26b1.wav,11.5841,9.4727,3.03
metricgan,p263_316_mic2-f12fba428b1d-e2f4805e458b.wav,11.1747,9.7594,3.713
metricgan,p263_375_mic2-ebee9fdc92a5-06cbc63306b6.wav,11.1231,8.9593,3.371
metricgan,p263_381_mic1-da5a1d5b49cf-3b70d254ee09.wav,13.7167,7.6741,4.994
metricgan,p263_381_mic2-f3e5dbab7e33-9f472741b809.wav,11.309,8.793,4.994
metricgan,p263_405_mic2-679644a85639-db50aa309b30.wav,10.5249,9.4374,4.132
metricgan,p264_059_mic2-97a10a7e3cf0-2fd0df046866.wav,13.7624,16.1276,3.121
metricgan,p264_130_mic2-b918b95489e6-b5b752b08a73.wav,14.0823,15.9772,3.673
metricgan,p264_143_mic2-8243008e8984-d4bab008bfd2.wav,12.7077,12.8415,3.588
metricgan,p264_146_mic2-655c1684047d-bb5f687c7cd3.wav,12.5052,12.9587,3.158
metricgan,p264_174_mic2-b279384eaa46-7e65b1c01db7.wav,14.5963,15.6622,3.288
metricgan,p264_247_mic2-75ffd66acfcb-36ce3a4ffd3c.wav,13.4884,12.1648,5.467
metricgan,p264_252_mic2-44cd7ead917c-d665ced7b170.wav,14.9243,14.6467,3.117
metricgan,p264_256_mic2-f8feb259b543-fe976feef680.wav,15.1574,12.8524,3.162
metricgan,p264_405_mic2-0728ad206a53-41378f8b1b1b.wav,14.1468,13.0288,5.841
metricgan,p264_440_mic2-4c000c184fa2-544813928ed5.wav,14.5163,15.2738,3.502
metricgan,p264_441_mic2-5e862d275a5a-cfafae93ead9.wav,14.1532,15.0898,5.509
metricgan,p264_473_mic2-2e81c22544a7-03c8426eb97f.wav,14.6529,12.3148,3.674
metricgan,p264_478_mic2-3ad076606d5a-4aba06e60237.wav,12.8805,11.5057,4.399
metricgan,p265_015_mic2-1b598c44fc4c-a2d26c1905b4.wav,14.965,8.7324,8.274
metricgan,p265_036_mic2-32cb14b88b65-bfa7c8557c67.wav,15.3168,9.5045,5.253
metricgan,p265_072_mic2-5d255ba69a9e-a351dd75c2ac.wav,16.4914,10.439,4.1
metricgan,p265_075_mic2-382e14566b44-018fcfdcaa20.wav,15.5122,11.6557,3.668
metricgan,p265_173_mic2-eca9b8e639fd-e616fcdece66.wav,13.4472,11.1399,5.419
metricgan,p265_180_mic2-2fc8063a5c77-23a0f10331f2.wav,15.2799,9.4375,5.158
metricgan,p265_236_mic2-e118ea1ca6b8-0db2ffa04935.wav,13.9558,9.3918,4.152
metricgan,p265_264_mic2-294062d4a63b-cd6a114b1f46.wav,13.1023,10.3679,5.992
metricgan,p265_273_mic2-64a0d2b3c163-9d73f66e5de1.wav,14.9126,9.508,4.86
metricgan,p265_280_mic2-0114615e2bd4-8f0cfd886ce9.wav,15.3653,9.5966,5.426
metricgan,p265_314_mic2-f3012c196449-8162031d0ad2.wav,15.0056,9.9342,5.437
metricgan,p265_345_mic2-a8631eda3284-5aeb6487b928.wav,14.0197,10.3293,4.853
metricgan,p266_057_mic2-66bb7294bc3c-85c6ed383298.wav,13.3685,9.7326,4.2
metricgan,p266_269_mic2-e4b73efbb007-346ffc0867c2.wav,13.0158,10.0477,4.524
metricgan,p267_083_mic2-84e8a30d24c3-91edfd3be058.wav,15.2206,9.953,3.094
metricgan,p267_358_mic2-808e5b33e72d-4e2951229959.wav,13.3762,9.3298,3.927
metricgan,p268_010_mic2-ead0e09f4b36-28fbd3476d34.wav,14.5967,12.6577,3.876
metricgan,p268_016_mic2-ce95ab0fd3a0-c557066651f0.wav,14.5674,9.7193,7.543
metricgan,p268_026_mic2-5cb38eb9ba30-65cbbc168e3d.wav,15.8537,14.5618,3.354
metricgan,p268_060_mic1-995ae315d3df-c15d3cc60751.wav,15.9122,13.1626,3.78
metricgan,p268_066_mic2-d8a0ca2584de-1a99902ff3e2.wav,14.3829,13.2056,3.723
metricgan,p268_079_mic1-41649c8931b8-d2b4de63a327.wav,14.8994,12.1642,3.997
metricgan,p268_088_mic1-f0eb2fc11fe5-cb12226c43ba.wav,15.8227,12.6919,4.23
metricgan,p268_111_mic1-c86d4ec872b3-787d506b7102.wav,14.3952,12.9562,3.012
metricgan,p268_116_mic1-6ffa983baa32-d3c4b7cf2a81.wav,15.769,10.8368,3.931
metricgan,p268_129_mic2-6aa289556ff9-ce0d17ae8732.wav,14.7529,12.8202,3.087
metricgan,p268_142_mic2-5f3b7882c632-aa642edac9e5.wav,15.2196,11.9936,5.142
metricgan,p268_166_mic2-0085caa2efc9-01141383e132.wav,13.1398,12.9121,3.079
metricgan,p268_195_mic1-a213ac683b2b-191b947b6553.wav,16.4533,10.7002,3.473
metricgan,p268_212_mic2-f52e1e42baf8-742c8c9a1d3f.wav,13.9592,13.6426,3.905
metricgan,p268_215_mic1-2d227dbbf633-5b68c859719d.wav,15.3874,12.1288,3.173
metricgan,p268_217_mic1-70f6951bee40-9aac4b77e477.wav,18.97,9.7023,4.485
metricgan,p268_230_mic2-6dbf1cdfeb46-e19e0db20c0e.wav,14.4468,11.8001,4.151
metricgan,p268_245_mic2-d00bfbd3b206-91384590c2fe.wav,14.4812,11.8741,3.003
metricgan,p268_263_mic1-b0e85c47636d-ac28a6a975bf.wav,16.6875,10.1781,3.826
metricgan,p268_263_mic2-6111fe44c94f-e464133b6dc7.wav,14.6082,12.8886,3.826
metricgan,p268_277_mic2-a0b39babc5d7-c9053fab42a7.wav,16.7664,13.1544,3.527
metricgan,p268_294_mic1-17e571697560-56506aee3362.wav,16.8315,10.6429,5.965
metricgan,p268_305_mic2-ae9711bd7d27-d5d01ec4f2d3.wav,15.1368,9.1903,5.761
metricgan,p268_308_mic1-ef2924c7388e-e74c2264b69b.wav,15.2587,10.2095,3.139
metricgan,p268_322_mic2-4e0caf971744-446d84006424.wav,15.9577,15.4373,4.123
metricgan,p268_323_mic1-6c224a6334fa-c9198da7e71d.wav,15.946,13.0956,4.19
metricgan,p268_328_mic2-7cf566cf915f-4b2058949b74.wav,12.5385,11.3539,5.273
metricgan,p268_360_mic1-d5e2e98e503e-a89f29fd3d5e.wav,17.8716,12.0076,3.174
metricgan,p268_364_mic1-df8ed22ee8a2-0af9c9d2162b.wav,15.2225,12.1988,4.039
metricgan,p268_370_mic1-c4858a0d19f5-086ad19e67aa.wav,15.6824,11.1118,3.052
metricgan,p268_374_mic2-5c0338f86471-c75bd446d62f.wav,13.2148,12.149,3.177
metricgan,p268_383_mic1-67e4393fda00-3e8277f462a6.wav,16.0002,9.9031,3.161
metricgan,p268_402_mic2-ec43a0a8121a-3b2fa64b1203.wav,14.7093,11.1729,4.279
metricgan,p268_406_mic1-46fa73b4aada-719659c096f8.wav,15.8107,10.493,3.333
metricgan,p268_407_mic1-f01d584c3e13-b10b0478d655.wav,16.7984,10.1362,3.977
metricgan,p268_409_mic2-916cc9d1b71f-49fcf2ddd079.wav,13.38,14.4667,3.931
metricgan,p269_005_mic2-66c8dd7e5e23-02f5c9e5d73b.wav,13.9135,9.1296,5.6
metricgan,p269_009_mic2-76540ef20d41-18c7f4dbc364.wav,13.6403,9.2192,4.704
metricgan,p269_018_mic2-f4fa86b6d3cd-2882da26877c.wav,13.7214,9.7907,5.268
metricgan,p269_028_mic2-460886347ad3-6f7eaf1482b5.wav,12.8375,9.1959,3.14
metricgan,p269_034_mic2-7b68796f8f15-be8942dbfd14.wav,10.5807,8.9184,4.402
metricgan,p269_096_mic2-20ddb4109554-5132e890f666.wav,12.4825,10.0036,3.296
metricgan,p269_114_mic2-99aec057cadb-55fe740212aa.wav,13.5252,8.938,3.809
metricgan,p269_121_mic2-4078675f936d-fd2466f7aab4.wav,12.8202,9.5863,4.391
metricgan,p269_129_mic2-45603bca0053-dcf04b26f349.wav,11.8864,10.4587,3.329
metricgan,p269_135_mic2-ca6826babffe-577d67d22483.wav,13.7448,11.7075,4.174
metricgan,p269_136_mic2-b80d9da6bc25-1f6cf17ba7ef.wav,12.5771,12.7604,3.587
metricgan,p269_140_mic2-37746fa244cc-16745770f954.wav,11.7944,10.2976,4.369
metricgan,p269_169_mic2-eb69f3cfd02c-cebda15963c3.wav,13.2329,9.9999,4.081
metricgan,p269_207_mic2-48a0ca6d44c9-7069742de608.wav,13.1528,9.7883,3.423
metricgan,p269_218_mic2-21c2e4141c65-1153c1e3b261.wav,13.0642,12.131,3.354
metricgan,p269_228_mic2-beee6e3d03c4-aa2a83fb5d74.wav,13.1305,10.6206,4.489
metricgan,p269_254_mic2-d826872b4760-b48c270b1a50.wav,11.9613,11.2968,3.087
metricgan,p269_272_mic2-7bc04227c523-ef822137fe68.wav,14.3503,10.1129,3.248
metricgan,p269_281_mic2-62b48a8abd2e-b773e8fd934c.wav,11.9267,8.7359,3.739
metricgan,p269_283_mic2-d729d4e1f6e3-844f1342791d.wav,13.3729,8.7281,3.202
metricgan,p269_299_mic2-bd15a139fe9f-0a3c4acc307e.wav,13.9891,9.5345,3.075
metricgan,p269_301_mic2-0042a69d4efa-95f9e93bb552.wav,13.0856,10.8716,3.042
metricgan,p269_323_mic2-35adadcd423a-ae56e09eb045.wav,13.0276,11.2715,4.597
metricgan,p269_349_mic2-033d8945f63f-151fbcccc488.wav,13.3736,8.8454,3.467
metricgan,p269_371_mic2-3d9577f4ed84-fcf402eb161a.wav,12.2568,9.6572,3.942
metricgan,p269_389_mic2-c43427e2b9b8-64f6e877e651.wav,12.2045,10.4428,3.069
metricgan,p270_056_mic2-24a8c9b7c648-417f2dfc0fd7.wav,8.7414,14.9251,3.076
metricgan,p271_008_mic1-b8074dc77432-40f9a8d0ef52.wav,11.6225,11.2502,9.38
metricgan,p271_008_mic2-6f657aeb16d4-b254327fb29e.wav,11.8716,9.273,9.38
metricgan,p271_015_mic1-40e029cb60bf-517901e6cecc.wav,13.882,7.0523,7.428
metricgan,p271_070_mic1-b64f3a36ed58-7fa3717667a8.wav,12.3544,8.5939,3.332
metricgan,p271_103_mic1-1014ce1b7cff-05e176a450f8.wav,12.5992,9.5107,4.097
metricgan,p271_115_mic1-e8f56c1b4684-6bbd465e29a4.wav,13.1878,7.8394,3.374
metricgan,p271_124_mic2-c208e6fb0e0e-80e6409d7c17.wav,11.3178,9.1203,4.827
metricgan,p271_132_mic1-a1b86cc4a689-6139ec62ec13.wav,11.7996,8.5978,4.58
metricgan,p271_182_mic1-8abc6abf1487-9825e8e3faaf.wav,10.8716,11.3641,5.592
metricgan,p271_183_mic2-c1212c5ae6b9-7a5e5f8d600f.wav,12.8242,8.131,4.248
metricgan,p271_196_mic1-7605f757627a-e4be18ab5c73.wav,11.6627,7.9373,4.57
metricgan,p271_219_mic2-bc20c4f3c342-4c1de92887c6.wav,11.3466,9.459,5.582
metricgan,p271_232_mic1-47f4150ad63c-d9f0686b663d.wav,12.1686,7.1341,5.038
metricgan,p271_255_mic1-9c6cf772b5b6-fe435e814a64.wav,12.8951,8.7076,3.94
metricgan,p271_308_mic1-7a7e71657668-24dbf96888ea.wav,11.3638,8.3519,5.586
metricgan,p271_310_mic2-787385b84dab-20b98ec2e2d0.wav,11.0791,10.8176,4.357
metricgan,p271_339_mic1-e8ba2e33f65d-854275f02f01.wav,14.5126,7.1379,3.371
metricgan,p271_381_mic1-0e6aae408668-6171586da210.wav,8.7463,9.0652,3.845
metricgan,p271_422_mic1-2b4596850d96-cf0cf4e73be0.wav,11.2247,11.8354,3.406
metricgan,p272_006_mic2-90303eb4fbb5-8a5f6857ddbb.wav,11.643,8.5855,5.68
metricgan,p272_025_mic2-73b9ca76740e-2e79125c2618.wav,11.7125,10.9307,3.798
metricgan,p272_066_mic2-31a588c03fa5-fc62827a8901.wav,11.9423,9.3342,3.588
metricgan,p272_116_mic2-ef329173f1eb-d7cbd25fa4cc.wav,11.7849,8.3799,5.159
metricgan,p272_152_mic2-a13d9ea01576-a1acbe50c82f.wav,10.7508,11.4867,4.261
metricgan,p272_156_mic2-ca1190912479-db848bd057c0.wav,11.1502,11.0131,4.76
metricgan,p272_165_mic2-1a1b81580224-fd7034c06a1f.wav,9.3444,12.0084,3.699
metricgan,p272_199_mic2-42c1634d56eb-435835e3e5e5.wav,9.9402,13.5217,3.006
metricgan,p272_224_mic2-ec79f84a2378-0b16443bd994.wav,10.7828,10.8973,3.564
metricgan,p272_228_mic2-5deb7160d133-dae09a23515b.wav,10.6893,9.824,4.139
metricgan,p272_231_mic2-d5bb680460ab-e2bfbaa8ffc0.wav,10.9129,8.3783,4.014
metricgan,p272_246_mic2-78469ed3f85f-41e4e58da9a5.wav,10.1052,9.5142,4.142
metricgan,p272_269_mic2-7647436256e9-6d43b8eb7eb8.wav,10.2466,10.1695,3.756
metricgan,p272_362_mic2-fbf4380fa904-cd0627588068.wav,9.3932,10.3547,3.33
metricgan,p272_363_mic2-5bcea855bcd2-b788ff6be355.wav,10.4585,9.4751,3.067
metricgan,p272_365_mic2-ef5f7b406b7a-307505d4f384.wav,9.761,13.9443,4.059
metricgan,p272_387_mic2-71a288169af7-f96c03ec73d7.wav,9.2577,10.8325,3.054
metricgan,p273_008_mic2-22fbb25d9907-4ebe36aed5dc.wav,9.1289,11.7339,8.391
metricgan,p273_016_mic2-aab580d8245f-b06356a338df.wav,9.2101,9.8953,7.125
metricgan,p273_023_mic2-d9956ced8793-46bf60066b54.wav,9.3831,9.3178,12.445
metricgan,p273_043_mic2-03914acb7383-6b361ec470b3.wav,9.571,10.0537,3.667
metricgan,p273_164_mic2-ccf90fd34dc1-937ef970c85d.wav,8.8452,9.8906,3.247
metricgan,p273_211_mic2-66034c0c3532-5d65d4267a50.wav,9.4135,10.2491,3.303
metricgan,p273_229_mic2-a94ab787ec45-2cf1979c00ac.wav,9.841,9.2475,3.116
metricgan,p273_328_mic1-5949c3a95e23-e07150e44a41.wav,10.3698,10.8711,3.158
metricgan,p274_012_mic1-8456f561fcd4-a68775894544.wav,10.5947,8.3503,4.985
metricgan,p274_014_mic2-e6517469ea68-afd955fdd678.wav,9.0516,8.6211,5.216
metricgan,p274_016_mic2-90aa8acc729c-f27e0e28292b.wav,10.2708,8.4047,6.956
metricgan,p274_024_mic2-e70eec27cfbf-ab8126479fa2.wav,8.8405,7.687,7.239
metricgan,p274_034_mic2-df18f3c291b7-b74ec7dbde7b.wav,8.8766,10.4898,3.46
metricgan,p274_059_mic1-a1813df43f7c-c2ae8deabb32.wav,11.0436,9.5399,3.502
metricgan,p274_079_mic2-18b3989f233f-bb1df7362daf.wav,9.6664,10.838,3.841
metricgan,p274_095_mic1-6d34d2b8666d-d03845897c2b.wav,9.7099,11.4433,4.601
metricgan,p274_105_mic2-fee9872103a2-075b65fb8052.wav,11.4376,10.194,4.613
metricgan,p274_130_mic2-dc53204c5b65-8000cc8a4452.wav,11.8525,17.9782,3.648
metricgan,p274_132_mic1-e4d8870138cc-78641dc4b6f2.wav,10.9785,11.6138,3.073
metricgan,p274_132_mic2-e88d7fb336d4-08f7b765ff09.wav,11.0123,10.5376,3.073
metricgan,p274_158_mic2-7e4312be9466-31b109cb061e.wav,10.3017,11.2706,3.542
metricgan,p274_162_mic1-3e5854b27f5e-b3f6736ef0ac.wav,11.0438,10.817,3.496
metricgan,p274_163_mic2-f0485d6cfe30-bd1330f1ae31.wav,9.9211,8.8798,3.885
metricgan,p274_167_mic1-5a045b7efbce-d4c156daead4.wav,13.3041,9.2257,3.93
metricgan,p274_241_mic2-0c2b3b2b3481-de9e5b404449.wav,11.3717,10.4157,3.844
metricgan,p274_248_mic2-83eb4afbcf68-c2dc9e0617b6.wav,10.5707,12.8434,4.841
metricgan,p274_266_mic1-3d61cd625348-5a071771ac52.wav,11.3154,12.1904,4.407
metricgan,p274_269_mic1-1adeac365b34-0e34a0dda969.wav,12.2519,12.3933,3.958
metricgan,p274_270_mic1-2a9c5e6007e6-06a237fcb9d5.wav,9.4372,12.4826,3.917
metricgan,p274_297_mic1-fd8c04b0ed8a-92252256a212.wav,9.3177,9.3181,3.689
metricgan,p274_306_mic1-1018876d243f-0ee216b24f91.wav,11.8493,8.1015,3.075
metricgan,p274_318_mic1-687aae80bade-b26bae06ada3.wav,9.6372,10.0411,4.513
metricgan,p274_349_mic1-d9bbe5993dcf-0786f30410ea.wav,12.7707,8.9195,3.277
metricgan,p274_351_mic1-e10db426cf2c-b832c8c671b3.wav,10.6308,9.2312,4.063
metricgan,p274_378_mic1-9c7f89515e27-104b351805f0.wav,11.6871,10.067,5.336
metricgan,p274_391_mic1-ad7c065c943a-f3d5208c6b9a.wav,10.3539,11.9949,3.209
metricgan,p274_416_mic1-4523c790ed87-822cb3ac4388.wav,10.7699,9.5287,3.627
metricgan,p274_436_mic1-377bacbb4787-a165556efebd.wav,14.324,7.2534,3.63
metricgan,p274_457_mic1-3975c1845d4e-b1af65c7265b.wav,9.3319,10.4466,3.508
metricgan,p274_470_mic1-1f06bfa76f74-f79d4b441d80.wav,11.225,12.2533,4.447
metricgan,p275_278_mic2-f3560fe890f7-13394dfc0d86.wav,10.2607,9.2405,3.448
metricgan,p276_006_mic2-7556640b8eee-fecc86178049.wav,13.4003,9.4306,6.444
metricgan,p276_008_mic2-629a0fea1a8a-47ab4b33387d.wav,12.0334,8.7051,8.376
metricgan,p276_010_mic2-1af142b322c0-ad1c6f10426e.wav,14.9538,9.668,3.826
metricgan,p276_042_mic2-0178469db7ae-e7ac68713c87.wav,13.3705,11.7596,3.37
metricgan,p276_046_mic2-80c8cb0efb59-c0a83d01d2db.wav,12.3462,9.4604,3.424
metricgan,p276_062_mic2-d08e65fa7dbf-928568e52b4d.wav,11.1702,11.1949,3.517
metricgan,p276_085_mic2-f3d4c6c1fbf6-40f0794771ba.wav,12.196,9.9927,3.638
metricgan,p276_104_mic2-fec8957a6fc8-a8b3e713435b.wav,11.3868,8.9573,3.292
metricgan,p276_175_mic2-bc9fc176512f-6073f9dd9bed.wav,15.0965,9.4967,4.233
metricgan,p276_185_mic2-5845ada53833-8cd6924d0f55.wav,12.5135,8.8246,4.071
metricgan,p276_186_mic2-e51b69a6c267-6ecc5339b064.wav,4.4277,9.921,3.096
metricgan,p276_192_mic2-92007c1be57c-78ec56588ec8.wav,8.7182,8.8222,3.394
metricgan,p276_249_mic2-19139829f692-9b6f8c257599.wav,14.1817,9.4764,4.261
metricgan,p276_259_mic2-f1dedd7aaf36-a77fc749552c.wav,11.5176,8.1027,3.663
metricgan,p276_292_mic2-52187ee62291-49dd6fd7a1b8.wav,11.4149,11.9426,4.261
metricgan,p276_332_mic2-ee74f04eb8f6-2eddff9a45d3.wav,12.1509,9.2369,4.345
metricgan,p277_024_mic2-582f55e3e4d4-300587006aa6.wav,15.0061,7.1787,7.503
metricgan,p277_066_mic2-ffda5f502655-53c7f05ede29.wav,13.4338,8.9772,3.673
metricgan,p277_144_mic2-1abe837481a9-e02f00320cb2.wav,15.8002,9.1993,4.229
metricgan,p277_155_mic2-3131c0aa7e73-c4a71206d9bd.wav,13.6802,10.0494,3.589
metricgan,p277_166_mic2-b95253300d51-f966f920324b.wav,14.4901,9.3707,4.438
metricgan,p277_184_mic2-097900b985ee-4d6f7a032438.wav,16.3505,9.7072,4.294
metricgan,p277_200_mic2-b8e2cae6716a-502922116f74.wav,15.5935,10.1408,3.373
metricgan,p277_214_mic2-71537ea36439-b009f5b95a73.wav,14.4515,8.5227,3.45
metricgan,p277_245_mic2-8fe5b915b56a-c8b06ccd48c1.wav,16.4029,8.9347,5.039
metricgan,p277_266_mic2-bb6c3057c0be-8484fe949066.wav,14.287,9.0276,4.4
metricgan,p277_268_mic2-b4af10423a7d-de7b2f31fa60.wav,16.3071,12.173,3.344
metricgan,p277_315_mic2-ddeadc7c3e24-e786e71c7027.wav,14.1556,9.7221,3.397
metricgan,p277_342_mic2-1ce99aef067c-c30f459f3090.wav,14.8386,8.4867,5.05
metricgan,p277_369_mic2-6a8aaac33451-d6d8843436e1.wav,15.1632,10.4529,3.47
metricgan,p277_389_mic2-88d8b2ac4cee-b1fb51182fd3.wav,14.7719,10.399,3.588
metricgan,p277_435_mic2-a7c7048ddc6e-3921db5ccda1.wav,15.9053,9.1903,4.474
metricgan,p277_455_mic2-3693d23ad7c6-7061d7a84144.wav,16.9556,10.2355,3.414
metricgan,p277_458_mic2-1655f47f74a8-2c631e512e0a.wav,15.1697,10.2997,4.388
metricgan,p278_002_mic2-be0656bc9a54-2728b4b9f645.wav,9.5339,11.0689,3.722
metricgan,p278_014_mic1-6d2babc6070e-3b1928ff1871.wav,10.1509,9.9066,4.915
metricgan,p278_016_mic2-23c7491e70a6-dae31d355d7e.wav,9.7584,13.6382,6.429
metricgan,p278_031_mic2-7cbdbfb8f622-01cb4fbbac18.wav,10.7466,13.3789,3.553
metricgan,p278_034_mic2-852929b5f723-53375ce4a35e.wav,10.7165,10.5602,4.106
metricgan,p278_066_mic2-7572568530d4-c08bbab68171.wav,11.9629,12.0642,5.214
metricgan,p278_073_mic2-fc130864f26e-92bdc54a7630.wav,11.2133,11.3236,3.867
metricgan,p278_081_mic1-682bc4f658a4-6a52c743788d.wav,12.0912,10.805,3.066
metricgan,p278_096_mic2-f09daac90b37-e652a9752ee4.wav,10.78,12.056,3.191
metricgan,p278_106_mic2-cabd150df688-c5fe5ff832ed.wav,11.7287,12.2843,4.39
metricgan,p278_118_mic2-dda70998e6c9-83d9f30405a3.wav,11.2313,12.0268,5.145
metricgan,p278_131_mic2-246cb3c867d7-e8928b0865d3.wav,10.9778,11.7202,3.757
metricgan,p278_132_mic2-ae6edddc450d-c3312147ddf9.wav,9.4286,13.408,5.235
metricgan,p278_149_mic2-901c4231b68a-dcc7051ea037.wav,10.5162,13.9662,3.631
metricgan,p278_150_mic2-5879835de236-45d22ab27cb2.wav,10.2902,17.6152,3.576
metricgan,p278_160_mic1-7c3a46f5de09-2f4274209125.wav,8.9963,11.0708,3.238
metricgan,p278_180_mic1-ae6855c39497-ad153569ebdd.wav,12.6431,8.4075,3.922
metricgan,p278_186_mic1-99a78bcf0a9e-571365cfed91.wav,10.6996,9.5867,3.719
metricgan,p278_191_mic1-0ccb91fed113-c4dd777d2705.wav,14.3888,8.4088,3.104
metricgan,p278_195_mic1-5851747dd2e2-65a33774298f.wav,13.331,8.5507,3.667
metricgan,p278_215_mic2-4971d62a8978-56da0976a940.wav,10.3403,14.1183,3.349
metricgan,p278_235_mic2-9e2e4ba67064-35a664542169.wav,11.5115,13.8537,3.084
metricgan,p278_248_mic2-1a3d83889067-12683bfc1398.wav,10.084,13.4085,4.401
metricgan,p278_258_mic1-735b46823fcf-a2965f0dd5c5.wav,11.394,11.6775,3.405
metricgan,p278_265_mic1-d898a88854e1-5ace2855adc9.wav,10.6411,11.3405,3.743
metricgan,p278_268_mic1-b35c88073778-f77c6a565a28.wav,12.565,9.8431,3.241
metricgan,p278_289_mic2-2897afc44c0b-efc443a61dd3.wav,10.4666,16.6221,3.222
metricgan,p278_318_mic2-98312a43086e-caac271fa959.wav,12.2878,16.7327,3.268
metricgan,p278_336_mic2-10c8d1df2252-8156d142cdaa.wav,10.9145,12.8477,3.97
metricgan,p278_370_mic2-7fcb7461edbb-837a1e4dd8bb.wav,9.6709,12.133,3.842
metricgan,p278_398_mic2-eff4141fedf6-0236b48eedb1.wav,10.3451,14.7568,3.803
metricgan,p278_402_mic2-a1695ffc112a-cc0babee00d8.wav,11.1479,12.6238,3.934
metricgan,p278_407_mic1-5254941d40a8-d57331cc6de3.wav,10.7252,11.6873,3.099
metricgan,p279_015_mic2-041e64b26789-098c9696a34f.wav,11.4181,9.2526,5.376
metricgan,p279_020_mic1-ef3da96fb758-72d487d56c17.wav,16.156,7.1803,3.808
metricgan,p279_026_mic2-a59951521e88-57c6b104d800.wav,12.0709,13.5219,3.555
metricgan,p279_030_mic1-59f6e59a6414-3f9270f012c8.wav,12.1685,10.3815,3.28
metricgan,p279_049_mic2-75a5200c6a55-d4e921026da0.wav,10.6079,11.4307,3.417
metricgan,p279_058_mic2-53da8a345cbf-6a6854b94f7d.wav,11.524,10.2797,3.381
metricgan,p279_093_mic1-73dc6ee0dc03-310a3ed66468.wav,13.5056,11.0857,4.265
metricgan,p279_132_mic1-e46c7fb1e6e2-f7a671516f5f.wav,12.3376,9.0558,4.463
metricgan,p279_133_mic2-33223eef8bcf-6c85438a40b9.wav,13.0018,9.7945,3.129
metricgan,p279_196_mic1-6dd82d611554-ad13b8af334b.wav,14.7544,7.9088,3.796
metricgan,p279_238_mic2-b2363eda0851-fca366e65e24.wav,12.2318,11.45,3.023
metricgan,p279_327_mic2-20272236ebbf-1676837ee34d.wav,11.7745,10.4965,3.581
metricgan,p280_005_mic1-1e989c12ce25-152e2595d659.wav,13.9712,8.2861,7.253
metricgan,p280_018_mic1-023a05b78473-3070f39442ad.wav,15.3856,7.687,6.197
metricgan,p280_024_mic1-0527e27b7052-04628f7c21cf.wav,17.481,6.5436,6.941
metricgan,p280_025_mic1-812f3df31c3e-6cca871ed254.wav,14.5548,9.0174,3.239
metricgan,p280_052_mic1-9113bf29282d-aba3fdd7b6e5.wav,16.9826,7.6688,3.76
metricgan,p280_069_mic1-3ca3fccf728f-50607d430738.wav,16.3228,7.4985,4.109
metricgan,p280_072_mic1-ec43d263fe4b-67d9495d4e18.wav,15.6153,7.9286,4.1
metricgan,p280_078_mic1-762e95afb46c-ad35932c72c6.wav,17.3858,7.3512,4.322
metricgan,p280_096_mic1-29d32666ec6f-4689b8e426bb.wav,18.4603,8.7471,6.154
metricgan,p280_145_mic1-e3c51958ba41-a6e0a1c9b8a3.wav,16.8777,9.3405,3.295
metricgan,p280_199_mic1-aaf818a6fb96-bce2e5cba076.wav,18.4996,7.3712,3.872
metricgan,p280_389_mic1-3d67e68c973d-4005907a333c.wav,15.8199,8.7706,3.248
metricgan,p281_163_mic2-81d51b181423-b8dfc0f0f084.wav,10.8202,7.4547,4.147
metricgan,p283_126_mic2-657605e46b6f-1be989e0acf7.wav,13.5512,11.5808,3.11
metricgan,p283_392_mic2-39dfa6560a07-cbeaae5eb45b.wav,13.4202,9.9175,3.22
metricgan,p284_006_mic1-87780de97178-1b518159a541.wav,11.8165,7.9047,4.397
metricgan,p284_009_mic1-24efef08bf8f-9a04b0a2fa24.wav,11.0058,11.3,3.97
metricgan,p284_012_mic1-9cd00fa7f484-1a20debab395.wav,11.5044,11.1009,3.781
metricgan,p284_013_mic2-bfda9c0e1991-886b8952467e.wav,11.4741,12.5256,3.673
metricgan,p284_020_mic1-be73f3f72cdc-fdf9c5c41068.wav,10.8413,9.3899,3.498
metricgan,p284_099_mic2-aaaf16769b46-60ebb34589d2.wav,11.0305,11.2992,4.527
metricgan,p284_147_mic2-4970f53afa1d-4045c3de4e5d.wav,11.6352,9.9999,4.092
metricgan,p284_180_mic1-8fd0a76a714c-6220bc9830dc.wav,10.9016,9.8685,3.397
metricgan,p284_187_mic1-2b265d40623a-e27b81313422.wav,12.1805,7.6526,3.907
metricgan,p284_187_mic2-f5a2a4b1a51b-fab09217acdf.wav,10.6321,9.0384,3.907
metricgan,p284_198_mic2-34780f2d4669-f86ad71819cf.wav,9.4539,12.1681,3.559
metricgan,p284_211_mic2-999139bb2992-38a326904822.wav,12.6342,9.8479,4.438
metricgan,p284_232_mic1-a5c87840fc63-825365a6cacd.wav,11.3414,8.0288,3.943
metricgan,p284_252_mic1-da52a944c086-22411a346562.wav,12.0262,8.3467,3.243
metricgan,p284_273_mic1-daec5083b022-6a90d218b020.wav,10.371,9.1057,3.755
metricgan,p284_276_mic1-e2021cac81b9-16c3b2ec31e9.wav,12.169,9.2111,3.409
metricgan,p284_291_mic2-792ee8fe67b5-b7a477988dde.wav,10.5046,9.4914,4.782
metricgan,p284_314_mic2-697ce9cc5f3c-34ce4eb78dbc.wav,10.3398,10.8302,4.306
metricgan,p284_322_mic1-b5bc0c57bcf0-95d094985e8f.wav,10.0686,9.5594,3.29
metricgan,p284_358_mic1-2fce31924d43-1075db5efcdf.wav,11.8068,8.8296,3.717
metricgan,p284_367_mic2-bcdb57dee0ea-0620e13cc0e0.wav,9.9596,9.8558,3.602
metricgan,p284_404_mic2-bf1abc76f619-736957782b5e.wav,12.14,9.5188,3.288
metricgan,p285_018_mic1-4b4d24ff8d63-e29ab9d03790.wav,11.2977,8.6958,5.204
metricgan,p285_027_mic2-d4c754774cf3-ac1c5e0543df.wav,10.1564,9.0513,4.691
metricgan,p285_029_mic1-c257eb00ef13-d5d367e0511e.wav,11.5358,11.683,3.659
metricgan,p285_060_mic2-7ec9f544c170-7eee7aa68901.wav,10.2158,10.1784,3.757
metricgan,p285_086_mic2-3154b6267696-3918676caa45.wav,11.0223,12.7772,3.162
metricgan,p285_135_mic1-eaeea97a4142-2d142486c647.wav,14.0828,9.0965,3.032
metricgan,p285_152_mic2-e274a44797c0-7d61e6444e09.wav,11.2572,9.5461,3.289
metricgan,p285_193_mic2-37207cfb15d8-1fe4c91b513b.wav,11.634,9.7755,3.418
metricgan,p285_224_mic2-d11edb377bc8-a8eee1e754cc.wav,12.0505,8.7789,3.158
metricgan,p285_329_mic2-0c8918463279-21f8c2b16ad8.wav,10.362,9.1461,3.16
metricgan,p285_369_mic2-c00c16a515cd-f39ce356fa3a.wav,12.0607,9.6298,3.116
metricgan,p286_015_mic2-aebd83f481d9-58621212250c.wav,11.1756,9.7961,6.02
metricgan,p286_036_mic1-8d100fd6ff67-a0d11aa1328b.wav,16.4134,6.7742,4.559
metricgan,p286_048_mic1-7013eb4c7194-0ef7a27702b1.wav,16.8944,8.1896,3.972
metricgan,p286_049_mic2-c1b642f8e47c-4fb8ef9f5a06.wav,11.2588,11.9433,3.716
metricgan,p286_057_mic2-77b3dbef2929-3b344224a339.wav,12.5045,15.7048,3.765
metricgan,p286_080_mic1-a99aa29c1941-51cac182ef75.wav,12.4318,9.6572,3.759
metricgan,p286_087_mic2-e739a824baf3-06969ebb16f7.wav,12.9728,10.8872,3.119
metricgan,p286_117_mic2-c447faafa4ed-83b258471c3f.wav,14.0001,9.3087,3.843
metricgan,p286_119_mic1-9a45b26b0573-cde32d674fef.wav,15.4501,9.2825,4.168
metricgan,p286_119_mic2-f632f754d017-725d82b998f5.wav,14.5982,10.2647,4.168
metricgan,p286_155_mic2-e2bd4cb1afef-ac0c3c95c10d.wav,10.2619,11.8308,3.385
metricgan,p286_197_mic2-f32d11fd9ef4-14cb85c665ce.wav,12.4768,10.5525,4.775
metricgan,p286_217_mic1-3087ac526f69-743164cc39d7.wav,15.7231,8.7112,3.154
metricgan,p286_231_mic2-72485d0cde6c-8600aa0e92b0.wav,11.3889,12.1974,3.375
metricgan,p286_244_mic2-5418d4e0e337-745dab34405d.wav,11.5313,13.0638,4.439
metricgan,p286_275_mic2-0ec57dabd144-ea25dbc42be0.wav,12.389,9.3221,3.119
metricgan,p286_286_mic1-e7de3c8341f3-675881eee50a.wav,12.9502,11.579,3.073
metricgan,p286_298_mic1-4715e8a31b0d-59cb08718288.wav,14.9776,8.256,3.929
metricgan,p286_306_mic2-09c7bab6bae4-368f24082afd.wav,13.3984,10.1956,3.973
metricgan,p286_310_mic2-b10c59fa51bf-ff1e040015b5.wav,14.0923,9.2641,3.12
metricgan,p286_320_mic2-92ee14e40d5e-eee47e5356f4.wav,11.7102,10.9714,3.629
metricgan,p286_333_mic1-78d5dc49b4a2-01e71c061971.wav,13.3849,9.759,3.662
metricgan,p286_334_mic2-5ea3ab3bd55d-d01beb443852.wav,12.568,11.5498,3.774
metricgan,p286_342_mic2-c90b6de8e71b-f27d3084acf2.wav,12.6526,10.5871,3.842
metricgan,p286_345_mic1-979d6385f152-5e15211b6725.wav,15.6431,8.5009,3.085
metricgan,p286_345_mic2-03385bbf93a5-7158f3e87d97.wav,12.9066,11.577,3.085
metricgan,p286_356_mic2-1f4c91a13039-8ffbee9ae22c.wav,13.0051,13.1204,3.348
metricgan,p286_383_mic1-04ec5848efa4-9811a14a1deb.wav,12.359,9.7206,3.298
metricgan,p286_383_mic2-5083f3d4b420-c1cd58e44fd5.wav,13.1276,7.0231,3.298
metricgan,p286_410_mic1-018ae24d69fb-34a25e6c997d.wav,15.2872,6.7188,3.373
metricgan,p286_413_mic2-ac6a7b08a9f3-e6c90d3b421e.wav,13.4392,9.5848,4.399
metricgan,p286_425_mic2-cb7262cf3581-8f6c480a56de.wav,13.9554,12.0261,3.033
metricgan,p286_433_mic2-217364c726fe-7d0052c528c0.wav,11.6888,13.4638,3.033
metricgan,p288_017_mic2-e3602fcee3b7-6b4665855444.wav,12.2409,9.2429,3.601
metricgan,p288_020_mic1-92d9b9bc3e1c-b097bb49c504.wav,15.2475,9.4033,4.014
metricgan,p288_039_mic1-930bfe54bf46-cc90aa9697c4.wav,16.5249,9.8516,4.287
metricgan,p288_046_mic1-7c82f8f32135-6bdeb72e51bb.wav,16.6193,8.2619,4.313
metricgan,p288_086_mic2-8e91bb76b53b-30717d0bac3f.wav,16.0696,10.1804,3.049
metricgan,p288_089_mic1-78088f84d7c1-767c847c3815.wav,14.035,9.9393,3.759
metricgan,p288_093_mic1-b44d601f8185-7ecf8de20371.wav,14.7822,11.1575,3.599
metricgan,p288_094_mic1-e855771114ce-641b2eef023f.wav,15.8108,9.7338,4.195
metricgan,p288_111_mic1-397a39b65cd2-fe2b5e84e289.wav,15.9918,9.1194,3.689
metricgan,p288_147_mic1-39c9b37434db-ce172bd25152.wav,15.8964,11.2707,3.055
metricgan,p288_155_mic2-0015da0df60d-65dc6ce246e6.wav,13.7547,9.992,4.992
metricgan,p288_201_mic1-7409f1a7b186-17b5722da349.wav,14.7967,8.8978,4.603
metricgan,p288_211_mic1-99b372ecc809-643b8dd936ca.wav,16.2195,9.5264,3.244
metricgan,p288_222_mic2-c21db4f6c3bb-97d656099a51.wav,13.9306,11.0202,3.256
metricgan,p288_269_mic2-fa077af3ffa1-da8966b2e14b.wav,15.0851,9.1977,3.928
metricgan,p288_299_mic2-b9cbd92d4c9e-4aa345d973bd.wav,14.4877,10.2065,3.16
metricgan,p288_302_mic1-699c76e3f78b-814cea4a5f54.wav,15.5794,9.4653,4.199
metricgan,p288_383_mic2-e35144059fcc-66b0cfd88220.wav,14.0823,10.0299,4.144
metricgan,p288_387_mic2-5beae5ac3322-ec024a1e2ccd.wav,14.1408,9.8207,3.367
metricgan,p292_040_mic2-e1e91b9d305b-e9eb4cffe258.wav,8.2421,14.0774,3.075
metricgan,p292_062_mic2-d9181bd0f1ad-1351febc0039.wav,9.069,13.1282,3.116
metricgan,p292_064_mic2-8d7ecd6f47d8-ba7b4ac9216d.wav,6.8439,12.8292,3.077
metricgan,p292_071_mic2-ec896a48b9d0-8894cce11ba3.wav,7.2302,13.4259,3.217
metricgan,p292_075_mic2-e457e27b187c-27876ca3a229.wav,9.0292,12.3437,4.059
metricgan,p292_078_mic2-b1b7684d7357-59513aa792a1.wav,7.6868,16.7109,3.398
metricgan,p292_106_mic2-3e3b109f49df-96a516341e9b.wav,8.8412,13.7734,3.331
metricgan,p292_118_mic2-dafb0dc06cf7-af14e823b664.wav,7.8815,17.7411,3.034
metricgan,p292_154_mic2-f5bb299b5eed-c615c44dcd9a.wav,9.4532,11.6827,3.58
metricgan,p292_202_mic2-ebf45bdaee61-7d25443ed89d.wav,7.2686,14.1649,3.031
metricgan,p292_223_mic2-7bbddfdb5fd6-55c3cdc53bda.wav,9.0662,12.8542,3.606
metricgan,p292_245_mic2-664491d802f1-d33cd1b91c03.wav,8.7161,12.4176,3.033
metricgan,p292_318_mic2-53062bb0a62e-e4770249e440.wav,8.1389,14.5712,3.075
metricgan,p292_374_mic2-3d89bb8bbb81-9619774e3e3c.wav,9.4552,12.0274,5.336
metricgan,p293_015_mic2-ef5e2ba602ca-7493c3d0d840.wav,6.3968,10.7058,8.087
metricgan,p293_033_mic2-7a72c2d664c4-50fab24d4f5d.wav,14.2821,11.1719,3.838
metricgan,p293_050_mic2-f7649c5d1c72-695b9baa2c7d.wav,14.0538,11.8372,4.566
metricgan,p293_093_mic2-c9c1d80ae00c-220fe09597bc.wav,15.4734,11.1776,5.61
metricgan,p293_104_mic2-4db68f597c5b-1ff2f13f614e.wav,14.3672,11.1035,4.535
metricgan,p293_122_mic2-0b6debaa1207-49769a25a186.wav,17.25,11.5437,4.8
metricgan,p293_172_mic2-3f971d13b1a8-61fcd3b916cb.wav,15.772,11.4908,3.606
metricgan,p293_190_mic2-f908e8892aaa-03041c439d8f.wav,17.0251,11.0829,4.012
metricgan,p293_235_mic2-28e8898f009c-b37fc8a0e77b.wav,15.8476,11.5122,3.751
metricgan,p293_252_mic2-954e5c6e39a3-1c6613f15ebb.wav,16.4893,11.2212,3.8
metricgan,p293_259_mic2-06a950979386-7218221d2b74.wav,15.058,11.5338,4.314
metricgan,p293_265_mic2-62346c1b8653-7757b220fbab.wav,16.7317,11.0256,4.411
metricgan,p293_279_mic2-0ceea7642ba4-b85d265b5b3d.wav,17.1219,10.9345,4.016
metricgan,p293_291_mic2-7f60f2e36145-0e069b1dcad6.wav,14.0407,11.0477,3.794
metricgan,p293_318_mic2-89e1b9ad342e-bd5338a8276f.wav,14.8241,10.9668,3.204
metricgan,p293_331_mic2-a5c6629c49ce-cbc6a223f39d.wav,14.9649,11.3462,3.811
metricgan,p293_358_mic2-321924e9d859-eca2e89da8b2.wav,16.2028,10.6035,4.054
metricgan,p294_003_mic2-2eec83540cbf-982f439c41c2.wav,14.7224,10.0203,7.477
metricgan,p294_015_mic2-6c2c1e1efddc-9683681f11e7.wav,13.4286,9.9534,6.544
metricgan,p294_044_mic2-75ba5302265a-eb348d570fe7.wav,13.3737,11.0317,3.663
metricgan,p294_108_mic2-ff0babf1b897-3a6c5939b932.wav,13.6105,13.8879,3.347
metricgan,p294_109_mic2-ad8455d65bf6-e4623689dfa8.wav,14.3435,14.13,3.277
metricgan,p294_112_mic2-3053abf7e441-8127ea7e80cc.wav,13.8114,11.9036,3.345
metricgan,p294_165_mic2-bcf919914bc8-f803c6b94981.wav,12.9671,11.3948,3.128
metricgan,p294_213_mic2-cd01c92fdbea-e10b63b1e78e.wav,13.1339,11.6766,3.799
metricgan,p294_214_mic2-9429287b7d0d-97a1b9df4dc7.wav,13.16,11.5163,3.91
metricgan,p294_231_mic2-60707aff8a80-64a5670c774d.wav,13.4958,11.4461,3.635
metricgan,p294_314_mic2-896ab122586d-27d6f20ae545.wav,13.868,12.0687,3.541
metricgan,p294_351_mic2-c1f00765548e-f846187a234c.wav,12.9429,11.9382,3.211
metricgan,p294_363_mic2-f97409f80f4d-d409f00de05c.wav,15.2948,12.5402,3.261
metricgan,p294_371_mic2-6df095d3a2f4-84f5ea06aa93.wav,14.0524,11.3885,3.429
metricgan,p294_399_mic2-ded4ca2ba169-32fd1eb05d86.wav,13.8414,10.2967,3.258
metricgan,p295_056_mic2-fa9eb65a7ccd-6f0c2bf144ca.wav,15.1242,11.7325,3.804
metricgan,p295_060_mic2-8cf610a0d5e4-20b341d737a8.wav,15.386,11.1126,3.894
metricgan,p295_065_mic2-3b548e122ffa-85ae66e36508.wav,14.358,12.0271,3.527
metricgan,p295_067_mic2-e178843078b2-3a64494a8a3b.wav,13.8693,11.9623,5.302
metricgan,p295_083_mic2-cf96b3c60256-b10b42a30560.wav,15.2353,12.5654,3.205
metricgan,p295_084_mic2-7f92178e26f1-e1e2203999df.wav,14.5756,12.0997,3.926
metricgan,p295_113_mic2-c41c8648b199-99f17ee4c736.wav,16.151,12.861,3.595
metricgan,p295_135_mic2-d87fe4856b52-9d7d7f72988e.wav,16.7384,13.1207,4.016
metricgan,p295_139_mic2-c542de125bfc-c9be86f86c7c.wav,16.7717,12.2765,3.457
metricgan,p295_141_mic2-a9c811033212-45a8f131c23f.wav,16.8359,11.9894,3.602
metricgan,p295_150_mic2-3d55806495c4-1e3d9fd4c59a.wav,14.9622,12.901,4.182
metricgan,p295_164_mic2-7004a0b30530-db573e6cb361.wav,16.8966,12.55,3.038
metricgan,p295_193_mic2-238e9c0150e1-631af43ca710.wav,14.9371,11.7946,6.891
metricgan,p295_214_mic2-77bdda55d494-853bb966618c.wav,14.5369,10.9124,4.229
metricgan,p295_225_mic2-1d0e784b4ac6-16691498fbef.wav,18.0441,15.98,4.213
metricgan,p295_226_mic2-a7f1f3297352-f72b10606be7.wav,17.2417,14.3972,4.439
metricgan,p295_246_mic2-27c45d8318c6-e6369c0a0253.wav,15.0872,11.2495,3.888
metricgan,p295_252_mic2-b10aec049c2c-9964dac33613.wav,17.8004,12.7384,3.329
metricgan,p295_290_mic2-0da22a320cc1-257942f453ac.wav,16.5448,11.0629,4.093
metricgan,p295_292_mic2-b7575a187b48-f618588a2ca6.wav,15.5577,11.6635,4.303
metricgan,p295_329_mic2-a5da902a46b1-51aec5a926c6.wav,15.7781,11.4344,3.756
metricgan,p295_336_mic2-7c925b954e34-04145613d2af.wav,15.0151,11.4306,5.253
metricgan,p295_383_mic2-a2d8dbd68272-370b82f69bbf.wav,16.2612,12.2425,3.357
metricgan,p295_400_mic2-f122b98b59a0-0876970f7984.wav,15.403,11.2698,3.331
metricgan,p295_423_mic2-6471d3055515-e689c0518487.wav,15.8937,11.5353,3.631
metricgan,p297_023_mic2-92e48f121a6b-81fb5adb86f8.wav,15.0557,11.461,12.812
metricgan,p297_050_mic2-c682df4d2a42-ef334f59ca1c.wav,14.3864,13.6905,4.613
metricgan,p297_053_mic2-fc31031e349f-cd09af5c9d08.wav,13.6177,10.7238,3.244
metricgan,p297_058_mic2-46c55f3e5178-830cb102f447.wav,14.0959,12.4437,3.688
metricgan,p297_059_mic2-47d76ec31124-109281bedb97.wav,11.956,11.7775,3.585
metricgan,p297_074_mic2-55f61e96a470-f862ff1dcf87.wav,15.5923,13.0325,3.35
metricgan,p297_078_mic2-eac9edb08c16-9dcf7366f502.wav,15.9419,12.1617,5.207
metricgan,p297_084_mic2-0dc83e4a8669-7d302ee64ad7.wav,14.2158,12.5693,5.537
metricgan,p297_102_mic2-e8a1c34aa3f0-256fc535570b.wav,15.1933,11.8365,4.159
metricgan,p297_147_mic2-6330705d2918-cd4343e7d6a2.wav,14.2842,13.2041,4.357
metricgan,p297_154_mic2-b08705bdd73c-cf55efd24ef6.wav,14.2135,12.8045,4.528
metricgan,p297_157_mic2-847a00449d93-67a946765386.wav,13.4465,11.5972,4.101
metricgan,p297_163_mic2-b48cad69b736-a5ee0a42316d.wav,13.9585,12.944,3.375
metricgan,p297_166_mic2-e612cc15cf28-941547091ab0.wav,15.1423,13.1637,3.414
metricgan,p297_177_mic2-dc1a356cc8e4-8283c9b08873.wav,12.9213,12.4793,3.077
metricgan,p297_190_mic2-ce6f7132d151-247ef18ddba0.wav,14.054,15.0867,4.945
metricgan,p297_203_mic2-5bd566827ccc-b9494fdfe9b6.wav,13.4438,12.451,3.757
metricgan,p297_228_mic2-0b643a887d05-1af678627a5a.wav,15.4389,12.9695,3.289
metricgan,p297_256_mic2-90481fec6f62-77a3896fc32b.wav,15.9109,13.1302,3.971
metricgan,p297_273_mic2-00be1da085c2-f6d1a05fd47b.wav,14.4632,12.3283,3.146
metricgan,p297_274_mic2-247387368927-119ee1715c33.wav,14.1764,10.8598,3.372
metricgan,p297_277_mic2-f6f96f3b2b36-d67ec7214220.wav,14.2074,12.8555,3.42
metricgan,p297_286_mic1-b2d39e8c1e78-e08fcf07abf6.wav,13.4594,13.6467,3.887
metricgan,p297_290_mic2-0d81678e5a4c-09e3849f602c.wav,13.5558,11.9814,3.501
metricgan,p297_294_mic2-43347b56d5b0-92c7b888009f.wav,15.324,14.2941,6.419
metricgan,p297_303_mic2-a633c17edd4c-954bc2d7e664.wav,14.5985,12.7995,3.034
metricgan,p297_308_mic2-002ff6ae52f7-990cf33fb4b9.wav,13.7265,11.5755,3.209
metricgan,p297_340_mic2-c37e0781de09-d9f2d22fa8dd.wav,15.3965,12.4791,3.856
metricgan,p297_355_mic2-427a21e95556-8ea2a4b54192.wav,14.0622,11.6807,4.39
metricgan,p297_358_mic2-1d562508c887-89bb9156c964.wav,14.4864,12.0388,3.804
metricgan,p297_399_mic2-6d88e5f128a5-decf720ae622.wav,16.0625,12.387,4.099
metricgan,p298_024_mic2-a9ac5c680310-426a63010fa9.wav,8.9192,10.9906,7.955
metricgan,p298_142_mic2-da1bc98842f4-cc8849a24f1a.wav,11.0062,12.1557,3.813
metricgan,p299_006_mic2-1f81fb0e7f72-616a6efa4ba3.wav,15.2263,9.5759,5.665
metricgan,p299_024_mic2-19aed983e1df-ca45512044e3.wav,15.2621,9.8145,7.357
metricgan,p299_053_mic2-739d1ea48271-d85a0cd554be.wav,14.6929,12.8543,3.756
metricgan,p299_066_mic2-a737512b072a-e0e8268756a0.wav,14.5157,12.6889,3.5
metricgan,p299_134_mic2-fe9da8578dce-b1f06c3f3fb7.wav,16.1641,16.5293,3.544
metricgan,p299_138_mic2-23b3b7bbe5d0-a802e640d6c5.wav,14.4215,11.3174,4.526
metricgan,p299_161_mic2-29b262403d1a-54db90493af6.wav,18.1567,16.3556,3.117
metricgan,p299_168_mic1-424cd2df17ce-9913de973b5f.wav,15.5973,9.7566,3.334
metricgan,p299_170_mic2-83c01bee0007-8ea4cdeffffe.wav,16.0772,14.0728,3.333
metricgan,p299_195_mic1-5d46811d8cad-205e5d0b91e3.wav,19.2074,12.5848,3.376
metricgan,p299_211_mic2-10d26f598598-05e600695ce3.wav,13.9662,15.1553,3.757
metricgan,p299_229_mic2-cd7906c84b48-9799162655f3.wav,14.9742,16.0458,3.291
metricgan,p299_247_mic1-20ee6a561ad8-fd2667f94a8b.wav,17.0213,11.069,3.385
metricgan,p299_283_mic2-0ee76a042eff-5282a6db4afb.wav,14.9715,12.5927,3.12
metricgan,p299_314_mic2-4851559c76c9-7510e82b1d12.wav,16.6525,14.0777,3.441
metricgan,p299_318_mic2-a0de8003b0b2-d8afe4af56f0.wav,17.8897,13.6583,3.623
metricgan,p299_326_mic2-1be67041c6cc-a61cdc8a2899.wav,15.1598,10.6533,3.123
metricgan,p299_405_mic2-4f60d1ffa9a3-135fabab0912.wav,15.3849,13.3447,3.984
metricgan,p300_019_mic2-e98549275582-8499862a91cc.wav,15.4399,11.4229,7.851
metricgan,p300_080_mic2-a662d712feee-a17d7320c572.wav,15.4506,11.1591,5.379
metricgan,p300_393_mic2-57fefd455f21-cb9108575a7a.wav,17.8563,11.1374,3.629
metricgan,p300_395_mic2-352975a75aa2-76423d754898.wav,9.0416,10.8669,5.964
metricgan,p301_008_mic2-eac5179f1dcd-710bbde3ffba.wav,13.9657,10.5658,8.443
metricgan,p301_010_mic2-a446dc2902b2-62b93c80e6b7.wav,14.8017,11.9759,3.916
metricgan,p301_013_mic2-11645f98e890-42f136a0bd1f.wav,11.6832,11.0134,5.126
metricgan,p301_022_mic2-2c2624f75745-196f029fbf47.wav,14.7471,10.3373,7.544
metricgan,p301_024_mic1-bb946418df71-1884218e794a.wav,15.5944,9.3364,8.092
metricgan,p301_031_mic2-b871decf3ab9-f99677a986b5.wav,14.4492,11.6996,3.251
metricgan,p301_051_mic2-0328f26b392f-297a16d19cf4.wav,14.9001,11.6086,3.439
metricgan,p301_055_mic2-e7a9052ea67a-d1eef665f484.wav,13.5236,12.2304,4.658
metricgan,p301_058_mic2-8ae6ae50e091-026308e314f6.wav,14.6382,12.1302,4.289
metricgan,p301_061_mic2-75e3deede450-cdf479994563.wav,15.6346,12.1749,4.441
metricgan,p301_064_mic2-784a2c4833a6-87add932708a.wav,15.6882,11.9689,5.048
metricgan,p301_072_mic2-dd287dbf3b60-f4dfdd6e413d.wav,15.3498,12.5535,4.642
metricgan,p301_091_mic1-e8adf751c086-074be3e67972.wav,15.4608,13.1439,3.749
metricgan,p301_092_mic1-a45bccb2bd9a-4433dbad1268.wav,14.1736,10.8972,5.096
metricgan,p301_094_mic2-cd47d9128b41-c887dba4d7cb.wav,14.6293,12.4134,5.267
metricgan,p301_110_mic2-d4e94ee5be0e-ce58de64b2ec.wav,14.5726,12.2677,4.188
metricgan,p301_111_mic2-6737460066c0-efcf625a7cf3.wav,14.8209,10.8195,5.997
metricgan,p301_115_mic2-3ee88c50df4c-dd005ceaa842.wav,12.5005,12.5263,4.589
metricgan,p301_126_mic1-27a83dbf074c-50d5d1ffc98b.wav,15.0743,14.3533,5.389
metricgan,p301_129_mic2-74e3d37583a9-393cf794014a.wav,15.8325,12.3577,4.443
metricgan,p301_134_mic1-2554e4de4c46-c2d4c451c0c0.wav,16.2092,10.8218,4.891
metricgan,p301_134_mic2-cbfbefaef7e0-567e61daeb98.wav,14.3149,11.3225,4.891
metricgan,p301_149_mic1-61ad2e9f7296-b2cad03b76b3.wav,16.541,11.7056,4.499
metricgan,p301_151_mic2-f7d6c35086d9-0e21ee3be2fa.wav,14.0329,11.3223,5.008
metricgan,p301_152_mic1-8eb9746301ad-50acf436be6a.wav,14.6504,11.437,3.872
metricgan,p301_171_mic2-3ea4b7efbf95-0329485e1289.wav,16.3008,12.0411,4.345
metricgan,p301_173_mic2-ab0235f9e513-7c1dee20679b.wav,14.5905,12.5975,3.804
metricgan,p301_178_mic2-637fdd92d40e-ba1aa2a955fb.wav,15.1395,12.6941,4.01
metricgan,p301_229_mic2-a41fb44fbcc0-e8249fb39869.wav,13.482,12.7239,4.06
metricgan,p301_231_mic2-9f127bbcfa92-645d9914014e.wav,14.493,11.668,3.88
metricgan,p301_240_mic2-3b98ffd00b34-536e71394557.wav,13.7796,11.572,5.406
metricgan,p301_255_mic2-626a2accba2d-371d83997fa5.wav,13.4959,12.239,4.524
metricgan,p301_259_mic2-cf613e245c4f-bbb9c8d9a6ad.wav,16.0092,11.9441,5.254
metricgan,p301_266_mic2-78bf21236a85-6c3ab1ea1dbe.wav,14.2633,12.249,3.613
metricgan,p301_271_mic2-9c5723da2d52-568e52f7bf55.wav,14.5939,12.7676,4.012
metricgan,p301_321_mic2-4f315bd85bd5-1d0ceed284ff.wav,14.0168,11.9015,4.487
metricgan,p301_330_mic2-70685173cdce-c7ea3ec264e8.wav,14.7759,11.7768,4.352
metricgan,p301_331_mic2-d774bf96fc27-e8ca9fb3fb2e.wav,15.7313,11.7116,5.305
metricgan,p301_339_mic1-9460c0281567-ada377782f80.wav,14.9634,13.4733,5.017
metricgan,p301_351_mic2-3567475b050f-08107a867657.wav,13.2398,12.0448,3.713
metricgan,p301_352_mic1-26f33360361e-e15adc86f34c.wav,12.4485,13.2002,4.394
metricgan,p301_361_mic1-91bed28aa5a0-a2e74aa4a9b9.wav,13.7929,15.5734,3.843
metricgan,p301_367_mic2-aecdd65aa0df-08a6b24085d4.wav,16.7917,11.9723,4.106
metricgan,p301_371_mic1-29fb0fbc6900-dd5ea574136d.wav,15.8442,9.9543,4.665
metricgan,p301_406_mic1-eaffb5f39046-31188bd77af8.wav,13.9009,15.9411,3.096
metricgan,p302_040_mic2-b8e8fefc2b17-8020e6db5dd7.wav,10.3712,12.2395,3.823
metricgan,p302_081_mic1-9953723d3d9b-4e611a7df0d9.wav,10.3296,11.2411,3.67
metricgan,p302_131_mic2-96a6a0a1bbee-0aa13de85727.wav,10.0768,12.4817,3.488
metricgan,p302_134_mic2-585dc4a2a420-8dffa5325e4c.wav,11.7948,11.8556,3.121
metricgan,p302_137_mic1-e45db6c222e4-a2a336ce0409.wav,11.7851,10.4721,3.557
metricgan,p302_138_mic2-3f1ef95b1733-9efb66e4ad65.wav,10.2933,11.429,4.041
metricgan,p302_148_mic2-64fe476483cd-f301be2eb023.wav,10.2616,11.9598,4.27
metricgan,p302_175_mic2-5e7076f8e3ce-189b1d0157b0.wav,9.2912,11.6903,3.398
metricgan,p302_180_mic2-68e02b65529d-0824cad61c02.wav,10.9501,11.8829,3.554
metricgan,p302_211_mic2-d62caa739af2-2c21542ccf3c.wav,9.051,11.5587,3.689
metricgan,p302_260_mic2-343577497f62-3256f72ee22b.wav,12.5998,12.2327,3.577
metricgan,p302_261_mic2-5a7b4213a188-8d0300e9d459.wav,10.8666,12.4076,4.583
metricgan,p302_272_mic2-1d5f431391a7-f66f80285799.wav,10.8256,11.8486,3.513
metricgan,p302_278_mic2-47a45482fa7e-ab5863a2b3d1.wav,11.4869,11.0734,3.224
metricgan,p302_286_mic2-0d0055ccef4e-69f59c8ebe7a.wav,11.5826,11.7956,3.546
metricgan,p302_295_mic2-d13b66a6dac6-7224d1963b0f.wav,10.3739,12.3521,3.075
metricgan,p302_305_mic2-23f48b05c4f3-1042ccd64fc5.wav,11.5429,11.9409,3.844
metricgan,p302_307_mic2-994bc5ca469a-5a65601c7067.wav,11.6885,11.514,3.108
metricgan,p303_010_mic2-0e88ee63651a-b1c4f77886de.wav,14.4547,12.5289,4.214
metricgan,p303_014_mic2-af3a9506031d-4cb8041906a8.wav,11.0731,11.2403,5.995
metricgan,p303_032_mic2-452729adf37a-87ecafd9a412.wav,13.0393,12.5814,3.546
metricgan,p303_038_mic2-ee23ae9d90b0-23f0ba4e520d.wav,12.5236,12.8159,4.61
metricgan,p303_054_mic2-e49452fbc0bb-4ddff17e12b3.wav,16.2299,12.3967,4.47
metricgan,p303_095_mic2-c3b33fa16bf4-b11746941f42.wav,12.1365,11.6536,4.309
metricgan,p303_102_mic2-44bf7f7e2297-904b7753fd21.wav,11.2514,11.1711,4.697
metricgan,p303_106_mic2-8afea0516fe6-efbb3a2a7598.wav,13.6754,11.9475,4.275
metricgan,p303_131_mic2-0c3aabe8a3c1-a85c7d615d4c.wav,12.0362,12.5918,3.549
metricgan,p303_149_mic2-0f5f52564fdc-af81918f6e65.wav,15.1037,12.2472,4.785
metricgan,p303_152_mic2-aa82cb6b08f8-55c29051c890.wav,10.6952,12.1683,5.011
metricgan,p303_207_mic2-456bccf6a3d5-9a4900290d67.wav,15.4443,11.8823,3.032
metricgan,p303_222_mic2-6958aa355c30-923b3064a518.wav,15.1812,11.9498,4.194
metricgan,p303_225_mic2-7ca2aea141b9-ab006af1e725.wav,14.569,13.2316,6.554
metricgan,p303_230_mic2-98577c1a7749-8d8be49d8368.wav,12.394,12.7794,5.204
metricgan,p303_234_mic2-c9af0dfe82bc-959b19ef01ad.wav,13.3173,11.1003,4.89
metricgan,p303_236_mic2-a3e0c9802280-1eb6f80a1e31.wav,15.26,11.0113,3.03
metricgan,p303_238_mic2-275d9df42d32-b6ab862763a5.wav,16.4299,11.74,4.433
metricgan,p303_255_mic2-7074d2722672-65558e62180c.wav,15.5395,12.9055,4.042
metricgan,p303_311_mic2-caefb957b47b-6a826df9e3d9.wav,15.2317,15.1463,4.823
metricgan,p303_334_mic2-f485689dd14a-c4e09d91dada.wav,12.6038,10.563,3.969
metricgan,p303_335_mic2-282956914d19-167c1fe76475.wav,13.1406,12.3423,4.091
metricgan,p303_341_mic2-57aebe8f9928-b5a84ea3e6dd.wav,14.4164,11.3183,4.133
metricgan,p303_343_mic2-18bb4df09aa0-47922b8952de.wav,14.8721,10.6903,3.91
metricgan,p303_350_mic2-808c24fa3f39-fb20e746cbda.wav,12.4301,12.5462,4.212
metricgan,p304_008_mic1-c4ba5b80ac9d-cfb7927c3c92.wav,12.9291,9.2448,8.133
metricgan,p304_031_mic2-0a896c71ac2e-8b5c6493c279.wav,11.7773,18.1756,3.952
metricgan,p304_035_mic2-3cc269af4087-5db4cdc94030.wav,11.8696,13.9803,3.504
metricgan,p304_048_mic2-c07b192e3f84-6926bcd616f9.wav,10.5654,15.6557,3.971
metricgan,p304_057_mic2-dc1fc8fd66a1-71dc29f33d61.wav,12.0445,13.1126,3.289
metricgan,p304_085_mic2-da83e5f336ea-869a0337846e.wav,10.8539,12.6164,3.295
metricgan,p304_095_mic2-8a6adadba348-d3c62bd19f40.wav,12.2373,15.0048,3.355
metricgan,p304_107_mic2-3163238ff75d-50868c8dd37c.wav,11.5202,13.5712,4.229
metricgan,p304_175_mic2-def787f792bd-617e209b2b04.wav,10.2915,14.0355,3.366
metricgan,p304_210_mic2-2919c83ecd33-a475ee3b93c2.wav,11.401,12.676,4.085
metricgan,p304_258_mic2-9208dd7a29bc-ddf1da108ea9.wav,11.6776,13.6593,3.37
metricgan,p304_263_mic2-d053dac57a6c-dcd62208cd34.wav,10.751,11.8413,3.131
metricgan,p304_307_mic2-18441f16e208-6a9228b3c259.wav,11.8501,13.0702,3.673
metricgan,p304_342_mic2-9e40575f2c94-75dad5044fc3.wav,11.379,14.0998,3.547
metricgan,p304_365_mic2-01926fb1b6b9-4ae0e85893d1.wav,11.3014,15.0362,3.235
metricgan,p304_371_mic2-561487198b88-0b7fad09586f.wav,10.5517,13.4315,4.008
metricgan,p304_414_mic2-569d8fb6ef91-12d19b2d9e85.wav,11.8899,11.9802,3.501
metricgan,p304_420_mic2-0df60984097c-9888aba22c91.wav,13.1951,19.517,3.158
metricgan,p305_006_mic2-14c48e5d3370-19150e8af6bc.wav,15.2128,9.8982,5.663
metricgan,p305_028_mic2-89e522208fcd-b3ded2d53527.wav,12.925,12.2197,3.922
metricgan,p305_033_mic2-4eb44d3892cf-ed74a0b79712.wav,13.4837,11.9761,3.46
metricgan,p305_067_mic2-a0dd60cbad0e-1155d6bf0452.wav,14.8053,12.2474,3.547
metricgan,p305_081_mic2-6ce550a81cca-e3465f171a5e.wav,13.9818,10.3983,4.479
metricgan,p305_094_mic2-d9f68f24c8c8-b87213ab5225.wav,16.6911,10.1466,3.885
metricgan,p305_130_mic2-c9380d2d8bfe-59cd36e11172.wav,14.5699,11.2379,4.583
metricgan,p305_143_mic2-2bb6a5accd68-143448eaa846.wav,12.9121,10.6966,3.216
metricgan,p305_147_mic2-e639477728ec-bb25e79e8c35.wav,11.5675,9.9448,3.909
metricgan,p305_156_mic2-82223393fe14-accbec7e327d.wav,13.6075,10.7209,3.277
metricgan,p305_174_mic2-497c7c17680d-f599b8a99047.wav,9.3735,10.8952,3.713
metricgan,p305_195_mic2-86c62deaa2b0-3f6cf5ebd2c5.wav,14.8553,10.6551,3.072
metricgan,p305_222_mic2-14dbe705c568-c67b94e223c3.wav,15.6735,10.8301,3.533
metricgan,p305_335_mic2-e15a6bb6cf03-bf8208c999c5.wav,13.245,9.865,4.329
metricgan,p305_373_mic2-c496d8a4e306-06ba369ea1e0.wav,15.1724,10.1447,3.076
metricgan,p305_414_mic2-1ac40a1ce8aa-8566bf2b0a5b.wav,13.5715,10.888,3.45
metricgan,p306_003_mic2-dc16f5b66f20-be55e35a2dbe.wav,15.5771,10.7674,8.83
metricgan,p306_009_mic2-18fc2d057305-888b66258fe8.wav,14.5232,11.4903,6.171
metricgan,p306_025_mic2-442fc2b753cf-1f0bfd877b22.wav,14.9055,11.9275,6.304
metricgan,p306_032_mic2-fd069f269d1a-89a4b86a46d5.wav,15.4597,11.3856,4.385
metricgan,p306_045_mic2-1e4b300e400a-3a5d9c3d7372.wav,15.4218,12.6689,4.539
metricgan,p306_046_mic2-2dabf1bcfeb2-6c6309e72311.wav,13.9271,11.646,4.731
metricgan,p306_090_mic2-805c03545e96-7ee08997b325.wav,15.866,11.7124,4.982
metricgan,p306_099_mic2-dfc280bdab7b-aac5180f7ede.wav,13.5402,11.1683,5.733
metricgan,p306_104_mic2-1cb09ed5eb82-cb462fa4c6dc.wav,15.0399,11.536,3.799
metricgan,p306_131_mic2-1ce314f5f452-f7f6bfff65ee.wav,16.106,11.7015,3.913
metricgan,p306_133_mic2-d11fada9c328-d9e51e7d01a0.wav,13.9051,10.473,3.76
metricgan,p306_174_mic2-0911aabeb2d0-83c3cb15ee35.wav,15.3706,11.5986,4.143
metricgan,p306_212_mic2-14968857fb21-da7397481f8f.wav,14.4078,11.8169,4.362
metricgan,p306_237_mic2-840d35bec1bb-b046f4749231.wav,14.3951,12.5672,4.626
metricgan,p306_240_mic2-41c7976fbb54-2eb30d54132a.wav,13.8788,11.9351,4.185
metricgan,p306_245_mic2-ddada8d05c12-0aa2850baf0b.wav,15.3765,11.7183,6.378
metricgan,p306_269_mic2-c176778c1ae4-4fa8f0d54280.wav,15.9623,11.4848,5.083
metricgan,p306_322_mic2-03ac1418d43e-477e3f23362c.wav,13.8492,11.3815,6.481
metricgan,p306_335_mic2-f796bce3d7e7-dfe229527884.wav,14.4937,11.8177,3.991
metricgan,p306_351_mic2-42ab99ba3621-3b86c1882661.wav,13.415,11.3927,6.887
metricgan,p307_010_mic2-29eb880caf22-cee123e5e3b7.wav,16.9813,11.6828,4.042
metricgan,p307_011_mic2-4c7bc10db0dd-9e66ab1868c9.wav,14.4114,11.9431,7.541
metricgan,p307_012_mic2-75abde3a45f9-1a74bb7fc9f7.wav,6.3625,11.4062,5.367
metricgan,p307_045_mic2-073958afe0ec-4c434aa9f6fd.wav,11.9282,11.6776,4.991
metricgan,p307_052_mic2-7f51eb24776d-9b1be79997a2.wav,15.2182,11.6588,3.531
metricgan,p307_054_mic2-d2af08e584ee-1faac370fa0c.wav,7.4729,11.2618,4.64
metricgan,p307_055_mic2-cebd107d1de4-03fbe0365182.wav,10.2706,11.9944,4.507
metricgan,p307_058_mic2-c970bc5a8ba1-367613dc1fca.wav,14.7978,12.048,3.42
metricgan,p307_064_mic2-3e9dcff930fa-c250039471be.wav,16.2378,11.5939,5.668
metricgan,p307_065_mic2-5a42ea209ead-56dc062f7743.wav,16.3083,11.671,6.753
metricgan,p307_092_mic2-34e74ac4e01f-f2a8079ead11.wav,14.0524,11.2423,4.926
metricgan,p307_094_mic2-34969f851ac5-e8e5df52ff62.wav,13.0028,11.73,4.171
metricgan,p307_106_mic2-c3d4ab7c009f-6c910251095c.wav,10.32,11.7816,4.312
metricgan,p307_113_mic2-5301dd772e21-486bbe90b249.wav,9.4261,11.6735,4.028
metricgan,p307_118_mic2-c1166bb2c6e8-acd1036bec7b.wav,15.802,11.5424,4.574
metricgan,p307_147_mic2-f829c6760338-c57a83dd99ec.wav,8.3819,11.5531,4.512
metricgan,p307_148_mic2-0e7a35e4c5d4-f74a97754c29.wav,15.8474,11.9384,4.43
metricgan,p307_158_mic2-ace83d467f05-91b24f7e912b.wav,13.762,11.811,4.16
metricgan,p307_180_mic1-d704cfc624e9-7db3ddde5bec.wav,15.0859,12.6288,4.991
metricgan,p307_181_mic2-143cc34a77dd-8ec6510ed352.wav,10.7977,11.8341,4.381
metricgan,p307_187_mic2-92b61760f068-243ee0f37b1e.wav,11.3038,11.4709,3.707
metricgan,p307_195_mic2-3d824593d16b-8a89f3f5d210.wav,13.1856,12.161,3.821
metricgan,p307_201_mic2-a3caa8bbb815-b3692f509120.wav,17.7749,14.4692,3.131
metricgan,p307_206_mic2-8cbed831b6ba-0b982bbc5048.wav,14.5757,11.8893,4.327
metricgan,p307_207_mic1-613e80a91133-8172822deb26.wav,16.0382,10.0211,4.952
metricgan,p307_208_mic2-2c7bd51feaae-d52c33ff2094.wav,16.8572,11.939,3.363
metricgan,p307_217_mic2-609803cd763e-3c27c16baa39.wav,14.7359,11.8729,4.333
metricgan,p307_232_mic2-8b4756879f16-0eecb2ed029b.wav,14.737,13.8394,3.737
metricgan,p307_245_mic2-c6ef7dd83e87-586c7da17b5b.wav,15.3079,12.7284,4.481
metricgan,p307_254_mic2-5432b419c034-8cf8dacb3779.wav,15.2591,12.5782,3.594
metricgan,p307_258_mic2-83caf11802a4-a8f361dd7940.wav,15.193,11.8898,4.203
metricgan,p307_262_mic2-abb2bd9e82d2-9efb1ce6ee20.wav,12.3497,11.9092,4.426
metricgan,p307_273_mic2-99a88093ae7d-a0a3b1a8d07c.wav,10.6738,11.5876,3.941
metricgan,p307_291_mic2-d4c0483bcd4f-12cfdf73f983.wav,12.4701,11.259,5.425
metricgan,p307_305_mic2-9061db9c49ba-8b3625e86be0.wav,13.2118,13.3345,4.311
metricgan,p307_313_mic2-a6035dae71fc-0e8e6828cc66.wav,16.0427,11.2876,3.891
metricgan,p307_317_mic2-d4ce80d2dce9-016ca85a548f.wav,15.2644,11.5151,4.287
metricgan,p307_358_mic1-79444a4a26b2-54dfc53b025e.wav,18.513,11.0509,3.609
metricgan,p307_360_mic2-463d8798594b-504fc4dbe667.wav,15.2327,11.6239,3.135
metricgan,p307_367_mic2-69f667e73669-988a0231b0b2.wav,16.2327,11.4012,3.667
metricgan,p307_373_mic2-72b58c9834c8-2e2273184b15.wav,10.0976,11.7911,3.793
metricgan,p307_419_mic2-2d39f74379e8-2d51afa5e4a4.wav,11.4595,11.7225,3.928
metricgan,p308_043_mic2-3805d06bd6f0-7d404babbf8e.wav,11.8151,11.5245,3.117
metricgan,p308_061_mic2-87a58ebb29b4-31f66f0746a3.wav,5.8437,11.1043,4.353
metricgan,p308_214_mic2-3a307e5a7e56-19ba907264eb.wav,-0.7484,11.2222,3.589
metricgan,p308_261_mic2-ec49269eb248-231873c87d11.wav,10.7306,11.3646,3.075
metricgan,p308_285_mic2-b843c07e714d-0c8857907fe4.wav,15.8962,12.1019,3.329
metricgan,p308_306_mic2-20fc4649e3ed-06a592ac60c1.wav,15.5332,12.8168,3.162
metricgan,p308_377_mic2-bc817e96a4de-958c5ac885a7.wav,13.2281,12.2378,3.499
metricgan,p308_411_mic2-e709c0966297-4941463ad16e.wav,15.0855,11.8875,4.012
metricgan,p308_413_mic2-884d5aa62b4a-32ab75a8d75c.wav,15.3906,11.394,4.729
metricgan,p308_417_mic2-4a01bb47fd7e-3d1e31af7a25.wav,14.3625,12.6821,3.588
metricgan,p310_008_mic2-146e41af7e83-61dc601feeb6.wav,15.4945,9.5697,8.301
metricgan,p310_019_mic2-fee821d37b8f-08d6ac30639e.wav,16.6193,10.1794,7.862
metricgan,p310_021_mic2-9173a93fd3a7-ca7f1a55f353.wav,16.6199,8.9394,10.903
metricgan,p310_032_mic2-3d357f141905-b81ccf014000.wav,15.265,13.4402,3.856
metricgan,p310_111_mic2-a1616cce0cc1-591252c9fd85.wav,15.987,12.8179,3.475
metricgan,p310_128_mic2-65fd4af2504b-09dc0b1a078f.wav,14.3737,12.7683,3.971
metricgan,p310_145_mic2-3f9798301bf8-3650dda0a536.wav,16.9404,13.997,3.416
metricgan,p310_164_mic2-a1377df477b1-47ff1003cc40.wav,14.1613,11.8888,3.266
metricgan,p310_229_mic2-6ead4e674554-407435760f98.wav,16.7329,11.8206,3.175
metricgan,p310_278_mic2-90a0a0877162-012fe619159e.wav,13.4937,11.8891,4.16
metricgan,p310_282_mic2-984f200c8d69-5ccb99c12dc2.wav,14.5549,12.0426,3.328
metricgan,p310_318_mic2-4b9e4dcaf9d2-ca9de60adc6f.wav,14.4418,14.0614,5.168
metricgan,p310_359_mic2-ad7b8bbe95b8-e67081aa22b8.wav,15.9952,11.278,4.683
metricgan,p310_381_mic2-0f0ea7b14c3f-43b2a4e3f74b.wav,15.2827,11.997,3.161
metricgan,p310_388_mic2-d5d08d0b1932-5accaadb4972.wav,17.5289,11.3021,4.591
metricgan,p310_396_mic2-6f9b4773e0a4-18933b83a814.wav,18.1399,12.9935,3.229
metricgan,p310_416_mic2-f2d9e7ef0ea3-a30d68e522e8.wav,13.7428,12.4152,3.392
metricgan,p310_418_mic2-8c31fb44fcd2-d5d799fad9cf.wav,15.5363,11.6522,3.673
metricgan,p311_007_mic2-bf08b56b03f9-3a34a966279f.wav,7.8153,10.9694,6.119
metricgan,p311_009_mic2-b0a7a0484bd9-349fc3f98675.wav,9.0495,11.1018,4.666
metricgan,p311_011_mic2-2edead142117-8d60e7374c4d.wav,8.7193,9.27,6.468
metricgan,p311_012_mic2-d4e245547d75-d463f020acfd.wav,9.1445,10.9957,5.128
metricgan,p311_020_mic2-a61fd7277433-c691796f74cd.wav,8.8827,11.3415,4.579
metricgan,p311_033_mic2-733ea9b18403-583ae0525d6d.wav,8.174,11.6858,3.721
metricgan,p311_038_mic2-2e305beb3697-c6bc1e520752.wav,9.3382,12.992,3.381
metricgan,p311_087_mic2-f57b0c5198c6-08c2f2c57641.wav,9.5663,12.3096,3.577
metricgan,p311_096_mic1-474bc97f4a8d-fec950efaff0.wav,8.7625,13.0031,3.159
metricgan,p311_125_mic2-88381bff03b8-9cb3f3c6eac9.wav,8.9211,12.8388,3.22
metricgan,p311_142_mic1-0496725d8450-b49fd7c9a3f2.wav,9.3983,14.6481,3.464
metricgan,p311_219_mic2-f8700e08debb-55406f17244d.wav,10.2955,10.9534,3.954
metricgan,p311_256_mic2-8477ff8ad5a6-8b698896748a.wav,10.4572,10.2061,3.675
metricgan,p311_285_mic1-2836386f9033-4ec9fb918e52.wav,9.8098,15.2922,3.425
metricgan,p311_341_mic1-64a984cbffd0-f6aad86d1eb4.wav,10.1191,12.8246,3.243
metricgan,p311_348_mic1-905da95455e8-336e39149c2a.wav,9.3377,15.6089,3.558
metricgan,p311_348_mic2-7504ee23afe5-f7aafb5ba361.wav,9.602,10.932,3.558
metricgan,p311_356_mic1-62cb36b7629f-b55099adbe12.wav,9.1382,15.6875,3.028
metricgan,p311_366_mic2-0f1592c712c6-6f029f46779b.wav,9.3235,11.3953,3.313
metricgan,p311_417_mic2-293ccef3bdbd-a3312315304a.wav,10.2158,12.4305,3.587
metricgan,p312_011_mic1-47c1f15ef145-fee58aa2d176.wav,15.2833,8.7862,7.127
metricgan,p312_027_mic1-1c5e5e5485d5-389cf20e2b72.wav,15.1126,10.3771,4.1
metricgan,p312_058_mic1-7eadfd5db003-c1472c303f9d.wav,17.3438,8.5323,3.246
metricgan,p312_073_mic1-b74a3b8199ad-1694a17562ac.wav,16.3607,10.1385,3.074
metricgan,p312_123_mic1-670bbe3ef441-ae573fd5140c.wav,17.0875,10.6537,3.716
metricgan,p312_182_mic2-f76575668a10-c1288e02df1f.wav,15.161,11.8584,3.033
metricgan,p312_237_mic1-8c5b9e91c4c6-f240416fc6da.wav,17.8011,8.1202,3.215
metricgan,p312_262_mic1-dcdf14dd3b69-98c5a851eb56.wav,18.0374,11.1731,3.185
metricgan,p312_393_mic1-e34413053ae1-03835facddcb.wav,16.2415,10.8295,3.462
metricgan,p313_003_mic2-84fe2c2123da-f0d7744d57af.wav,15.3377,11.4839,10.134
metricgan,p313_009_mic2-f64b5786d572-b65793a3e8a0.wav,11.844,11.5453,5.483
metricgan,p313_010_mic2-0143a10a4be5-635739aec365.wav,14.63,11.6112,4.923
metricgan,p313_012_mic2-6c72dcd01219-e5bb6b56e299.wav,12.5347,11.5365,7.099
metricgan,p313_015_mic2-2aefa50fcd94-6023448f7895.wav,11.0585,11.882,6.514
metricgan,p313_019_mic2-41079c571e95-ae54edd064b8.wav,13.9963,11.1344,7.714
metricgan,p313_061_mic2-2a0bb28e185c-308fc9a73da5.wav,13.5393,11.7824,4.229
metricgan,p313_068_mic2-febb3a808527-f2254f9b7a33.wav,13.7535,11.5844,5.125
metricgan,p313_091_mic2-5d9694949240-4d68061241ef.wav,15.4902,11.6134,5.466
metricgan,p313_134_mic2-fc9c91921f63-b78a58e58a40.wav,15.3212,11.473,3.329
metricgan,p313_178_mic2-8b498068c897-4a164120608f.wav,13.3118,12.2,3.414
metricgan,p313_196_mic2-4f78842e2808-023e19543844.wav,14.1106,11.7272,3.162
metricgan,p313_243_mic2-f7c4ed278909-8122e9868313.wav,14.3027,12.3081,4.366
metricgan,p313_281_mic2-f831c1848c31-b972c84d7fd6.wav,12.7183,11.2842,4.739
metricgan,p313_355_mic2-e2f3476bbd68-ace068814fb5.wav,14.0802,12.1966,4.289
metricgan,p314_006_mic2-cc9beab68b06-6b1bb6d297dd.wav,15.0972,10.6241,6.125
metricgan,p314_008_mic2-0d7f22266bcf-30a101d76bd2.wav,15.2678,10.1583,7.661
metricgan,p314_014_mic2-724711b29a19-ba0abc196f25.wav,14.3583,10.5404,5.334
metricgan,p314_044_mic2-f1d3967c7c0d-4f0203d1f363.wav,15.5558,12.2768,4.201
metricgan,p314_053_mic2-f1b4efe2b046-f9c42a5e66bd.wav,13.1501,12.4713,3.118
metricgan,p314_061_mic2-7d2d42c5d5dc-8b0cfd55241c.wav,13.5798,12.8154,3.002
metricgan,p314_092_mic2-83d7e767d8e8-aa5120addb1e.wav,14.8328,12.3017,3.545
metricgan,p314_108_mic2-f6593cb61c7f-b2c8cf4ccf6c.wav,15.2365,13.0335,3.331
metricgan,p314_157_mic2-a836c723bb59-311ef3758be0.wav,15.9725,12.2318,3.075
metricgan,p314_212_mic2-70c931bcd590-aaf7ecf3b0ab.wav,14.1195,10.3843,3.913
metricgan,p314_233_mic2-774d4bc239b3-163dc14c817c.wav,17.1546,11.7935,3.545
metricgan,p314_265_mic2-38147553524e-b8d295765bfd.wav,13.9491,9.8913,3.717
metricgan,p314_313_mic2-39db92f8ff43-c22f59bd9782.wav,14.5678,10.4556,3.109
metricgan,p314_327_mic2-46e45ff27d10-b9643c7a38e9.wav,16.4678,11.1443,3.76
metricgan,p314_348_mic2-839ca989d15c-12b1b509f705.wav,13.3857,10.7087,3.346
metricgan,p314_374_mic2-84b5493f15c8-e41eaa79823f.wav,14.4153,10.4393,3.843
metricgan,p314_407_mic2-448619ea90bb-ce9d3184a6e3.wav,12.2513,10.6085,3.14
metricgan,p314_418_mic2-f3309ce64bd4-d3264b3176bc.wav,14.3945,10.5525,3.118
metricgan,p316_069_mic2-7462c0b424f9-92d5f9567141.wav,7.2405,10.8537,3.347
metricgan,p316_138_mic2-7d89d52bbfff-55179b3570ac.wav,9.3254,10.8084,4.095
metricgan,p317_002_mic2-68bd663bbe69-22458d0ed502.wav,14.8363,11.4655,3.286
metricgan,p317_006_mic2-1ec87c5b5389-720c1ee31413.wav,15.8289,10.7104,6.679
metricgan,p317_015_mic2-6aebea204691-d56da3f2c21d.wav,15.8107,11.272,6.314
metricgan,p317_021_mic2-28ba365e4a12-2d77763e544e.wav,16.591,9.8067,9.713
metricgan,p317_030_mic2-48736dd2332c-652c06bdebcf.wav,16.6134,10.6941,3.459
metricgan,p317_049_mic2-3d76cdd1d451-3674f86766bd.wav,15.2909,10.5096,3.429
metricgan,p317_053_mic2-b609ad9c8d16-9e658e5c61ca.wav,16.819,11.0305,3.103
metricgan,p317_074_mic2-bb5ef71a4eba-d0db4394d16d.wav,15.397,10.5277,3.616
metricgan,p317_096_mic2-8fa97cb6cea3-8ad721c76152.wav,15.593,11.6723,3.118
metricgan,p317_202_mic2-80bade36947f-717a0e30a698.wav,15.5476,10.4057,3.31
metricgan,p317_209_mic2-9d4664d97b18-4f663ee1058a.wav,18.3388,10.6289,3.02
metricgan,p317_210_mic2-35e75cca2659-56f08a62b0bc.wav,16.3632,10.9867,3.898
metricgan,p317_224_mic2-682904ec1ff8-ffb3a59c48f6.wav,17.4555,11.0982,4.112
metricgan,p317_258_mic2-a74c238195fb-f185366bcf78.wav,16.953,10.7817,3.842
metricgan,p317_266_mic2-4bd5eab55c28-b65ae9cf9fd1.wav,15.7507,10.8944,3.059
metricgan,p317_270_mic2-71117af3c614-dfc6a45b41ab.wav,17.2183,11.6305,4.069
metricgan,p317_287_mic2-caa4301c3a1b-d1af3cb003db.wav,17.4342,10.8116,4.854
metricgan,p317_333_mic2-1f62e083cb65-b621232859a9.wav,15.6914,11.087,3.925
metricgan,p317_391_mic2-a76e0f2d7884-87f8953e3151.wav,15.9985,11.2349,3.221
metricgan,p317_420_mic2-fb7a492dc8d6-9b4215d661ed.wav,18.5244,11.8867,3.692
metricgan,p318_015_mic2-3c5b6e3d2161-11619430f5cf.wav,14.3684,9.7993,6.331
metricgan,p318_037_mic2-fd4561406829-d079ce5d22fe.wav,14.1218,12.0006,4.192
metricgan,p318_068_mic2-820bd9c8157f-1d0d2c58f982.wav,15.3935,10.9697,4.014
metricgan,p318_069_mic1-14ad94395f57-57c4c417c58e.wav,16.19,11.505,4.473
metricgan,p318_087_mic2-cf05ef5bd6f8-fb8171716d40.wav,13.8775,10.3297,3.756
metricgan,p318_091_mic2-c4a9615d61fd-7c5dae637f4f.wav,15.7772,12.1759,3.715
metricgan,p318_108_mic2-522c37c02730-48d5bfa93bc2.wav,16.0755,10.8699,3.612
metricgan,p318_121_mic2-a0ad0f5075a6-ac19caa628cb.wav,12.4105,11.0821,3.074
metricgan,p318_137_mic2-b616c55c9d3e-bd34ed633625.wav,14.6847,11.0835,4.184
metricgan,p318_158_mic2-12dfd6b8f895-33caac451390.wav,11.7847,12.6502,3.171
metricgan,p318_233_mic2-3f2b6576b365-f07b92eaea3f.wav,14.4428,12.759,3.201
metricgan,p318_240_mic2-4d610e84c1f5-692b65af777b.wav,16.7488,12.6298,3.253
metricgan,p318_243_mic2-7213ca399d56-e77ca307ed74.wav,15.4064,10.6278,3.845
metricgan,p318_279_mic2-11c41f5c2162-c364fabcf604.wav,14.653,12.2534,3.167
metricgan,p318_296_mic2-497b5f520d09-2d51fd47edb1.wav,12.2028,11.7099,3.503
metricgan,p318_330_mic2-007c9fb1c1ad-6221b13fc05c.wav,13.8477,11.4664,3.286
metricgan,p318_331_mic2-aa438a9255cc-baa8def695b9.wav,13.8139,12.1281,3.461
metricgan,p318_350_mic2-bc9bcbdef1d1-d6afea2d314e.wav,14.616,11.6541,3.325
metricgan,p318_366_mic2-5a75644a5a58-bf533a6285a3.wav,14.0762,11.3777,3.338
metricgan,p318_368_mic1-b37b2681c421-374c52cbafb1.wav,15.2787,10.9071,3.841
metricgan,p318_369_mic1-b8ccaa6d1db6-0388122ac147.wav,15.383,9.9197,3.717
metricgan,p318_397_mic1-2938645fd0fd-039e071df2c2.wav,17.7355,11.1,3.291
metricgan,p323_002_mic1-21af596a9cee-f679576ecdd1.wav,17.4616,11.0282,3.629
metricgan,p323_009_mic2-0aa71fc215a9-8c2fd39e928a.wav,9.8271,10.9592,6.677
metricgan,p323_026_mic1-7c90c602dd94-f9136f82bf64.wav,16.3407,10.9003,3.717
metricgan,p323_028_mic2-9123bcce49ae-0e7819ba763b.wav,15.8201,11.5257,3.033
metricgan,p323_030_mic2-bdf1a59fe35e-a31165421c3e.wav,15.8855,11.8257,3.118
metricgan,p323_067_mic2-6e2794bd0e53-c090620333db.wav,16.714,10.367,3.504
metricgan,p323_068_mic1-6657a43b93d3-365d5979b8d7.wav,18.9812,8.7285,3.418
metricgan,p323_087_mic2-4f261fc6cc73-3581fe715903.wav,13.4964,10.7947,3.794
metricgan,p323_089_mic1-3b45f3205ff8-132fbfed3119.wav,12.4886,11.5001,3.887
metricgan,p323_091_mic2-d183fce3a81e-f8bc6e7921d5.wav,2.3916,11.6385,4.271
metricgan,p323_106_mic1-5a5b3cd1c6a3-2776a681378e.wav,17.5562,10.8699,3.458
metricgan,p323_108_mic2-2d3351bb5a6f-2c927e2d3eb3.wav,19.5197,10.9838,3.417
metricgan,p323_140_mic1-daf39ee721ce-59f2718f3873.wav,18.3996,9.2177,4.229
metricgan,p323_142_mic2-79351212c632-9413636b14ef.wav,14.6784,11.0889,3.372
metricgan,p323_156_mic2-9525e34dbaa9-35952c7e1165.wav,15.7963,10.382,3.628
metricgan,p323_195_mic2-1b3303d8abdb-840b9ecccf01.wav,15.7999,11.2864,4.098
metricgan,p323_205_mic2-af0b1f3fc9d6-34f5f4e4fda3.wav,17.3662,10.8747,3.29
metricgan,p323_211_mic2-e5c189dfaf2d-55aaa3283e65.wav,10.015,10.5489,4.44
metricgan,p323_218_mic2-43fe9be96066-94f139a503b0.wav,16.8338,10.2405,3.077
metricgan,p323_219_mic2-349a7f746e23-ceaf1004e958.wav,16.8932,9.2712,3.204
metricgan,p323_235_mic2-43f9fbe13a23-c4f0e2e42ad5.wav,15.8911,10.6663,3.245
metricgan,p323_236_mic2-9f7aacb84c55-0eee51d1572f.wav,15.3477,10.5302,3.802
metricgan,p323_258_mic1-1db3ece2e523-023820073752.wav,14.361,9.5523,4.27
metricgan,p323_298_mic2-e24057bc8bf2-e5fcc23cd07a.wav,15.6694,9.5689,3.077
metricgan,p323_324_mic1-82091ace9787-ee9a025a84e6.wav,15.2991,10.9562,3.544
metricgan,p323_337_mic1-a56ce3b897b8-ba6b23aebab9.wav,14.9911,10.8744,4.439
metricgan,p323_343_mic2-cff31e157c57-310f9ad0374a.wav,15.466,8.7324,3.263
metricgan,p323_345_mic2-9aa86be956ad-1ae3b04ba8c5.wav,12.5458,9.9843,3.16
metricgan,p323_360_mic1-475d3dc29a87-83a355cb50d4.wav,14.9111,10.4855,3.543
metricgan,p323_390_mic1-912a35531aac-0b5f1e92a9e5.wav,18.2305,8.9101,3.631
metricgan,p323_404_mic2-608d664e4452-d40fa5bd7f28.wav,19.1098,8.688,3.539
metricgan,p323_410_mic1-62115a0c7f60-97fc43c2faf6.wav,16.7578,8.8993,3.374
metricgan,p326_003_mic2-7b4ecc711f07-e0a1f15debf4.wav,11.598,9.1501,7.0
metricgan,p326_021_mic2-6a262ecda034-d327fdf79dd1.wav,10.3559,10.6073,8.927
metricgan,p326_037_mic2-2bd721ba4b0c-b56512c91804.wav,9.7189,11.3432,3.616
metricgan,p326_052_mic2-f66ae22251f8-eab65b2ab05e.wav,9.2318,10.8241,3.31
metricgan,p326_176_mic2-c2cb40bc7598-a2b836a53762.wav,9.3412,10.8519,4.066
metricgan,p326_210_mic2-70494d0f8349-598f029c7335.wav,9.3826,12.0933,4.353
metricgan,p326_286_mic2-74636dcee9a6-f82a4cec9181.wav,9.8586,10.62,3.263
metricgan,p326_346_mic2-aeb487b06af5-4a145b47d06e.wav,8.1148,11.9448,3.61
metricgan,p326_351_mic2-59259b206e08-b56d671d7b02.wav,8.9927,11.8522,3.756
metricgan,p326_353_mic2-71ac62deae8c-280af415c665.wav,8.4327,11.5067,3.577
metricgan,p326_384_mic2-bbe27af3a98c-d0c6dcba6c80.wav,10.1599,11.6151,3.372
metricgan,p329_028_mic2-d94d52736e58-b54b44d169f2.wav,13.3534,12.0363,4.926
metricgan,p329_058_mic2-7d6ece49bd9a-dd8f18034b9c.wav,14.0238,11.296,3.182
metricgan,p329_072_mic2-e811fff32354-e31d78548595.wav,14.6593,10.6698,4.065
metricgan,p329_086_mic2-0b667d5769fb-4b5310ee98e0.wav,14.6859,10.9239,3.052
metricgan,p329_102_mic2-767a7e9f9959-dd6b1f7e3070.wav,14.2836,11.8389,3.73
metricgan,p329_111_mic2-62add0a80925-eeeca40d4356.wav,15.5444,12.9048,3.23
metricgan,p329_133_mic2-5954033d80c2-4f5dda3d0c4e.wav,14.6753,11.1735,5.126
metricgan,p329_138_mic2-032999ea4092-e8c61f16a4ee.wav,14.2918,11.4873,3.581
metricgan,p329_212_mic2-55c09ce8bcd1-a3faf9732767.wav,14.1937,10.4694,3.287
metricgan,p329_226_mic2-8a5323946a02-4c94866b1169.wav,13.4606,11.1149,3.41
metricgan,p329_252_mic2-6e001b6b6424-f445fa680438.wav,13.9335,11.1869,3.055
metricgan,p329_267_mic2-78efa15cbd3c-bb710071a74b.wav,14.3447,10.4905,3.194
metricgan,p329_271_mic2-5b673d4fd0d5-e18028c8d3e6.wav,14.7557,10.8091,3.757
metricgan,p329_273_mic2-25c026ee8e33-71df64548e9d.wav,14.041,11.1534,3.288
metricgan,p329_327_mic2-08aaa6b071af-916f8a431560.wav,15.0939,11.9524,3.519
metricgan,p329_343_mic2-9df8278522d0-60f4002b2c4c.wav,13.5108,11.43,3.504
metricgan,p329_345_mic2-7947bfa2552b-2e0b05a59a49.wav,12.9516,10.9006,4.377
metricgan,p329_350_mic2-aff23e8be32b-f268c11b5c50.wav,13.0879,12.1045,3.019
metricgan,p329_358_mic2-23b00e567d7a-e39db28c932f.wav,14.91,11.4606,3.385
metricgan,p329_366_mic2-b735e7ef81a0-5df12f136f37.wav,12.5761,11.0866,3.738
metricgan,p329_374_mic2-0afe58fe47a5-24eaec389d14.wav,13.649,11.2956,3.087
metricgan,p330_301_mic2-60a4a6109706-38545093caa0.wav,15.5566,10.7365,3.567
metricgan,p330_318_mic2-b544013e734e-2fd182550713.wav,14.1597,11.3111,3.934
metricgan,p330_341_mic2-fedfb9dffc19-2599bd003165.wav,14.2351,10.5495,3.803
metricgan,p330_413_mic2-f749dd84cfba-5a2906ea43c3.wav,14.253,9.2666,3.245
metricgan,p333_012_mic2-755a0e92d6d2-1aee457a000f.wav,15.2406,10.651,4.418
metricgan,p333_016_mic1-55eb67fbd047-d740bb896341.wav,15.0037,8.0589,5.849
metricgan,p333_017_mic2-033ce0ef1cd6-e53c0c219691.wav,15.8919,11.3813,3.419
metricgan,p333_021_mic2-0c82077f6491-f1c321c65383.wav,15.591,11.3321,8.41
metricgan,p333_109_mic1-31cf2a0696af-5641ffd8e49c.wav,14.3077,10.6763,3.63
metricgan,p333_125_mic2-1b91769ca400-f846d57f4b39.wav,14.9749,10.9314,3.033
metricgan,p333_140_mic2-e9824cc9ed4d-af1e99f5bec8.wav,16.2535,11.5503,3.799
metricgan,p333_173_mic1-eacfc6830946-6f54a1c92f1f.wav,16.5712,10.636,3.801
metricgan,p333_233_mic2-f9694e1571f1-ce9fe78f85e6.wav,15.3736,10.517,3.332
metricgan,p333_234_mic2-a3f330d27cb8-f52c18432d60.wav,13.8623,11.066,3.586
metricgan,p333_311_mic2-fa0bb84958f1-cf6a1d464aa3.wav,14.0426,11.43,3.457
metricgan,p333_316_mic2-0ff9e8e3948f-e87eba764a27.wav,14.3692,9.7533,3.969
metricgan,p333_353_mic2-9ed6ef656237-af016b3da5dd.wav,15.5206,10.5695,3.544
metricgan,p333_370_mic1-670b91bcb4ed-2a2de7a2c0f7.wav,14.4244,11.7834,3.544
metricgan,p333_407_mic2-25ebbfc3e8fe-308ae7eb2d0f.wav,15.3605,11.1481,4.054
metricgan,p333_416_mic1-c7057af768a7-4f3a1111d8e5.wav,16.768,8.0667,3.458
metricgan,p334_054_mic2-9a48743d6ca6-2828cdcbc864.wav,11.9827,11.252,3.479
metricgan,p334_074_mic2-e7dddb0f29c9-bba663cdeeb7.wav,10.8416,12.7754,3.21
metricgan,p334_098_mic2-b93c320f357a-a1f856b757cc.wav,10.2482,10.5603,3.205
metricgan,p334_162_mic2-02d76155a91b-3da991d27b84.wav,10.4882,10.4477,3.149
metricgan,p334_197_mic2-5f8b18193656-9aed58df10bb.wav,8.825,10.4106,3.332
metricgan,p334_199_mic2-e19eb7325bde-08391ff5286e.wav,9.16,12.3444,3.671
metricgan,p334_205_mic2-a6bba63798ba-acac77b98eb3.wav,11.3706,11.9618,3.289
metricgan,p334_228_mic2-7fba63b85179-a1603d781743.wav,10.8032,12.246,3.248
metricgan,p334_239_mic2-1bedcfd6b267-2dfba8a81502.wav,10.6209,10.655,3.408
metricgan,p334_240_mic2-d3f2386d6e2e-6dc5c09d4f16.wav,11.4786,10.3501,3.446
metricgan,p334_265_mic2-378e23122452-3aaed124cb28.wav,11.7338,11.255,3.203
metricgan,p334_324_mic2-ce31cdc20a73-64f95473c443.wav,11.5013,11.0523,3.245
metricgan,p334_407_mic2-c6ed284eb6a3-1f5838aec86b.wav,10.5932,11.8104,3.461
metricgan,p334_411_mic2-c8bbbbe786f9-b5b461ca8305.wav,11.4249,11.7019,3.161
metricgan,p335_036_mic2-3004f8cf6827-8d5b29143bdf.wav,15.8743,10.8087,4.321
metricgan,p335_042_mic2-d9b19698c64c-817d4d2ced59.wav,15.2204,10.6953,4.979
metricgan,p335_084_mic2-48403f189c74-6376b8be84ce.wav,12.7174,10.6521,3.375
metricgan,p335_087_mic2-94b9c37956c4-5bf97c5936f7.wav,14.3941,11.2228,3.686
metricgan,p335_095_mic2-02c0b13f0446-16d694d27a5a.wav,15.0482,11.2928,3.081
metricgan,p335_141_mic2-d475615e4bbd-842eaeff6e06.wav,14.2807,12.7592,3.544
metricgan,p335_152_mic2-501d4bc4264e-5959b33aa6c4.wav,13.7142,10.9208,3.29
metricgan,p335_173_mic2-ecb8466327be-4126e3ed6177.wav,14.9691,12.1341,3.341
metricgan,p335_178_mic2-58103afff6f1-668a8139a899.wav,14.9884,10.6018,4.61
metricgan,p335_233_mic2-06627696801f-244c061e790c.wav,15.1653,10.8168,3.004
metricgan,p335_245_mic2-fa330d7edd12-be309a2b6c03.wav,15.1714,10.9864,3.275
metricgan,p335_253_mic2-7059ab3d0baa-e4743be5869f.wav,16.1461,9.924,3.624
metricgan,p335_259_mic2-13ff6b2e5fcf-f63fa84d194e.wav,15.357,10.8719,4.713
metricgan,p335_278_mic2-d2db24e043cf-b66ece0ea15c.wav,15.6553,10.18,3.201
metricgan,p335_309_mic2-db6086708f6f-4b04830d52d4.wav,15.689,12.1245,4.396
metricgan,p335_323_mic2-6e54641355a8-a0629c7e9c22.wav,14.1967,12.438,4.484
metricgan,p335_328_mic2-9027b824dd20-758b5c99e428.wav,16.3243,10.868,4.293
metricgan,p335_341_mic2-6a3113d4665b-f3b88b98df4a.wav,16.963,10.6881,4.312
metricgan,p335_352_mic2-a17d40eb20be-06289522cc98.wav,14.5581,11.8872,3.287
metricgan,p335_356_mic2-177c6e9b2dc6-bbc56786a2f7.wav,12.6465,11.0027,3.743
metricgan,p335_359_mic2-ec3691e688f0-7ada514e9934.wav,16.222,9.2113,3.131
metricgan,p335_371_mic2-e3256fa349ab-bb7fd0329226.wav,14.581,11.9228,4.222
metricgan,p335_373_mic2-cb2fe6f09236-f68176240e78.wav,15.804,14.3991,3.36
metricgan,p335_378_mic2-4b2622fa3f1b-9c368671f372.wav,15.1974,12.3724,4.035
metricgan,p335_382_mic2-8db02164fd02-0ab125a03b0c.wav,16.0845,13.3319,4.305
metricgan,p335_388_mic2-c409b1f3f552-9063e964e272.wav,15.3745,13.3627,3.758
metricgan,p335_400_mic2-3ae40ce9557e-2ccef9d06748.wav,14.8973,10.9353,3.317
metricgan,p335_401_mic2-8ea006a70b9e-6b4f7a649300.wav,15.4282,10.681,4.13
metricgan,p335_409_mic2-ed7ca22c4e7d-4f706bb3291d.wav,14.095,10.1691,4.363
metricgan,p335_410_mic2-a77a5456643e-2caba7e15f19.wav,14.6008,10.8609,4.21
metricgan,p335_422_mic2-96aa4d3352fb-32b747bc5d83.wav,15.3637,10.9044,3.087
metricgan,p336_014_mic2-d1010b1693ab-05047d90ef4d.wav,15.8723,9.9817,5.316
metricgan,p336_063_mic2-0aebd707dc36-24ca1e0b615e.wav,15.38,10.9012,3.247
metricgan,p336_079_mic2-9bf60d773c19-268a1083b8e8.wav,15.1755,13.5315,3.889
metricgan,p336_080_mic2-5ddb26251c71-1d685e9eccef.wav,15.0887,11.9571,3.406
metricgan,p336_083_mic2-5e148261b884-0f8d0c5745dd.wav,14.2462,10.945,3.066
metricgan,p336_138_mic2-ea24fb86f056-147f866c5df3.wav,14.2826,11.883,3.034
metricgan,p336_142_mic2-c1d885a0626c-ea3c3df3be05.wav,14.1448,11.1752,3.085
metricgan,p336_160_mic2-00d7b3a91dec-76098f741c6b.wav,16.4083,13.4056,3.204
metricgan,p336_204_mic2-b5196ed4fd8e-c041ace36a98.wav,16.386,11.2815,3.074
metricgan,p336_245_mic2-695564fc5bcd-eaf0eee2f95e.wav,16.4398,11.5233,3.202
metricgan,p336_283_mic2-6b82282b1d26-bc35959ca714.wav,15.1951,9.5676,3.247
metricgan,p336_308_mic2-78823517671a-65288fc52c0b.wav,15.4144,11.6888,3.03
metricgan,p339_005_mic2-1901a9a5c2ff-fd0178726ca7.wav,16.468,8.2999,6.617
metricgan,p339_012_mic2-0111cc0526fc-f8700cef0e77.wav,15.9354,10.8611,5.281
metricgan,p339_021_mic2-99127ddaacbf-8cc1a84edc40.wav,17.7343,7.6838,9.686
metricgan,p339_179_mic2-9c9d36655420-2f8441a5dd16.wav,17.1895,9.78,3.317
metricgan,p339_244_mic2-6d2776b35195-98862658a60e.wav,17.229,15.759,3.653
metricgan,p339_254_mic2-7b387ef467dc-c7a8ef19789e.wav,17.5103,12.0109,3.06
metricgan,p339_292_mic2-48d3e61e7838-92df3858e1d3.wav,15.2621,10.9952,3.288
metricgan,p339_358_mic1-b16ae6f5093d-7a1192ec5e78.wav,17.9938,10.409,3.577
metricgan,p340_004_mic2-66aa41e04f87-cbfaaeadfe6c.wav,16.1955,9.9565,4.237
metricgan,p340_005_mic2-8e0ce6418fea-dcd409838f1a.wav,13.8685,10.0064,5.265
metricgan,p340_011_mic2-bcb34fbf8d58-21f0563e6950.wav,16.0957,9.624,6.529
metricgan,p340_016_mic2-64298e865652-e2a81c8ce4de.wav,15.2883,9.7958,5.969
metricgan,p340_078_mic2-d91beea97eff-5a813af9c392.wav,16.4394,10.9793,3.162
metricgan,p340_141_mic2-1b26dc375ef8-3af452c9e027.wav,15.2426,13.298,3.372
metricgan,p340_146_mic2-794e88b90e03-942994494539.wav,17.3356,12.4556,3.629
metricgan,p340_210_mic2-f64c28650c81-0a78d0272273.wav,17.7113,12.6762,3.33
metricgan,p341_008_mic2-bf14036cdedb-64cccb2ae025.wav,13.1229,10.0789,9.518
metricgan,p341_009_mic2-fb343ba8d4ae-cd9506cedf6a.wav,14.5246,10.4983,6.26
metricgan,p341_071_mic2-9ff5a4ebb3ca-79b6bf49b5f9.wav,15.1861,11.248,5.307
metricgan,p341_086_mic2-08bafeaf40ca-26b7c64bb059.wav,16.0951,12.1234,3.03
metricgan,p341_093_mic2-02b0ae5b9a02-0d7eccd0a007.wav,14.9935,11.4529,3.959
metricgan,p341_111_mic2-84ac973c99f0-6454a8e2ba63.wav,14.687,10.371,4.222
metricgan,p341_112_mic2-a6c2ad7e5e1e-8d1aea678950.wav,14.8608,15.2125,3.165
metricgan,p341_119_mic2-f18706338705-9c241b71dbf1.wav,16.211,11.6814,4.362
metricgan,p341_134_mic2-c5d4f03d32ce-aaf53ba634ea.wav,15.9458,11.3747,5.242
metricgan,p341_154_mic2-760b52d971d1-aa214149562b.wav,12.8915,11.3674,3.818
metricgan,p341_170_mic2-57f37af843d3-4c81a5c261b8.wav,15.395,12.3937,4.721
metricgan,p341_171_mic2-ddc7907618cc-e831e9231a8d.wav,13.3774,11.3011,4.362
metricgan,p341_196_mic2-9a79e65e42a0-d93a0ca597f2.wav,16.1494,11.2209,4.857
metricgan,p341_201_mic2-4ad89861c977-4a7d09082057.wav,14.1801,10.2353,4.14
metricgan,p341_233_mic2-d3b04603740b-00a928fc4e2b.wav,12.308,11.2697,4.689
metricgan,p341_238_mic2-5eed4513c525-812cd213d83a.wav,14.1247,11.2848,3.357
metricgan,p341_252_mic2-10918ba88175-d69c4f2c8a92.wav,13.7609,10.5817,3.47
metricgan,p341_253_mic2-234aaddf4d05-f4a6053ebf05.wav,15.3881,11.6448,3.762
metricgan,p341_304_mic2-4eea83d394df-a81ca41f83a1.wav,14.8673,10.9748,4.343
metricgan,p341_323_mic2-957719b85f7c-7769648fe023.wav,14.1906,11.6756,4.019
metricgan,p341_375_mic2-cdb07eb12837-c1353c98ef38.wav,15.6166,11.802,3.529
metricgan,p341_393_mic2-05bc6242b1c2-b03b582cdbb7.wav,14.2058,11.6329,4.281
metricgan,p343_362_mic2-53432a63d6d9-2711d9827343.wav,8.6781,12.1645,3.843
metricgan,p345_057_mic2-caf70a7faac0-556d679dba68.wav,10.0767,11.8311,3.045
metricgan,p345_132_mic2-80ec518d99b1-e6998053d942.wav,8.9306,15.0359,3.802
metricgan,p345_150_mic2-64ebc96c02de-fb1d0c0d32c5.wav,8.9666,10.0734,3.17
metricgan,p345_189_mic2-f5a4ad3f789a-643a3c124e8c.wav,9.2645,15.0563,4.95
metricgan,p345_233_mic2-5476f3b8cd19-fbdf4629753a.wav,8.2339,15.8541,3.373
metricgan,p345_243_mic2-b8c8d955baf7-70aef6667d6e.wav,8.2051,12.4325,3.328
metricgan,p345_246_mic2-96603139a436-7f12c9422c68.wav,8.7259,17.1912,6.104
metricgan,p345_260_mic2-e5ed6189ade8-86acc4db06db.wav,9.844,12.724,3.914
metricgan,p345_269_mic2-b92be7175f06-ee8bd841cf45.wav,8.7531,14.535,5.38
metricgan,p345_273_mic2-ed910c84dbda-c5e1ef17f7c7.wav,10.6281,10.1915,3.16
metricgan,p345_293_mic2-f3373379bde6-f5ad951a59f6.wav,8.2602,11.1597,3.204
metricgan,p345_333_mic1-2e83396fe42a-06b2fd1c5700.wav,9.1276,10.4372,3.106
metricgan,p347_020_mic2-95681ceb7189-104d86ef5448.wav,9.6918,9.3928,4.868
metricgan,p347_033_mic2-5d47882a3ac2-391696120b34.wav,8.8951,10.044,3.849
metricgan,p347_037_mic2-fded760babba-182691145e8f.wav,10.5091,10.552,3.246
metricgan,p347_072_mic2-5c8f34607a39-15e0c7a19f30.wav,8.9458,10.8781,3.798
metricgan,p347_140_mic2-1901086ae315-20709e56d1fa.wav,8.1204,11.6639,3.46
metricgan,p347_277_mic2-faf0a49ccbf7-06afabc330a9.wav,8.5838,10.8408,3.823
metricgan,p347_283_mic2-65c8c630067e-251f91408638.wav,9.1209,10.4631,3.207
metricgan,p347_285_mic2-e45d1d11a527-4b7ad85f3084.wav,8.8719,10.8238,3.713
metricgan,p347_291_mic2-b5f81dd815f5-a1338e9067c9.wav,9.8037,10.8699,4.438
metricgan,p347_293_mic2-1162b2f79b53-52104d4bd5d5.wav,11.2649,12.1837,3.456
metricgan,p347_295_mic2-de5beff75db1-265baacda695.wav,9.6939,11.9486,3.074
metricgan,p347_311_mic2-7f91691829d5-b04a61877423.wav,10.159,9.4901,3.022
metricgan,p347_320_mic2-dac6bf1ebe33-3b445c71f40d.wav,10.85,8.8031,3.886
metricgan,p347_327_mic2-b34d99bf02c0-52ebfae00914.wav,8.7823,11.0794,3.447
metricgan,p347_376_mic2-6763eea7e73b-2b4872119c91.wav,9.1334,9.6742,4.354
metricgan,p347_395_mic2-fe17f1f2860b-6575a6fc348a.wav,9.3175,11.1377,3.359
metricgan,p347_414_mic2-327c9b8e2523-2a2aa127ba90.wav,8.7147,10.6445,3.415
metricgan,p347_416_mic2-c7eb3d923d4b-01060c03f092.wav,8.4374,9.4133,3.63
metricgan,p351_003_mic2-1fcf0f7a70dc-36ea9d379982.wav,14.1653,11.4093,7.241
metricgan,p351_018_mic2-242e96168cd4-adb6d01254b5.wav,14.9142,11.2331,5.644
metricgan,p351_088_mic2-4113897d6c3c-a2a251bad08f.wav,9.5384,10.9181,3.418
metricgan,p351_097_mic2-3bf1ee7a519c-a0e0815d0c1b.wav,11.8688,11.739,4.047
metricgan,p351_100_mic2-80ec6b83534e-b62c44fd0886.wav,15.0917,11.5239,3.517
metricgan,p351_119_mic2-33b201654d50-15db43c83e84.wav,13.5161,11.5816,3.041
metricgan,p351_127_mic2-e0f2b9feca6a-692d03bc2e6c.wav,14.2667,11.6611,3.168
metricgan,p351_191_mic2-e46f76c6c133-5756cd2a8a6c.wav,14.1832,11.5831,3.639
metricgan,p351_196_mic2-676861a831cb-16b63eb49169.wav,14.2126,12.1246,3.976
metricgan,p351_264_mic2-7e5c0fe9069a-6ddc2da67465.wav,11.9267,11.5151,3.622
metricgan,p351_320_mic2-0f2889311954-5b5741578ee1.wav,13.1157,11.66,3.146
metricgan,p360_024_mic1-3a1944c43011-1a3ebfc2b14f.wav,7.8689,11.2586,7.107
metricgan,p360_068_mic2-440e0bc4695d-580602d35c00.wav,7.6902,13.1376,3.353
metricgan,p361_060_mic2-b9d89dc4cab1-459447258e0e.wav,0.9108,11.9835,3.673
metricgan,p361_076_mic2-a1569163b99c-24e51a2a764a.wav,16.1502,11.5041,4.608
metricgan,p361_135_mic2-3bb53abe05d4-07bd77bd3062.wav,16.4809,11.7719,3.041
metricgan,p361_232_mic2-8fb7823a8397-be4b43be7bbc.wav,14.2738,11.7976,3.576
metricgan,p361_233_mic2-cc591323c240-8643ec5bd502.wav,15.03,11.3974,3.052
metricgan,p361_325_mic2-90a79df00ec1-5fbe6d541770.wav,13.0187,11.5523,3.124
metricgan,p361_336_mic2-8d4aaeabc3e0-79ae08f95fc5.wav,14.4209,12.3596,3.042
metricgan,p362_321_mic2-811c6f6d429a-90cf2043deb9.wav,13.946,9.8971,3.119
metricgan,p363_005_mic2-6632fd3b605d-34b1e609602e.wav,10.224,12.2492,6.81
metricgan,p363_029_mic2-b9ffd0cd1b08-92f8ca0d3823.wav,8.2205,10.9447,3.182
metricgan,p363_072_mic2-014580fd683e-606a6f895d9f.wav,13.5253,11.6775,3.115
metricgan,p363_274_mic2-fabd86cd9960-3562d353d919.wav,10.1831,12.1313,3.418
metricgan,p363_423_mic2-1ad4a6c9705b-0fb3d13e1641.wav,9.6185,11.3353,3.15
metricgan,p364_014_mic2-a7de1bacda06-b21bc4110082.wav,7.1182,13.5386,5.194
metricgan,p364_026_mic2-0b2c5f88c130-58f00d4ab0af.wav,9.205,13.2115,4.004
metricgan,p364_030_mic2-97a840333e84-a16493ba4120.wav,9.2228,11.2949,3.869
metricgan,p364_038_mic2-7a2e89a4c4f9-7b734525cc55.wav,7.1178,12.6013,3.439
metricgan,p364_069_mic2-b7c698a0ab3d-0bac4ed1f696.wav,9.91,11.381,3.104
metricgan,p364_079_mic2-22a25014c8a6-a3d8abba3140.wav,10.3016,11.7405,3.06
metricgan,p364_206_mic2-a19747169550-3e464aa3c8bc.wav,9.6327,11.6485,3.093
metricgan,p374_023_mic2-c0ea9a20b019-d176a2dc7158.wav,12.6324,7.4158,13.109
metricgan,p374_083_mic2-29b0c6dc5c20-12d17efc72c3.wav,11.8871,9.6221,3.549
metricgan,p374_133_mic2-39afd5a5b171-09aedb08fe23.wav,10.4209,10.4022,3.638
metricgan,p374_208_mic2-232bd75a5154-e2a0a51a7278.wav,12.157,9.9386,3.286
metricgan,p374_211_mic2-ba872178e4b7-414f25279e25.wav,13.1658,9.7163,3.231
metricgan,p374_310_mic2-bc71787d9a3d-1cab588e5dff.wav,10.5801,10.1277,4.128
metricgan,p374_387_mic2-27c57a943d8d-92b7875b464c.wav,10.3243,10.292,3.051
metricgan,p376_346_mic2-2fa25d2a9a25-c8ff8161f43f.wav,8.5726,10.8729,3.213
