track,cond,model,si_sdr_base,si_sdr_enh,pesq_base,pesq_enh,dur_s
track_1,noise,gtcrn,18.020275,23.50567,1.8926262855529785,2.9216480255126953,3.024
track_1,noise,gtcrn,19.318298,20.702599,2.9572322368621826,3.596308946609497,4.928
track_1,noise,gtcrn,31.71757,31.066256,4.0333380699157715,4.257269382476807,4.4
track_1,noise,gtcrn,20.517435,20.818558,2.049868106842041,2.8203554153442383,4.576
track_1,noise,gtcrn,19.05875,21.740002,1.7314214706420898,2.7772343158721924,8.288
track_1,noise,gtcrn,25.07946,25.229557,4.266061782836914,4.402019500732422,4.432
track_1,noise,gtcrn,19.83805,21.988756,2.542224884033203,3.461716651916504,7.2
track_1,noise,gtcrn,20.498444,23.040443,1.381270170211792,2.3852646350860596,6.4
track_1,noise,gtcrn,25.238712,24.604233,2.826922655105591,3.696760416030884,4.784
track_1,noise,gtcrn,19.43064,20.599394,2.077855348587036,2.7938196659088135,3.904
track_1,noise,gtcrn,21.945322,22.142536,2.6336166858673096,3.2737114429473877,5.968
track_1,noise,gtcrn,14.541222,17.182304,1.805084466934204,2.4369916915893555,4.992
track_1,noise,gtcrn,15.36095,19.453226,1.2048799991607666,2.6072235107421875,7.984
track_1,noise,gtcrn,6.7075086,13.779544,1.169541597366333,1.8349007368087769,8.16
track_1,noise,gtcrn,12.857357,18.157001,1.3047267198562622,2.3855974674224854,8.848
track_1,noise,gtcrn,20.988834,23.5882,3.162278413772583,3.776033401489258,5.184
track_1,noise,gtcrn,17.990475,20.347921,1.8520219326019287,2.7193479537963867,6.32
track_1,noise,gtcrn,20.662298,22.554438,2.065302610397339,3.216407060623169,5.328
track_1,noise,gtcrn,18.648964,20.158451,2.5099101066589355,2.8748960494995117,4.496
track_1,noise,gtcrn,21.160198,24.546513,2.5076255798339844,3.559253215789795,6.768
track_1,noise,gtcrn,21.869751,22.362509,3.0500173568725586,3.598149299621582,4.928
track_1,noise,gtcrn,14.747232,22.28133,2.757720470428467,3.3265340328216553,4.496
track_1,noise,gtcrn,32.78537,24.543592,3.0761842727661133,3.5522842407226562,4.928
track_1,noise,gtcrn,22.415178,25.46028,2.518540859222412,3.822540283203125,3.216
track_1,noise,gtcrn,31.34617,28.318619,3.7356510162353516,3.745861768722534,8.864
track_1,noise,gtcrn,22.184868,23.067339,2.6586081981658936,3.3416500091552734,7.024
track_1,noise,gtcrn,19.32666,22.686695,2.4995946884155273,3.504211902618408,9.904
track_1,noise,gtcrn,14.33255,18.977314,1.4293769598007202,2.591315984725952,8.16
track_1,noise,gtcrn,13.855074,16.671894,1.4777103662490845,2.186619520187378,8.08
track_1,noise,gtcrn,24.041096,21.922081,2.8716039657592773,2.8854575157165527,3.776
track_1,noise,gtcrn,21.25272,21.458826,2.2784788608551025,2.923163890838623,3.296
track_1,noise,gtcrn,16.739048,22.734383,2.412719249725342,3.06327748298645,5.728
track_1,noise,gtcrn,30.062222,31.25946,3.277585983276367,3.703878164291382,9.856
track_1,noise,gtcrn,21.0564,23.580975,2.3083674907684326,3.141629457473755,7.632
track_1,noise,gtcrn,22.234596,23.011597,2.614447832107544,3.055792808532715,9.488
track_1,noise,gtcrn,15.221429,22.741346,1.54741370677948,3.2427122592926025,9.936
track_1,noise,gtcrn,21.608744,23.55529,1.834519386291504,3.068373680114746,8.736
track_1,noise,gtcrn,19.02758,18.264088,1.6348776817321777,2.5685527324676514,3.168
track_1,noise,gtcrn,17.722794,19.045692,1.2694900035858154,1.7858216762542725,5.632
track_1,noise,gtcrn,23.860554,24.990181,2.306401252746582,3.3792755603790283,3.248
track_1,noise,gtcrn,21.098202,26.550724,2.2944729328155518,3.892413377761841,8.656
track_1,noise,gtcrn,16.514103,19.645096,1.4084477424621582,2.194981098175049,6.0
track_1,noise,gtcrn,17.414457,21.477142,1.5997562408447266,2.524228811264038,5.456
track_1,noise,gtcrn,18.577509,20.580223,2.1911776065826416,2.9973981380462646,6.608
track_1,noise,gtcrn,23.59682,22.188208,2.767285108566284,3.445161819458008,3.616
track_1,noise,gtcrn,20.968132,23.690372,2.3386263847351074,3.1334292888641357,4.864
track_1,noise,gtcrn,16.125088,20.557438,1.628577470779419,2.6666457653045654,3.792
track_1,noise,gtcrn,19.566328,20.139606,1.7212551832199097,2.5095794200897217,3.184
track_1,noise,gtcrn,20.428894,23.410923,2.935701608657837,3.726252794265747,9.84
track_1,noise,gtcrn,20.211828,13.623657,2.130075693130493,2.6619884967803955,9.76
track_1,noise,gtcrn,20.068665,20.983107,2.207188606262207,2.6239469051361084,5.76
track_1,noise,gtcrn,23.706457,21.468784,2.237624168395996,3.0459144115448,9.952
track_1,noise,gtcrn,16.00965,16.987354,2.042198896408081,2.5734071731567383,9.952
track_1,noise,gtcrn,25.020294,24.17884,2.8647754192352295,3.5983517169952393,9.92
track_1,noise,gtcrn,18.482807,18.085686,1.7639014720916748,2.503937005996704,8.736
track_1,noise,gtcrn,19.52731,17.455166,2.4371426105499268,2.7542457580566406,5.04
track_1,noise,gtcrn,21.014614,25.704916,3.0900845527648926,3.693603515625,9.952
track_1,noise,gtcrn,13.934357,-3.5569386,1.4404945373535156,1.148618221282959,9.76
track_1,noise,gtcrn,15.975141,20.639822,1.5240097045898438,2.6359522342681885,10.0
track_1,noise,gtcrn,13.096062,16.581398,1.337033748626709,2.208433151245117,9.968
track_1,noise,gtcrn,32.717155,28.108002,3.540580987930298,3.7953388690948486,9.936
track_1,noise,gtcrn,22.796005,21.283329,1.9897946119308472,2.2436838150024414,5.92
track_1,noise,gtcrn,19.61373,25.173738,1.4656388759613037,2.970743179321289,9.856
track_1,noise,gtcrn,20.161713,10.2928915,1.6130046844482422,1.8475255966186523,9.984
track_1,noise,gtcrn,24.875359,15.223154,2.538987398147583,2.9749696254730225,9.808
track_1,noise,gtcrn,14.169941,18.024475,1.7872114181518555,2.834455966949463,9.84
track_1,noise,gtcrn,12.716641,14.521026,1.271584391593933,2.1392910480499268,9.904
track_1,noise,gtcrn,16.474134,16.8483,3.484253168106079,3.241297721862793,9.968
track_1,noise,gtcrn,22.218554,10.910023,2.0144612789154053,2.8495781421661377,4.624
track_1,noise,gtcrn,20.95496,23.401318,3.9443399906158447,3.767025947570801,9.984
track_1,noise,gtcrn,18.756622,19.980415,1.5611494779586792,2.576225757598877,9.984
track_1,noise,gtcrn,22.289482,24.271748,2.4638538360595703,3.1819229125976562,9.072
track_1,noise,gtcrn,23.10534,16.168844,2.8297083377838135,3.051722288131714,9.968
track_1,noise,gtcrn,18.525307,10.410536,1.943422794342041,1.854947566986084,9.856
track_1,noise,gtcrn,10.467187,21.804462,1.6663130521774292,2.9209794998168945,9.968
track_1,noise,gtcrn,23.107622,20.973343,2.2247233390808105,2.7990481853485107,9.984
track_1,noise,gtcrn,16.715246,22.03306,1.388413906097412,2.828856945037842,7.136
track_1,noise,gtcrn,28.139112,24.236996,2.829357385635376,3.3644206523895264,9.936
track_1,noise,gtcrn,19.146456,19.720922,1.9033795595169067,2.9988293647766113,9.952
track_1,noise,gtcrn,14.53553,14.360299,1.364506721496582,2.216452121734619,9.968
track_1,noise,gtcrn,29.788416,22.817726,2.301400899887085,2.5377590656280518,5.616
track_1,noise,gtcrn,20.966036,20.287033,2.2559754848480225,3.0873072147369385,5.488
track_1,noise,gtcrn,20.466534,21.109299,2.795682430267334,3.28403377532959,4.688
track_1,noise,gtcrn,13.506748,14.333733,1.1831001043319702,1.6746538877487183,5.072
track_1,noise,gtcrn,23.365894,18.734018,2.0396997928619385,1.997588872909546,7.12
track_1,noise,gtcrn,26.448881,27.47875,2.719449281692505,3.120466709136963,5.568
track_1,noise,gtcrn,12.274448,17.165474,1.5440073013305664,2.231642007827759,6.496
track_1,noise,gtcrn,26.899742,24.207043,3.1892154216766357,3.3325273990631104,9.984
track_1,noise,gtcrn,12.642988,19.417326,1.27675461769104,2.1087825298309326,9.904
track_1,noise,gtcrn,23.066635,25.880194,2.275822162628174,3.118215560913086,9.952
track_1,noise,gtcrn,29.941261,25.430408,2.7190299034118652,3.3528354167938232,9.968
track_1,noise,gtcrn,18.512808,16.282097,2.2714948654174805,2.641453266143799,9.984
track_1,noise,gtcrn,35.689663,26.348892,3.723921537399292,3.557394504547119,9.856
track_1,noise,gtcrn,22.792568,21.221233,2.134310483932495,3.1533162593841553,9.984
track_1,noise,gtcrn,20.49362,24.410212,2.5223355293273926,3.0570571422576904,9.152
track_1,noise,gtcrn,20.399162,22.5784,1.975742220878601,2.9224164485931396,8.864
track_1,noise,gtcrn,14.835398,21.839247,2.786405086517334,4.11501932144165,9.936
track_1,noise,gtcrn,21.742195,16.74418,2.011525869369507,3.0529563426971436,9.984
track_1,noise,gtcrn,21.022776,22.75796,1.7908724546432495,2.512638807296753,5.6
track_1,noise,gtcrn,25.697145,25.417747,2.6996207237243652,3.605478525161743,4.192
track_1,noise,gtcrn,24.344704,25.644527,2.5301661491394043,3.3499138355255127,3.296
track_1,noise,gtcrn,20.248192,21.209702,2.226518154144287,2.7561330795288086,3.792
track_1,noise,gtcrn,21.363121,22.882706,2.008547067642212,3.039085865020752,4.192
track_1,noise,gtcrn,21.352127,21.653444,2.131682872772217,2.924628973007202,4.496
track_1,noise,gtcrn,21.469398,23.436815,2.0336289405822754,3.178532361984253,4.0
track_1,noise,gtcrn,25.408249,24.563381,3.2002575397491455,3.486701488494873,3.2
track_1,noise,gtcrn,24.143679,24.646793,1.991201400756836,2.8601715564727783,4.592
track_1,noise,gtcrn,16.097343,17.87882,1.6878697872161865,2.5222983360290527,3.088
track_1,noise,gtcrn,16.211742,19.270325,1.365554690361023,2.649693250656128,3.296
track_1,noise,gtcrn,20.808418,23.372982,1.7061636447906494,2.4484751224517822,6.096
track_1,noise,gtcrn,11.666531,14.9491415,1.2720627784729004,2.08316969871521,3.888
track_1,noise,gtcrn,12.248682,15.030479,1.4033644199371338,2.566753625869751,3.6
track_1,noise,gtcrn,13.176746,18.01284,1.762254238128662,2.488124132156372,5.296
track_1,noise,gtcrn,31.37145,28.675888,3.279357671737671,3.6359331607818604,3.6
track_1,noise,gtcrn,21.158741,23.233574,2.0542941093444824,2.8324618339538574,4.4
track_1,noise,gtcrn,20.12554,22.729317,1.3435828685760498,2.712193250656128,4.288
track_1,noise,gtcrn,28.252256,23.589418,2.8872313499450684,3.422736406326294,4.896
track_1,noise,gtcrn,17.93905,24.330017,2.4043400287628174,3.366943120956421,3.2
track_1,noise,gtcrn,21.110144,23.077143,3.687074899673462,4.096813678741455,4.288
track_1,noise,gtcrn,19.976488,22.12432,1.8675081729888916,2.718601942062378,4.096
track_1,noise,gtcrn,20.28196,24.400814,1.3967339992523193,2.811647415161133,4.688
track_1,noise,gtcrn,18.172255,25.827396,1.9930157661437988,3.426464080810547,5.296
track_1,noise,gtcrn,21.094133,23.363903,1.5517451763153076,3.2502341270446777,4.8
track_1,noise,gtcrn,21.067049,22.905426,2.0710058212280273,3.118601083755493,4.192
track_1,noise,gtcrn,23.219015,23.506828,2.2737293243408203,3.085435390472412,3.6
track_1,noise,gtcrn,15.33018,19.41633,1.3314673900604248,2.594487428665161,5.2
track_1,noise,gtcrn,25.023212,27.922386,2.091951608657837,3.30841064453125,3.296
track_1,noise,gtcrn,22.121605,24.535927,2.021024227142334,3.0293147563934326,3.792
track_1,noise,gtcrn,11.506654,15.965023,1.3634133338928223,1.677329421043396,5.2
track_1,noise,gtcrn,21.40877,21.366947,3.255758762359619,3.5748093128204346,3.296
track_1,noise,gtcrn,25.699821,23.957752,3.7816553115844727,4.026890277862549,6.192
track_1,noise,gtcrn,32.830276,30.112995,2.4442074298858643,2.9087934494018555,3.392
track_1,noise,gtcrn,26.103716,27.548048,2.6043004989624023,3.4456942081451416,5.792
track_1,noise,gtcrn,17.605066,20.044468,1.4601950645446777,2.563131332397461,3.296
track_1,noise,gtcrn,17.268347,21.836708,1.241624355316162,2.5981862545013428,3.488
track_1,noise,gtcrn,15.1563015,18.867521,1.148404836654663,2.3720688819885254,4.992
track_1,noise,gtcrn,12.268668,17.034029,1.2520686388015747,1.881725549697876,4.096
track_1,noise,gtcrn,23.597427,22.97019,2.144392251968384,3.4399619102478027,3.792
track_1,noise,gtcrn,28.153479,26.295889,2.721083402633667,3.667259931564331,2.992
track_1,noise,gtcrn,18.857708,22.37962,1.368030071258545,2.9040780067443848,3.2
track_1,noise,gtcrn,26.152222,29.175343,3.4028501510620117,4.011637210845947,4.496
track_1,noise,gtcrn,18.111956,22.005016,1.474520206451416,2.903197765350342,5.488
track_1,noise,gtcrn,19.475317,21.57364,1.4808921813964844,2.495854139328003,5.392
track_1,noise,gtcrn,10.320315,16.41581,1.3099279403686523,2.366549015045166,6.0
track_1,noise,gtcrn,30.802576,28.82344,2.2586326599121094,3.396998405456543,3.888
track_1,noise,gtcrn,18.825275,20.2659,1.6957266330718994,2.95523738861084,3.888
track_1,noise,gtcrn,21.83853,22.181816,2.178978204727173,2.926839590072632,3.296
track_1,noise,gtcrn,19.018251,22.196808,1.419381856918335,2.7783572673797607,4.192
track_1,noise,gtcrn,21.296919,24.096096,1.4466115236282349,2.9734678268432617,4.0
track_1,noise,gtcrn,17.82286,21.35847,3.1053919792175293,3.628713369369507,5.792
track_1,noise,gtcrn,16.385925,21.24915,2.3558404445648193,3.0304195880889893,5.392
track_1,noise,gtcrn,20.329792,21.113283,2.1518545150756836,2.653489351272583,4.0
track_1,noise,gtcrn,26.957285,23.217154,2.838949203491211,3.059063196182251,3.936
track_1,noise,gtcrn,29.434402,15.510472,3.379441022872925,2.4839906692504883,5.984
track_1,noise,gtcrn,18.469994,11.872929,1.9448740482330322,2.2512505054473877,6.4
track_1,noise,gtcrn,13.842326,18.820728,1.4282842874526978,2.751455783843994,6.224
track_1,noise,gtcrn,20.190811,15.546459,3.4954748153686523,2.360978364944458,6.304
track_1,noise,gtcrn,12.386088,15.608093,1.321964144706726,2.8584694862365723,3.328
track_1,noise,gtcrn,12.359827,16.387484,1.5641272068023682,2.1072871685028076,3.264
track_1,noise,gtcrn,15.385523,17.890646,1.3969513177871704,2.6281533241271973,6.608
track_1,noise,gtcrn,22.811028,9.277212,2.3912949562072754,2.0824170112609863,7.888
track_1,noise,gtcrn,18.212141,15.096739,2.8204355239868164,2.78792405128479,5.072
track_1,noise,gtcrn,16.960228,19.81222,1.741457462310791,2.547488212585449,3.904
track_1,noise,gtcrn,29.512642,20.04301,3.6636688709259033,3.971066951751709,4.368
track_1,noise,gtcrn,19.46381,22.284832,2.599956512451172,3.0110409259796143,9.344
track_1,noise,gtcrn,14.01649,17.415512,1.4463493824005127,2.4350321292877197,3.216
track_1,noise,gtcrn,19.945114,21.918468,1.656982660293579,2.396251678466797,6.656
track_1,noise,gtcrn,20.614231,18.192263,2.464195728302002,3.123417854309082,5.488
track_1,noise,gtcrn,24.524305,18.17611,2.7608156204223633,3.1403651237487793,4.656
track_1,noise,gtcrn,28.094084,26.087542,3.208289861679077,3.7265002727508545,6.032
track_1,noise,gtcrn,19.055204,16.630491,2.1226296424865723,2.532942056655884,4.16
track_1,noise,gtcrn,21.359827,21.999405,2.4179697036743164,2.3086163997650146,3.968
track_1,noise,gtcrn,19.818771,23.556517,2.329463481903076,3.3879690170288086,3.12
track_1,noise,gtcrn,15.603747,17.088512,1.8815913200378418,2.2688539028167725,3.648
track_1,noise,gtcrn,16.46452,21.071106,2.0512807369232178,2.9032480716705322,6.544
track_1,noise,gtcrn,22.440266,21.64801,2.787637948989868,3.3728513717651367,3.392
track_1,noise,gtcrn,23.163588,24.188316,2.939746856689453,3.196819305419922,5.008
track_1,noise,gtcrn,22.845564,25.759514,2.4053187370300293,3.0316662788391113,3.408
track_1,noise,gtcrn,20.060797,21.45303,2.2043557167053223,2.6931395530700684,3.28
track_1,noise,gtcrn,18.5949,21.003094,2.6857964992523193,2.7734177112579346,3.584
track_1,noise,gtcrn,19.717258,21.256525,2.2591660022735596,2.938382148742676,3.184
track_1,noise,gtcrn,22.942106,23.919077,2.9608993530273438,3.2326509952545166,4.288
track_1,noise,gtcrn,26.411383,18.039936,3.4023799896240234,2.5104312896728516,3.616
track_1,noise,gtcrn,12.72448,18.001593,1.5677491426467896,2.186490058898926,5.792
track_1,noise,gtcrn,13.772879,21.796894,2.98628830909729,3.4099693298339844,4.736
track_1,noise,gtcrn,24.95321,22.805576,2.175381660461426,2.6835625171661377,3.664
track_1,noise,gtcrn,14.76671,18.098701,1.678532600402832,2.249131917953491,3.456
track_1,noise,gtcrn,18.407606,24.575617,1.9677373170852661,3.089282274246216,3.952
track_1,noise,gtcrn,14.937057,20.275284,1.3920007944107056,2.6876003742218018,3.232
track_1,noise,gtcrn,18.800537,21.779993,2.7063968181610107,2.9350857734680176,4.32
track_1,noise,gtcrn,23.400494,19.790253,3.001037359237671,2.946504831314087,3.36
track_1,noise,gtcrn,18.169865,21.90305,1.9827277660369873,2.935500383377075,3.152
track_1,noise,gtcrn,23.363346,22.449055,2.853986978530884,3.136960744857788,3.392
track_1,noise,gtcrn,19.212313,20.83519,2.3792669773101807,2.7982702255249023,3.808
track_1,noise,gtcrn,27.275402,26.149677,3.2872376441955566,3.6454668045043945,3.152
track_1,noise,gtcrn,14.413772,19.653812,2.028738260269165,2.073917865753174,3.408
track_1,noise,gtcrn,22.827873,25.25589,3.0792009830474854,2.8506951332092285,3.664
track_1,noise,gtcrn,13.813134,16.819263,1.502823829650879,2.299400806427002,3.2
track_1,noise,gtcrn,21.651632,22.347118,2.558438301086426,3.2409303188323975,5.664
track_1,noise,gtcrn,17.952806,22.391144,2.1892073154449463,2.865429639816284,3.76
track_1,noise,ulunas,18.020275,23.907875,1.8926262855529785,2.991746425628662,3.024
track_1,noise,ulunas,19.318298,20.625631,2.9572322368621826,3.5604512691497803,4.9280625
track_1,noise,ulunas,31.71757,32.700916,4.0333380699157715,4.2231926918029785,4.4
track_1,noise,ulunas,20.517435,24.337511,2.049868106842041,3.7312748432159424,4.5760625
track_1,noise,ulunas,19.05875,24.089188,1.7314214706420898,3.145252227783203,8.288
track_1,noise,ulunas,25.07946,26.1915,4.266061782836914,4.2605485916137695,4.432
track_1,noise,ulunas,19.83805,22.467468,2.542224884033203,3.7423601150512695,7.213375
track_1,noise,ulunas,20.498444,24.333746,1.381270170211792,2.515131711959839,6.4
track_1,noise,ulunas,25.238712,27.12678,2.826922655105591,3.631824493408203,4.784
track_1,noise,ulunas,19.43064,20.143423,2.077855348587036,2.9471333026885986,3.904
track_1,noise,ulunas,21.945322,24.035204,2.6336166858673096,3.555734634399414,5.968
track_1,noise,ulunas,14.541222,18.692148,1.805084466934204,2.564955472946167,4.992
track_1,noise,ulunas,15.36095,19.770817,1.2048799991607666,2.9171509742736816,7.984
track_1,noise,ulunas,6.7075086,14.466888,1.169541597366333,1.9885334968566895,8.16
track_1,noise,ulunas,12.857357,19.481333,1.3047267198562622,2.6779165267944336,8.848
track_1,noise,ulunas,20.988834,24.529919,3.162278413772583,3.8994240760803223,5.184
track_1,noise,ulunas,17.990475,19.971106,1.8520219326019287,2.751988172531128,6.333375
track_1,noise,ulunas,20.662298,24.359636,2.065302610397339,3.6898210048675537,5.3280625
track_1,noise,ulunas,18.648964,22.710047,2.5099101066589355,3.0550312995910645,4.496
track_1,noise,ulunas,21.160198,25.490799,2.5076255798339844,3.745863199234009,6.768
track_1,noise,ulunas,21.869751,23.016474,3.0500173568725586,3.797456979751587,4.9280625
track_1,noise,ulunas,14.747232,25.360245,2.757720470428467,3.699422597885132,4.496
track_1,noise,ulunas,32.78537,30.133173,3.0761842727661133,3.9174883365631104,4.928
track_1,noise,ulunas,22.415178,25.933163,2.518540859222412,4.001614570617676,3.229375
track_1,noise,ulunas,31.34617,30.331781,3.7356510162353516,3.79917573928833,8.8640625
track_1,noise,ulunas,22.184868,25.285149,2.6586081981658936,3.6391940116882324,7.024
track_1,noise,ulunas,19.32666,23.094246,2.4995946884155273,3.585200071334839,9.904
track_1,noise,ulunas,14.33255,19.837318,1.4293769598007202,2.8312129974365234,8.16
track_1,noise,ulunas,13.855074,17.596935,1.4777103662490845,2.525136709213257,8.08
track_1,noise,ulunas,24.041096,24.276508,2.8716039657592773,2.9802632331848145,3.776
track_1,noise,ulunas,21.25272,21.892454,2.2784788608551025,3.1559112071990967,3.296
track_1,noise,ulunas,16.739048,25.082952,2.412719249725342,3.335623264312744,5.728
track_1,noise,ulunas,30.062222,33.34303,3.277585983276367,3.784986734390259,9.856
track_1,noise,ulunas,21.0564,24.700817,2.3083674907684326,3.5229527950286865,7.632
track_1,noise,ulunas,22.234596,23.714626,2.614447832107544,3.1747751235961914,9.501375
track_1,noise,ulunas,15.221429,24.3064,1.54741370677948,3.5829505920410156,9.936
track_1,noise,ulunas,21.608744,24.441345,1.834519386291504,3.1916685104370117,8.736
track_1,noise,ulunas,19.02758,19.971817,1.6348776817321777,3.043012857437134,3.1680625
track_1,noise,ulunas,17.722794,20.843098,1.2694900035858154,1.8322434425354004,5.6320625
track_1,noise,ulunas,23.860554,25.68488,2.306401252746582,3.412468433380127,3.248
track_1,noise,ulunas,21.098202,26.658697,2.2944729328155518,3.8174591064453125,8.656
track_1,noise,ulunas,16.514103,20.604939,1.4084477424621582,2.51222825050354,6.0
track_1,noise,ulunas,17.414457,22.72099,1.5997562408447266,2.826493501663208,5.456
track_1,noise,ulunas,18.577509,21.406399,2.1911776065826416,3.181748867034912,6.6080625
track_1,noise,ulunas,23.59682,22.469933,2.767285108566284,2.7683351039886475,3.6160625
track_1,noise,ulunas,20.968132,25.04074,2.3386263847351074,3.308230400085449,4.864
track_1,noise,ulunas,16.125088,21.120804,1.628577470779419,2.5431032180786133,3.792
track_1,noise,ulunas,19.566328,20.79047,1.7212551832199097,3.1437833309173584,3.184
track_1,noise,ulunas,20.428894,20.933891,2.935701608657837,3.944427967071533,9.85225
track_1,noise,ulunas,20.211828,24.393421,2.130075693130493,3.368058681488037,9.7635
track_1,noise,ulunas,20.068665,22.293732,2.207188606262207,2.8414180278778076,5.7663125
track_1,noise,ulunas,23.706457,22.089617,2.237624168395996,3.3287477493286133,9.958
track_1,noise,ulunas,16.00965,17.054674,2.042198896408081,2.7061879634857178,9.961
track_1,noise,ulunas,25.020294,26.60326,2.8647754192352295,3.8146004676818848,9.921
track_1,noise,ulunas,18.482807,18.599798,1.7639014720916748,2.9641454219818115,8.737875
track_1,noise,ulunas,19.52731,17.770266,2.4371426105499268,3.016902208328247,5.04475
track_1,noise,ulunas,21.014614,20.422638,3.0900845527648926,3.5469532012939453,9.9625
track_1,noise,ulunas,13.934357,-0.5569177,1.4404945373535156,1.1919187307357788,9.762
track_1,noise,ulunas,15.975141,20.966381,1.5240097045898438,3.048321485519409,10.0
track_1,noise,ulunas,13.096062,17.94265,1.337033748626709,2.2837345600128174,9.9755
track_1,noise,ulunas,32.717155,26.932602,3.540580987930298,3.7899069786071777,9.9395
track_1,noise,ulunas,22.796005,20.21078,1.9897946119308472,2.572497606277466,5.923875
track_1,noise,ulunas,19.61373,25.49202,1.4656388759613037,3.1375393867492676,9.862
track_1,noise,ulunas,20.161713,21.63697,1.6130046844482422,2.9345505237579346,9.986
track_1,noise,ulunas,24.875359,20.303024,2.538987398147583,3.2309951782226562,9.8205
track_1,noise,ulunas,14.169941,19.010973,1.7872114181518555,3.0785207748413086,9.851
track_1,noise,ulunas,12.716641,16.566763,1.271584391593933,2.1654038429260254,9.917
track_1,noise,ulunas,16.474134,12.714129,3.484253168106079,3.44225811958313,9.9765
track_1,noise,ulunas,22.218554,8.016168,2.0144612789154053,3.1904988288879395,4.63125
track_1,noise,ulunas,20.95496,25.947315,3.9443399906158447,3.873750925064087,9.99675
track_1,noise,ulunas,18.756622,21.268063,1.5611494779586792,2.7392711639404297,9.9895
track_1,noise,ulunas,22.289482,24.905413,2.4638538360595703,3.1826860904693604,9.0805
track_1,noise,ulunas,23.10534,13.613512,2.8297083377838135,2.943385601043701,9.9795
track_1,noise,ulunas,18.525307,13.57823,1.943422794342041,2.002804756164551,9.8695
track_1,noise,ulunas,10.467187,23.487532,1.6663130521774292,3.0282793045043945,9.9705
track_1,noise,ulunas,23.107622,25.33407,2.2247233390808105,3.0236804485321045,9.98875
track_1,noise,ulunas,16.715246,22.531631,1.388413906097412,3.270538330078125,7.142125
track_1,noise,ulunas,28.139112,20.644053,2.829357385635376,3.521249771118164,9.944
track_1,noise,ulunas,19.146456,24.51096,1.9033795595169067,3.1961119174957275,9.9575
track_1,noise,ulunas,14.53553,5.748292,1.364506721496582,2.942988634109497,9.98025
track_1,noise,ulunas,29.788416,20.385063,2.301400899887085,2.699702024459839,5.6275
track_1,noise,ulunas,20.966036,18.217876,2.2559754848480225,3.2617106437683105,5.498625
track_1,noise,ulunas,20.466534,14.946533,2.795682430267334,3.0822880268096924,4.689375
track_1,noise,ulunas,13.506748,12.143773,1.1831001043319702,2.047327756881714,5.0735625
track_1,noise,ulunas,23.365894,19.27891,2.0396997928619385,2.4626197814941406,7.134375
track_1,noise,ulunas,26.448881,23.01713,2.719449281692505,3.5755774974823,5.571375
track_1,noise,ulunas,12.274448,17.550491,1.5440073013305664,2.4971585273742676,6.5080625
track_1,noise,ulunas,26.899742,26.288187,3.1892154216766357,3.6060969829559326,9.9905
track_1,noise,ulunas,12.642988,20.236204,1.27675461769104,2.3572442531585693,9.9175
track_1,noise,ulunas,23.066635,27.16198,2.275822162628174,3.717015504837036,9.9635
track_1,noise,ulunas,29.941261,17.725245,2.7190299034118652,3.495201826095581,9.97
track_1,noise,ulunas,18.512808,11.640741,2.2714948654174805,2.8606419563293457,9.98725
track_1,noise,ulunas,35.689663,28.520302,3.723921537399292,3.5974202156066895,9.862
track_1,noise,ulunas,22.792568,24.403238,2.134310483932495,3.324958086013794,9.9915
track_1,noise,ulunas,20.49362,24.201067,2.5223355293273926,3.279242515563965,9.1655
track_1,noise,ulunas,20.399162,22.344147,1.975742220878601,3.0926096439361572,8.8695
track_1,noise,ulunas,14.835398,20.919891,2.786405086517334,4.154353141784668,9.941
track_1,noise,ulunas,21.742195,15.641414,2.011525869369507,3.162537097930908,9.9905
track_1,noise,ulunas,21.022776,24.600243,1.7908724546432495,2.740826368331909,5.6
track_1,noise,ulunas,25.697145,24.906733,2.6996207237243652,3.396047592163086,4.2
track_1,noise,ulunas,24.344704,27.542582,2.5301661491394043,3.3725454807281494,3.3
track_1,noise,ulunas,20.248192,21.672237,2.226518154144287,2.6354689598083496,3.8
track_1,noise,ulunas,21.363121,24.42265,2.008547067642212,3.4720349311828613,4.2
track_1,noise,ulunas,21.352127,20.967598,2.131682872772217,3.256932020187378,4.5
track_1,noise,ulunas,21.469398,23.868057,2.0336289405822754,3.2170186042785645,4.0
track_1,noise,ulunas,25.408249,25.05044,3.2002575397491455,3.8546247482299805,3.2
track_1,noise,ulunas,24.143679,24.541204,1.991201400756836,2.972249746322632,4.6000625
track_1,noise,ulunas,16.097343,18.149532,1.6878697872161865,2.7511677742004395,3.1
track_1,noise,ulunas,16.211742,21.01385,1.365554690361023,2.956684112548828,3.3
track_1,noise,ulunas,20.808418,23.982838,1.7061636447906494,2.49735164642334,6.1
track_1,noise,ulunas,11.666531,15.671788,1.2720627784729004,2.422982692718506,3.9
track_1,noise,ulunas,12.248682,15.43035,1.4033644199371338,2.7474722862243652,3.6
track_1,noise,ulunas,13.176746,18.758179,1.762254238128662,2.631999969482422,5.3
track_1,noise,ulunas,31.37145,29.190205,3.279357671737671,3.5219783782958984,3.6
track_1,noise,ulunas,21.158741,24.801182,2.0542941093444824,3.423271417617798,4.4
track_1,noise,ulunas,20.12554,23.418049,1.3435828685760498,2.7859344482421875,4.3
track_1,noise,ulunas,28.252256,27.130432,2.8872313499450684,3.5692877769470215,4.9
track_1,noise,ulunas,17.93905,24.941494,2.4043400287628174,3.7618954181671143,3.2
track_1,noise,ulunas,21.110144,25.742846,3.687074899673462,3.6578309535980225,4.3
track_1,noise,ulunas,19.976488,23.545189,1.8675081729888916,2.841323137283325,4.1
track_1,noise,ulunas,20.28196,24.011036,1.3967339992523193,3.029324769973755,4.7
track_1,noise,ulunas,18.172255,26.368973,1.9930157661437988,3.5562100410461426,5.3
track_1,noise,ulunas,21.094133,23.923012,1.5517451763153076,3.4395365715026855,4.8
track_1,noise,ulunas,21.067049,23.52602,2.0710058212280273,3.463949203491211,4.2
track_1,noise,ulunas,23.219015,25.745962,2.2737293243408203,3.513157844543457,3.6
track_1,noise,ulunas,15.33018,20.980951,1.3314673900604248,2.764756917953491,5.2
track_1,noise,ulunas,25.023212,29.352215,2.091951608657837,3.670870304107666,3.3
track_1,noise,ulunas,22.121605,25.1744,2.021024227142334,3.505112648010254,3.8
track_1,noise,ulunas,11.506654,20.263712,1.3634133338928223,2.508235216140747,5.2
track_1,noise,ulunas,21.40877,22.793722,3.255758762359619,3.6632678508758545,3.3
track_1,noise,ulunas,25.699821,24.91581,3.7816553115844727,4.123282432556152,6.2
track_1,noise,ulunas,32.830276,33.42023,2.4442074298858643,2.8714280128479004,3.4
track_1,noise,ulunas,26.103716,28.96357,2.6043004989624023,3.7834410667419434,5.8
track_1,noise,ulunas,17.605066,20.471188,1.4601950645446777,2.7128589153289795,3.3
track_1,noise,ulunas,17.268347,22.452606,1.241624355316162,2.760324478149414,3.5
track_1,noise,ulunas,15.1563015,19.443142,1.148404836654663,2.721673011779785,5.0
track_1,noise,ulunas,12.268668,17.26421,1.2520686388015747,1.976757287979126,4.1
track_1,noise,ulunas,23.597427,18.619606,2.144392251968384,3.002943754196167,3.8
track_1,noise,ulunas,28.153479,27.552826,2.721083402633667,3.694675922393799,3.0
track_1,noise,ulunas,18.857708,22.770252,1.368030071258545,2.9684059619903564,3.2
track_1,noise,ulunas,26.152222,28.298084,3.4028501510620117,3.6838436126708984,4.5000625
track_1,noise,ulunas,18.111956,22.537434,1.474520206451416,3.0697755813598633,5.5
track_1,noise,ulunas,19.475317,22.666971,1.4808921813964844,2.6668877601623535,5.4
track_1,noise,ulunas,10.320315,17.73184,1.3099279403686523,2.815399169921875,6.0000625
track_1,noise,ulunas,30.802576,31.062073,2.2586326599121094,3.396832227706909,3.9000625
track_1,noise,ulunas,18.825275,20.659182,1.6957266330718994,3.260345935821533,3.9
track_1,noise,ulunas,21.83853,22.566055,2.178978204727173,3.0243239402770996,3.3
track_1,noise,ulunas,19.018251,22.375198,1.419381856918335,3.0303354263305664,4.2
track_1,noise,ulunas,21.296919,24.798803,1.4466115236282349,3.107611656188965,4.0
track_1,noise,ulunas,17.82286,21.975801,3.1053919792175293,3.7527012825012207,5.8000625
track_1,noise,ulunas,16.385925,23.537848,2.3558404445648193,3.3833224773406982,5.4
track_1,noise,ulunas,20.329792,23.681095,2.1518545150756836,3.339684247970581,4.0
track_1,noise,ulunas,26.957285,25.504852,2.838949203491211,3.332669258117676,3.95
track_1,noise,ulunas,29.434402,17.774374,3.379441022872925,3.2169911861419678,5.99
track_1,noise,ulunas,18.469994,18.19548,1.9448740482330322,3.0166592597961426,6.41
track_1,noise,ulunas,13.842326,19.650251,1.4282842874526978,3.0591392517089844,6.23
track_1,noise,ulunas,20.190811,18.359863,3.4954748153686523,2.874831438064575,6.31
track_1,noise,ulunas,12.386088,17.127523,1.321964144706726,2.5830531120300293,3.3400625
track_1,noise,ulunas,12.359827,17.317484,1.5641272068023682,2.5027010440826416,3.27
track_1,noise,ulunas,15.385523,18.464724,1.3969513177871704,2.7884681224823,6.61
track_1,noise,ulunas,22.811028,17.040274,2.3912949562072754,2.9671924114227295,7.89
track_1,noise,ulunas,18.212141,18.210142,2.8204355239868164,3.148851156234741,5.08
track_1,noise,ulunas,16.960228,20.163818,1.741457462310791,2.741781711578369,3.91
track_1,noise,ulunas,29.512642,21.648117,3.6636688709259033,4.049255847930908,4.38
track_1,noise,ulunas,19.46381,21.330002,2.599956512451172,3.192011594772339,9.3500625
track_1,noise,ulunas,14.01649,19.416702,1.4463493824005127,2.7404658794403076,3.23
track_1,noise,ulunas,19.945114,22.600819,1.656982660293579,2.790710210800171,6.6600625
track_1,noise,ulunas,20.614231,20.100756,2.464195728302002,3.270656108856201,5.5
track_1,noise,ulunas,24.524305,19.169098,2.7608156204223633,3.120624303817749,4.67
track_1,noise,ulunas,28.094084,22.34831,3.208289861679077,3.7216238975524902,6.04
track_1,noise,ulunas,19.055204,17.192707,2.1226296424865723,2.944594383239746,4.1700625
track_1,noise,ulunas,21.359827,21.71492,2.4179697036743164,2.2078747749328613,3.97
track_1,noise,ulunas,19.818771,25.577085,2.329463481903076,3.8732876777648926,3.135375
track_1,noise,ulunas,15.603747,18.115658,1.8815913200378418,2.545147180557251,3.650625
track_1,noise,ulunas,16.46452,22.14428,2.0512807369232178,3.039140462875366,6.555625
track_1,noise,ulunas,22.440266,24.310947,2.787637948989868,3.390756607055664,3.40725
track_1,noise,ulunas,23.163588,24.786388,2.939746856689453,3.6267600059509277,5.0095625
track_1,noise,ulunas,22.845564,25.250626,2.4053187370300293,3.0188746452331543,3.4183125
track_1,noise,ulunas,20.060797,21.683628,2.2043557167053223,2.5359115600585938,3.287125
track_1,noise,ulunas,18.5949,22.866993,2.6857964992523193,2.58544921875,3.587
track_1,noise,ulunas,19.717258,22.21088,2.2591660022735596,3.044459342956543,3.1866875
track_1,noise,ulunas,22.942106,24.299332,2.9608993530273438,2.945366621017456,4.2965625
track_1,noise,ulunas,26.411383,18.100266,3.4023799896240234,2.637958526611328,3.6314375
track_1,noise,ulunas,12.72448,19.981577,1.5677491426467896,2.5452356338500977,5.805375
track_1,noise,ulunas,13.772879,20.502266,2.98628830909729,2.932617664337158,4.749875
track_1,noise,ulunas,24.95321,26.944489,2.175381660461426,3.11324405670166,3.672625
track_1,noise,ulunas,14.76671,19.435135,1.678532600402832,2.463660955429077,3.46275
track_1,noise,ulunas,18.407606,24.382454,1.9677373170852661,3.41841721534729,3.958
track_1,noise,ulunas,14.937057,19.865143,1.3920007944107056,2.363661050796509,3.24725
track_1,noise,ulunas,18.800537,20.958443,2.7063968181610107,2.8134989738464355,4.33225
track_1,noise,ulunas,23.400494,22.235767,3.001037359237671,2.7049667835235596,3.37175
track_1,noise,ulunas,18.169865,22.17926,1.9827277660369873,2.9707889556884766,3.16175
track_1,noise,ulunas,23.363346,22.993109,2.853986978530884,3.2855000495910645,3.396125
track_1,noise,ulunas,19.212313,21.371038,2.3792669773101807,2.842642307281494,3.8156875
track_1,noise,ulunas,27.275402,28.688128,3.2872376441955566,3.8147404193878174,3.1625
track_1,noise,ulunas,14.413772,20.443333,2.028738260269165,2.288198232650757,3.4171875
track_1,noise,ulunas,22.827873,25.077124,3.0792009830474854,3.2583463191986084,3.669875
track_1,noise,ulunas,13.813134,17.096682,1.502823829650879,2.4279794692993164,3.21575
track_1,noise,ulunas,21.651632,24.128414,2.558438301086426,3.3453598022460938,5.6716875
track_1,noise,ulunas,17.952806,23.581493,2.1892073154449463,3.0111546516418457,3.77075
track_1,reverb,gtcrn,-10.904684,-10.620962,1.254724383354187,1.3850493431091309,6.24
track_1,reverb,gtcrn,-8.156122,-8.011976,1.2433751821517944,1.3191232681274414,10.0
track_1,reverb,gtcrn,-6.0589385,-5.9751487,1.2259100675582886,1.238020896911621,4.96
track_1,reverb,gtcrn,-8.222659,-8.010992,1.3491251468658447,1.3339769840240479,3.6
track_1,reverb,gtcrn,-9.293762,-9.030936,1.1429325342178345,1.201658010482788,5.696
track_1,reverb,gtcrn,-10.555433,-10.444278,1.1387845277786255,1.1793100833892822,8.192
track_1,reverb,gtcrn,-11.192208,-10.828897,1.2785582542419434,1.2912869453430176,6.544
track_1,reverb,gtcrn,-6.3949194,-6.3026934,1.1517107486724854,1.1794577836990356,4.336
track_1,reverb,gtcrn,-11.81705,-11.578821,1.4798702001571655,1.5918025970458984,3.072
track_1,reverb,gtcrn,-10.032196,-9.834956,1.2833733558654785,1.3353297710418701,5.072
track_1,reverb,gtcrn,-9.249703,-9.010394,1.2537516355514526,1.2497941255569458,3.984
track_1,reverb,gtcrn,-11.861073,-11.824976,1.4335719347000122,1.3615076541900635,4.832
track_1,reverb,gtcrn,-9.060479,-8.746868,1.1671252250671387,1.2773618698120117,3.392
track_1,reverb,gtcrn,-7.6366835,-7.2639136,1.1174801588058472,1.2119065523147583,4.96
track_1,reverb,gtcrn,-11.329198,-10.93175,1.1682963371276855,1.2713367938995361,4.72
track_1,reverb,gtcrn,-6.4849377,-6.313159,1.3340952396392822,1.3700790405273438,3.888
track_1,reverb,gtcrn,-3.9700527,-3.5344813,1.2869123220443726,1.366524577140808,3.616
track_1,reverb,gtcrn,-5.936177,-5.6863885,1.20883309841156,1.3067491054534912,3.6
track_1,reverb,gtcrn,-10.25119,-9.928084,1.1388345956802368,1.2021228075027466,8.864
track_1,reverb,gtcrn,-11.840476,-11.732707,1.1739450693130493,1.2306016683578491,4.112
track_1,reverb,gtcrn,-6.6510673,-6.484021,1.1610883474349976,1.2341716289520264,8.656
track_1,reverb,gtcrn,-7.1669216,-6.9679523,1.2025256156921387,1.287172794342041,8.656
track_1,reverb,gtcrn,-5.8629284,-5.776428,1.4283161163330078,1.4715304374694824,3.344
track_1,reverb,gtcrn,-7.1034913,-6.830599,1.2853699922561646,1.3383229970932007,6.448
track_1,reverb,gtcrn,-7.2406855,-6.9340754,1.389113426208496,1.3512295484542847,3.6
track_1,reverb,gtcrn,-7.110854,-6.8878193,1.377174735069275,1.3464007377624512,3.296
track_1,reverb,gtcrn,-9.561144,-8.953958,1.1104904413223267,1.1501977443695068,9.008
track_1,reverb,gtcrn,-10.020213,-9.761003,1.110886573791504,1.1807481050491333,5.168
track_1,reverb,gtcrn,-8.171882,-7.776632,1.2068222761154175,1.3493192195892334,4.608
track_1,reverb,gtcrn,-9.334244,-9.114095,1.4680894613265991,1.5631563663482666,6.32
track_1,reverb,gtcrn,-10.192295,-10.005069,1.2515157461166382,1.368032693862915,9.376
track_1,reverb,gtcrn,-8.473085,-8.045493,1.1803858280181885,1.2283341884613037,4.832
track_1,reverb,gtcrn,-9.821758,-9.606554,1.2125219106674194,1.2303152084350586,3.952
track_1,reverb,gtcrn,-9.537666,-9.377275,1.222463607788086,1.3025727272033691,5.104
track_1,reverb,gtcrn,-11.582108,-11.263582,1.1623245477676392,1.2353827953338623,8.256
track_1,reverb,gtcrn,-11.516661,-11.390146,1.170182704925537,1.2087734937667847,3.376
track_1,reverb,gtcrn,-5.761161,-5.354781,1.139154314994812,1.2273144721984863,3.504
track_1,reverb,gtcrn,-5.237113,-5.0404997,1.313280701637268,1.349994421005249,6.096
track_1,reverb,gtcrn,-14.3808155,-14.173446,1.1983758211135864,1.2867956161499023,4.784
track_1,reverb,gtcrn,-13.898729,-13.68153,1.0997949838638306,1.146449089050293,8.384
track_1,reverb,gtcrn,-7.1403127,-7.010481,1.2144064903259277,1.3015607595443726,3.504
track_1,reverb,gtcrn,-6.8700533,-6.72163,1.2688544988632202,1.4967870712280273,8.064
track_1,reverb,gtcrn,-13.641883,-13.450991,1.1080198287963867,1.1540601253509521,5.12
track_1,reverb,gtcrn,-7.0068817,-6.8514786,1.2653942108154297,1.3591152429580688,5.584
track_1,reverb,gtcrn,-12.795637,-12.6368475,1.2390682697296143,1.3876519203186035,9.648
track_1,reverb,gtcrn,-8.86567,-8.684493,1.424383521080017,1.5178627967834473,4.56
track_1,reverb,gtcrn,-9.874464,-9.673026,1.184834361076355,1.2618017196655273,8.448
track_1,reverb,gtcrn,-10.704182,-10.653374,1.2253984212875366,1.2831263542175293,8.192
track_1,reverb,gtcrn,-13.346262,-13.0829735,1.1562548875808716,1.2060956954956055,9.968
track_1,reverb,gtcrn,-11.085255,-10.923718,1.1537020206451416,1.1944482326507568,9.968
track_1,reverb,gtcrn,-13.525071,-13.31752,1.1607069969177246,1.211151361465454,9.968
track_1,reverb,gtcrn,-12.318272,-12.131496,1.2491672039031982,1.30918288230896,9.984
track_1,reverb,gtcrn,-7.8388,-7.5919943,1.1940480470657349,1.239610195159912,8.4
track_1,reverb,gtcrn,-9.284122,-8.954989,1.2251206636428833,1.288939356803894,4.8
track_1,reverb,gtcrn,-9.77337,-9.583668,1.3538017272949219,1.5533440113067627,9.952
track_1,reverb,gtcrn,-8.741027,-8.509012,1.4271767139434814,1.5394142866134644,9.984
track_1,reverb,gtcrn,-15.684533,-15.417345,1.2774043083190918,1.3470513820648193,7.52
track_1,reverb,gtcrn,-9.391569,-9.213186,1.3754984140396118,1.5668197870254517,9.984
track_1,reverb,gtcrn,-10.47963,-10.401646,1.251668095588684,1.355296015739441,9.984
track_1,reverb,gtcrn,-8.904348,-8.703641,1.331580638885498,1.6237174272537231,9.904
track_1,reverb,gtcrn,-10.343168,-10.291626,1.2481598854064941,1.3657671213150024,9.968
track_1,reverb,gtcrn,-18.542196,-17.448307,1.3034435510635376,1.3155198097229004,9.968
track_1,reverb,gtcrn,-6.912908,-6.6920524,1.2493131160736084,1.3587017059326172,9.024
track_1,reverb,gtcrn,-14.934753,-14.502736,1.3808215856552124,1.3544921875,9.984
track_1,reverb,gtcrn,-12.800155,-12.521397,1.4959481954574585,1.6000163555145264,7.536
track_1,reverb,gtcrn,-11.098324,-10.94184,1.1251834630966187,1.2163033485412598,6.384
track_1,reverb,gtcrn,-10.884663,-10.480083,1.0879148244857788,1.1723823547363281,9.968
track_1,reverb,gtcrn,-11.306425,-11.054396,1.1569575071334839,1.2402454614639282,9.84
track_1,reverb,gtcrn,-7.312438,-7.128561,1.1275042295455933,1.1829158067703247,9.968
track_1,reverb,gtcrn,-6.559823,-6.1659975,1.1200172901153564,1.182311773300171,5.088
track_1,reverb,gtcrn,-10.781132,-10.405301,1.1075925827026367,1.206700325012207,9.984
track_1,reverb,gtcrn,-9.536633,-9.295114,1.1651043891906738,1.2170653343200684,9.984
track_1,reverb,gtcrn,-10.900709,-10.760143,1.1421548128128052,1.2256488800048828,9.92
track_1,reverb,gtcrn,-12.12268,-11.728661,1.1782418489456177,1.1630373001098633,9.888
track_1,reverb,gtcrn,-9.308625,-8.79318,1.3229960203170776,1.5028040409088135,9.968
track_1,reverb,gtcrn,-10.550824,-10.346537,1.2194020748138428,1.2883765697479248,4.128
track_1,reverb,gtcrn,-11.683153,-11.445768,1.3466541767120361,1.4102041721343994,9.712
track_1,reverb,gtcrn,-8.368687,-8.237234,1.3544704914093018,1.4708144664764404,9.984
track_1,reverb,gtcrn,-6.3429813,-6.2382655,1.2423465251922607,1.282443642616272,7.36
track_1,reverb,gtcrn,-9.291709,-9.107273,1.1177005767822266,1.219828486442566,9.984
track_1,reverb,gtcrn,-25.718521,-33.105293,1.2705271244049072,1.1572374105453491,9.84
track_1,reverb,gtcrn,-3.1958768,-3.876369,1.2905855178833008,1.3356598615646362,9.664
track_1,reverb,gtcrn,-11.520672,-11.180367,1.1809914112091064,1.2245934009552002,5.44
track_1,reverb,gtcrn,-12.275325,-12.124705,1.1529130935668945,1.2171499729156494,9.968
track_1,reverb,gtcrn,-6.5234466,-6.264482,1.2464178800582886,1.3532112836837769,7.552
track_1,reverb,gtcrn,-10.881959,-10.74223,1.1753052473068237,1.246380090713501,7.68
track_1,reverb,gtcrn,-8.412197,-8.107836,1.133915662765503,1.2565243244171143,9.936
track_1,reverb,gtcrn,-6.646863,-6.374282,1.2055120468139648,1.2483065128326416,9.936
track_1,reverb,gtcrn,-10.322807,-9.701878,1.2171640396118164,1.2912662029266357,9.984
track_1,reverb,gtcrn,-2.7198954,-4.702323,1.3145184516906738,1.3133974075317383,6.352
track_1,reverb,gtcrn,-3.8943636,-3.5436728,1.305314540863037,1.4415807723999023,7.968
track_1,reverb,gtcrn,-14.249695,-13.866858,1.1976795196533203,1.296280860900879,5.52
track_1,reverb,gtcrn,-11.190199,-11.005102,1.3674002885818481,1.4082140922546387,9.984
track_1,reverb,gtcrn,-12.323966,-11.79204,1.1810073852539062,1.2121450901031494,9.92
track_1,reverb,gtcrn,-9.456188,-9.1986885,1.2534089088439941,1.2948721647262573,9.776
track_1,reverb,gtcrn,-10.167808,-9.88234,1.1839293241500854,1.222061038017273,9.952
track_1,reverb,gtcrn,-10.120797,-9.793909,1.2096431255340576,1.2926268577575684,4.128
track_1,reverb,gtcrn,-7.285275,-6.9867783,1.2206501960754395,1.2843241691589355,9.888
track_1,reverb,gtcrn,-12.346635,-12.618608,1.1273210048675537,1.1814943552017212,3.696
track_1,reverb,gtcrn,-11.888536,-11.671642,1.1483739614486694,1.1886869668960571,6.496
track_1,reverb,gtcrn,-12.969883,-12.438313,1.1816374063491821,1.2363243103027344,4.4
track_1,reverb,gtcrn,-6.759345,-6.5725336,1.1049727201461792,1.153308391571045,4.992
track_1,reverb,gtcrn,-8.819673,-8.532697,1.1440634727478027,1.1961615085601807,7.2
track_1,reverb,gtcrn,-10.268693,-10.133629,1.1101412773132324,1.1589534282684326,3.888
track_1,reverb,gtcrn,-7.7584534,-7.6843257,1.1053080558776855,1.16061270236969,4.496
track_1,reverb,gtcrn,-7.4009876,-7.3157363,1.0716180801391602,1.0856035947799683,5.6
track_1,reverb,gtcrn,-5.1698966,-4.9678774,1.169827938079834,1.248290777206421,4.288
track_1,reverb,gtcrn,-9.798154,-9.186984,1.1243574619293213,1.1754213571548462,4.8
track_1,reverb,gtcrn,-10.787997,-10.576374,1.1136438846588135,1.2022998332977295,3.488
track_1,reverb,gtcrn,-10.063142,-9.796789,1.180862545967102,1.2696491479873657,3.392
track_1,reverb,gtcrn,-8.817084,-8.661847,1.0893371105194092,1.140279769897461,3.2
track_1,reverb,gtcrn,-7.93935,-7.7617364,1.0464216470718384,1.1514708995819092,3.088
track_1,reverb,gtcrn,-9.758311,-9.365071,1.0978832244873047,1.1197872161865234,2.992
track_1,reverb,gtcrn,-9.813896,-9.726811,1.1390923261642456,1.1119391918182373,3.488
track_1,reverb,gtcrn,-10.575303,-10.523378,1.2017349004745483,1.2657828330993652,3.392
track_1,reverb,gtcrn,-9.039206,-8.932907,1.1558277606964111,1.2002332210540771,3.488
track_1,reverb,gtcrn,-6.040168,-5.9462185,1.153019666671753,1.2571189403533936,3.296
track_1,reverb,gtcrn,-8.300206,-8.092215,1.1583540439605713,1.3231767416000366,4.096
track_1,reverb,gtcrn,-9.14017,-8.863327,1.2163994312286377,1.2807118892669678,3.392
track_1,reverb,gtcrn,-11.438956,-11.366493,1.1785714626312256,1.2506357431411743,2.992
track_1,reverb,gtcrn,-9.248278,-9.10969,1.187720775604248,1.2522696256637573,3.792
track_1,reverb,gtcrn,-10.173292,-9.993534,1.1678352355957031,1.2418028116226196,3.488
track_1,reverb,gtcrn,-8.217022,-8.098784,1.3517794609069824,1.4957399368286133,5.2
track_1,reverb,gtcrn,-10.335281,-10.277426,1.3252874612808228,1.3920389413833618,3.296
track_1,reverb,gtcrn,-6.3227105,-6.1489944,1.2268519401550293,1.3047714233398438,6.4
track_1,reverb,gtcrn,-10.867473,-10.664936,1.1911109685897827,1.2657814025878906,5.392
track_1,reverb,gtcrn,-9.076911,-8.923577,1.2551740407943726,1.3273541927337646,4.288
track_1,reverb,gtcrn,-6.251964,-6.091612,1.152172327041626,1.2362380027770996,3.488
track_1,reverb,gtcrn,-8.994101,-8.775397,1.2236577272415161,1.3553026914596558,7.296
track_1,reverb,gtcrn,-6.126505,-5.943104,1.2374076843261719,1.3176777362823486,4.4
track_1,reverb,gtcrn,-10.171699,-10.003153,1.2012858390808105,1.2046269178390503,3.696
track_1,reverb,gtcrn,-6.813983,-6.718144,1.4631056785583496,1.512481451034546,4.8
track_1,reverb,gtcrn,-9.754675,-9.692529,1.215716004371643,1.2959709167480469,3.888
track_1,reverb,gtcrn,-10.271501,-10.136578,1.2824991941452026,1.349130392074585,3.488
track_1,reverb,gtcrn,-3.7879214,-3.6634648,1.2789636850357056,1.3639650344848633,4.0
track_1,reverb,gtcrn,-2.0662184,-1.9844042,1.1878560781478882,1.2450555562973022,4.8
track_1,reverb,gtcrn,-9.614503,-9.471334,1.1767873764038086,1.2238044738769531,4.096
track_1,reverb,gtcrn,-10.605185,-10.363558,1.2017858028411865,1.2552838325500488,6.4
track_1,reverb,gtcrn,-8.524664,-8.316704,1.213651180267334,1.2480862140655518,4.8
track_1,reverb,gtcrn,-8.861057,-8.756582,1.1742650270462036,1.2976813316345215,4.192
track_1,reverb,gtcrn,-5.7230053,-5.641456,1.2215690612792969,1.2474501132965088,3.888
track_1,reverb,gtcrn,-10.989521,-10.558285,1.1998920440673828,1.312894582748413,3.392
track_1,reverb,gtcrn,-6.786026,-6.6778164,1.3325071334838867,1.3946195840835571,3.296
track_1,reverb,gtcrn,-7.316866,-7.0769243,1.234580397605896,1.400864839553833,2.992
track_1,reverb,gtcrn,-9.903694,-9.793074,1.2525458335876465,1.2936981916427612,3.488
track_1,reverb,gtcrn,-8.1224785,-7.8409314,1.1475715637207031,1.2197695970535278,4.288
track_1,reverb,gtcrn,-9.451632,-9.434881,1.2119781970977783,1.2640188932418823,4.0
track_1,reverb,gtcrn,-8.140598,-7.9489017,1.2352807521820068,1.2978370189666748,4.288
track_1,reverb,gtcrn,-10.322769,-10.187224,1.2766647338867188,1.3285400867462158,3.488
track_1,reverb,gtcrn,-10.545179,-10.3185,1.2008863687515259,1.2685328722000122,4.8
track_1,reverb,gtcrn,-8.594102,-8.421082,1.10448157787323,1.1568431854248047,3.2
track_1,reverb,gtcrn,-12.3731785,-12.180126,1.2324949502944946,1.2823519706726074,7.84
track_1,reverb,gtcrn,-9.920195,-9.775099,1.299459457397461,1.463881015777588,3.232
track_1,reverb,gtcrn,-11.650681,-11.400212,1.3592380285263062,1.4394335746765137,6.656
track_1,reverb,gtcrn,-10.970768,-10.844831,1.4886943101882935,1.6099159717559814,4.72
track_1,reverb,gtcrn,-8.214641,-8.059191,1.3015563488006592,1.443190336227417,5.152
track_1,reverb,gtcrn,-5.9806943,-5.880767,1.1828407049179077,1.463405966758728,4.896
track_1,reverb,gtcrn,-6.109488,-5.7231607,1.3560717105865479,1.577897310256958,6.976
track_1,reverb,gtcrn,-9.079782,-8.765832,1.2531776428222656,1.3808815479278564,8.56
track_1,reverb,gtcrn,-11.078987,-11.068269,1.30914306640625,1.4186195135116577,6.448
track_1,reverb,gtcrn,-9.512833,-9.272412,1.2369256019592285,1.2888116836547852,4.224
track_1,reverb,gtcrn,-5.8003464,-5.622854,1.3589717149734497,1.5057830810546875,5.424
track_1,reverb,gtcrn,-8.984128,-8.700469,1.2523250579833984,1.2844284772872925,9.04
track_1,reverb,gtcrn,-5.9409714,-5.812404,1.381948709487915,1.4029405117034912,4.096
track_1,reverb,gtcrn,-11.946028,-11.665155,1.2080200910568237,1.2650973796844482,4.768
track_1,reverb,gtcrn,-7.971218,-7.632508,1.2701079845428467,1.3808246850967407,7.68
track_1,reverb,gtcrn,-7.4105034,-7.235507,1.344310998916626,1.4346774816513062,5.856
track_1,reverb,gtcrn,-6.1192746,-5.782661,1.333507776260376,1.4319634437561035,4.416
track_1,reverb,gtcrn,-7.6651616,-7.4520106,1.337235450744629,1.4331529140472412,7.776
track_1,reverb,gtcrn,-7.9575586,-7.902684,1.3102680444717407,1.3489816188812256,3.456
track_1,reverb,gtcrn,-10.285935,-10.087661,1.2309099435806274,1.3349353075027466,9.76
track_1,reverb,gtcrn,-11.236179,-11.045747,1.194710612297058,1.242828369140625,4.432
track_1,reverb,gtcrn,-11.47414,-11.389383,1.2234045267105103,1.3093644380569458,6.176
track_1,reverb,gtcrn,-12.274362,-11.99094,1.3604645729064941,1.4505693912506104,3.536
track_1,reverb,gtcrn,-9.141072,-8.95145,1.2573519945144653,1.4044852256774902,3.808
track_1,reverb,gtcrn,-8.954062,-8.747076,1.3116401433944702,1.413873553276062,3.408
track_1,reverb,gtcrn,-10.407856,-10.281389,1.2232354879379272,1.2368711233139038,3.536
track_1,reverb,gtcrn,-11.666552,-11.565716,1.339443325996399,1.3006947040557861,3.2
track_1,reverb,gtcrn,-12.137564,-12.022425,1.3728258609771729,1.4185519218444824,3.344
track_1,reverb,gtcrn,-11.513852,-11.366576,1.3026880025863647,1.307877779006958,3.104
track_1,reverb,gtcrn,-8.496878,-8.257419,1.4035215377807617,1.4496842622756958,3.344
track_1,reverb,gtcrn,-7.066136,-6.787541,1.3253285884857178,1.3661282062530518,3.792
track_1,reverb,gtcrn,-9.968744,-9.949258,1.2772367000579834,1.313047170639038,8.608
track_1,reverb,gtcrn,-9.439386,-9.233211,1.2978954315185547,1.3084752559661865,3.12
track_1,reverb,gtcrn,-7.602566,-7.2715616,1.2740581035614014,1.3048186302185059,3.872
track_1,reverb,gtcrn,-7.971837,-7.798253,1.2179611921310425,1.257206916809082,3.456
track_1,reverb,gtcrn,-7.157194,-7.057127,1.3200737237930298,1.3428728580474854,3.28
track_1,reverb,gtcrn,-8.404781,-8.2370205,1.2824498414993286,1.3545429706573486,3.824
track_1,reverb,gtcrn,-8.075657,-7.9867935,1.1657352447509766,1.1919053792953491,4.048
track_1,reverb,gtcrn,-8.06642,-7.9259214,1.465497374534607,1.5794461965560913,3.856
track_1,reverb,gtcrn,-7.4144564,-7.330819,1.3345630168914795,1.3612502813339233,6.08
track_1,reverb,gtcrn,-7.606945,-7.3221927,1.380110263824463,1.488707423210144,4.224
track_1,reverb,gtcrn,-8.334073,-8.039715,1.292616605758667,1.2415602207183838,3.552
track_1,reverb,gtcrn,-5.6566358,-5.3794217,1.3462506532669067,1.4518725872039795,4.416
track_1,reverb,gtcrn,-6.649365,-6.464548,1.3961349725723267,1.4321377277374268,3.152
track_1,reverb,gtcrn,-8.034164,-7.802305,1.3005716800689697,1.4221184253692627,3.216
track_1,reverb,gtcrn,-7.9084706,-7.5666237,1.3227653503417969,1.4419174194335938,3.488
track_1,reverb,gtcrn,-7.3340282,-7.082573,1.2135450839996338,1.3755511045455933,3.712
track_1,reverb,gtcrn,-7.1329026,-7.010418,1.197088360786438,1.250994086265564,5.104
track_1,reverb,gtcrn,-5.821766,-5.619306,1.245700716972351,1.3055851459503174,4.128
track_1,reverb,ulunas,-10.904684,-10.711003,1.254724383354187,1.413326382637024,6.24
track_1,reverb,ulunas,-8.156122,-8.008168,1.2433751821517944,1.3352819681167603,10.0
track_1,reverb,ulunas,-6.0589385,-5.9899616,1.2259100675582886,1.2505388259887695,4.96
track_1,reverb,ulunas,-8.222659,-8.057419,1.3491251468658447,1.3638168573379517,3.6
track_1,reverb,ulunas,-9.293762,-9.023209,1.1429325342178345,1.2026538848876953,5.6960625
track_1,reverb,ulunas,-10.555433,-10.447474,1.1387845277786255,1.1813448667526245,8.192
track_1,reverb,ulunas,-11.192208,-10.72381,1.2785582542419434,1.30352783203125,6.544
track_1,reverb,ulunas,-6.3949194,-6.3339944,1.1517107486724854,1.1807811260223389,4.336
track_1,reverb,ulunas,-11.81705,-11.633035,1.4798702001571655,1.7244056463241577,3.072
track_1,reverb,ulunas,-10.032196,-9.630984,1.2833733558654785,1.345585584640503,5.072
track_1,reverb,ulunas,-9.249703,-8.882708,1.2537516355514526,1.2826277017593384,3.984
track_1,reverb,ulunas,-11.861073,-11.720459,1.4335719347000122,1.4766414165496826,4.832
track_1,reverb,ulunas,-9.060479,-8.948358,1.1671252250671387,1.2836487293243408,3.392
track_1,reverb,ulunas,-7.6366835,-7.354582,1.1174801588058472,1.203413963317871,4.96
track_1,reverb,ulunas,-11.329198,-11.117674,1.1682963371276855,1.334256887435913,4.72
track_1,reverb,ulunas,-6.4849377,-6.2492604,1.3340952396392822,1.4394805431365967,3.888
track_1,reverb,ulunas,-3.9700527,-3.453319,1.2869123220443726,1.3671919107437134,3.616
track_1,reverb,ulunas,-5.936177,-5.6848865,1.20883309841156,1.3153541088104248,3.6
track_1,reverb,ulunas,-10.25119,-10.022419,1.1388345956802368,1.207775592803955,8.8640625
track_1,reverb,ulunas,-11.840476,-11.717366,1.1739450693130493,1.2332708835601807,4.112
track_1,reverb,ulunas,-6.6510673,-6.448836,1.1610883474349976,1.2540123462677002,8.656
track_1,reverb,ulunas,-7.1669216,-6.9055276,1.2025256156921387,1.2775359153747559,8.656
track_1,reverb,ulunas,-5.8629284,-5.7957115,1.4283161163330078,1.5297869443893433,3.344
track_1,reverb,ulunas,-7.1034913,-6.7896323,1.2853699922561646,1.3926838636398315,6.461375
track_1,reverb,ulunas,-7.2406855,-6.8631897,1.389113426208496,1.3853564262390137,3.6
track_1,reverb,ulunas,-7.110854,-6.804939,1.377174735069275,1.3299802541732788,3.296
track_1,reverb,ulunas,-9.561144,-9.01368,1.1104904413223267,1.1580146551132202,9.008
track_1,reverb,ulunas,-10.020213,-10.054821,1.110886573791504,1.227815866470337,5.168
track_1,reverb,ulunas,-8.171882,-7.6388593,1.2068222761154175,1.3850233554840088,4.608
track_1,reverb,ulunas,-9.334244,-9.158699,1.4680894613265991,1.546778678894043,6.333375
track_1,reverb,ulunas,-10.192295,-10.006521,1.2515157461166382,1.3634859323501587,9.389375
track_1,reverb,ulunas,-8.473085,-8.122343,1.1803858280181885,1.2447400093078613,4.845375
track_1,reverb,ulunas,-9.821758,-9.313416,1.2125219106674194,1.2551497220993042,3.952
track_1,reverb,ulunas,-9.537666,-9.334541,1.222463607788086,1.3350868225097656,5.104
track_1,reverb,ulunas,-11.582108,-11.226852,1.1623245477676392,1.241256833076477,8.2560625
track_1,reverb,ulunas,-11.516661,-11.496292,1.170182704925537,1.352091670036316,3.376
track_1,reverb,ulunas,-5.761161,-5.3580685,1.139154314994812,1.23776376247406,3.504
track_1,reverb,ulunas,-5.237113,-5.0287085,1.313280701637268,1.345317006111145,6.096
track_1,reverb,ulunas,-14.3808155,-14.039016,1.1983758211135864,1.3080203533172607,4.784
track_1,reverb,ulunas,-13.898729,-13.5942955,1.0997949838638306,1.1502246856689453,8.384
track_1,reverb,ulunas,-7.1403127,-7.081303,1.2144064903259277,1.3158409595489502,3.504
track_1,reverb,ulunas,-6.8700533,-6.726487,1.2688544988632202,1.4536994695663452,8.064
track_1,reverb,ulunas,-13.641883,-13.407881,1.1080198287963867,1.197890281677246,5.133375
track_1,reverb,ulunas,-7.0068817,-6.799412,1.2653942108154297,1.381561517715454,5.597375
track_1,reverb,ulunas,-12.795637,-12.511589,1.2390682697296143,1.3612165451049805,9.6480625
track_1,reverb,ulunas,-8.86567,-8.681811,1.424383521080017,1.5360782146453857,4.56
track_1,reverb,ulunas,-9.874464,-9.593219,1.184834361076355,1.310232162475586,8.461375
track_1,reverb,ulunas,-10.704182,-10.800884,1.2253984212875366,1.3063194751739502,8.192
track_1,reverb,ulunas,-13.346262,-13.069657,1.1562548875808716,1.209323525428772,9.97025
track_1,reverb,ulunas,-11.085255,-10.884008,1.1537020206451416,1.1908369064331055,9.9745
track_1,reverb,ulunas,-13.525071,-13.286598,1.1607069969177246,1.2366979122161865,9.9715
track_1,reverb,ulunas,-12.318272,-12.04937,1.2491672039031982,1.3728523254394531,9.999
track_1,reverb,ulunas,-7.8388,-7.464604,1.1940480470657349,1.2431440353393555,8.4105
track_1,reverb,ulunas,-9.284122,-8.859515,1.2251206636428833,1.3094123601913452,4.806625
track_1,reverb,ulunas,-9.77337,-9.500409,1.3538017272949219,1.604750156402588,9.957
track_1,reverb,ulunas,-8.741027,-8.473117,1.4271767139434814,1.606271505355835,9.9885
track_1,reverb,ulunas,-15.684533,-15.656337,1.2774043083190918,1.4288235902786255,7.53525
track_1,reverb,ulunas,-9.391569,-9.196621,1.3754984140396118,1.551735758781433,9.9995
track_1,reverb,ulunas,-10.47963,-10.307838,1.251668095588684,1.3862714767456055,9.9945
track_1,reverb,ulunas,-8.904348,-8.60353,1.331580638885498,1.6609057188034058,9.916
track_1,reverb,ulunas,-10.343168,-10.255558,1.2481598854064941,1.402555227279663,9.968
track_1,reverb,ulunas,-18.542196,-15.345769,1.3034435510635376,1.212262511253357,9.972
track_1,reverb,ulunas,-6.912908,-6.6419687,1.2493131160736084,1.3496677875518799,9.039125
track_1,reverb,ulunas,-14.934753,-14.531213,1.3808215856552124,1.3446834087371826,9.988
track_1,reverb,ulunas,-12.800155,-12.360781,1.4959481954574585,1.6346368789672852,7.55125
track_1,reverb,ulunas,-11.098324,-10.756334,1.1251834630966187,1.2366992235183716,6.391875
track_1,reverb,ulunas,-10.884663,-10.53059,1.0879148244857788,1.1764671802520752,9.971
track_1,reverb,ulunas,-11.306425,-11.025215,1.1569575071334839,1.2535679340362549,9.8535
track_1,reverb,ulunas,-7.312438,-7.121999,1.1275042295455933,1.1847740411758423,9.98
track_1,reverb,ulunas,-6.559823,-6.1421366,1.1200172901153564,1.1650506258010864,5.089875
track_1,reverb,ulunas,-10.781132,-10.351908,1.1075925827026367,1.2218706607818604,9.986
track_1,reverb,ulunas,-9.536633,-9.180668,1.1651043891906738,1.2222371101379395,9.99675
track_1,reverb,ulunas,-10.900709,-10.736858,1.1421548128128052,1.2463934421539307,9.92575
track_1,reverb,ulunas,-12.12268,-11.754121,1.1782418489456177,1.1802613735198975,9.90025
track_1,reverb,ulunas,-9.308625,-8.874599,1.3229960203170776,1.509251356124878,9.982
track_1,reverb,ulunas,-10.550824,-10.070586,1.2194020748138428,1.2503008842468262,4.132625
track_1,reverb,ulunas,-11.683153,-11.340972,1.3466541767120361,1.4721465110778809,9.7195
track_1,reverb,ulunas,-8.368687,-8.165465,1.3544704914093018,1.4851454496383667,9.9905
track_1,reverb,ulunas,-6.3429813,-6.2297144,1.2423465251922607,1.3010025024414062,7.362875
track_1,reverb,ulunas,-9.291709,-9.134612,1.1177005767822266,1.2316607236862183,9.9855
track_1,reverb,ulunas,-25.718521,-105.875656,1.2705271244049072,1.1991709470748901,9.852
track_1,reverb,ulunas,-3.1958768,-5.088449,1.2905855178833008,1.2987442016601562,9.6675
track_1,reverb,ulunas,-11.520672,-11.114592,1.1809914112091064,1.2233318090438843,5.4495
track_1,reverb,ulunas,-12.275325,-12.037323,1.1529130935668945,1.222220540046692,9.973
track_1,reverb,ulunas,-6.5234466,-6.182628,1.2464178800582886,1.3543164730072021,7.5575
track_1,reverb,ulunas,-10.881959,-10.801854,1.1753052473068237,1.2459275722503662,7.682125
track_1,reverb,ulunas,-8.412197,-8.04545,1.133915662765503,1.2487106323242188,9.9385
track_1,reverb,ulunas,-6.646863,-6.290742,1.2055120468139648,1.2722645998001099,9.945
track_1,reverb,ulunas,-10.322807,-9.867119,1.2171640396118164,1.3098891973495483,9.9885
track_1,reverb,ulunas,-2.7198954,-3.1474767,1.3145184516906738,1.3556675910949707,6.367875
track_1,reverb,ulunas,-3.8943636,-3.5959208,1.305314540863037,1.460443139076233,7.9765
track_1,reverb,ulunas,-14.249695,-13.933101,1.1976795196533203,1.2834465503692627,5.5354375
track_1,reverb,ulunas,-11.190199,-10.95717,1.3674002885818481,1.411179542541504,9.9895
track_1,reverb,ulunas,-12.323966,-11.9262495,1.1810073852539062,1.2290418148040771,9.925
track_1,reverb,ulunas,-9.456188,-9.096383,1.2534089088439941,1.3051167726516724,9.782
track_1,reverb,ulunas,-10.167808,-9.849272,1.1839293241500854,1.2567471265792847,9.964
track_1,reverb,ulunas,-10.120797,-9.671673,1.2096431255340576,1.3151861429214478,4.1291875
track_1,reverb,ulunas,-7.285275,-7.046297,1.2206501960754395,1.297063946723938,9.8895
track_1,reverb,ulunas,-12.346635,-13.210749,1.1273210048675537,1.2019164562225342,3.7
track_1,reverb,ulunas,-11.888536,-11.642518,1.1483739614486694,1.2178747653961182,6.5
track_1,reverb,ulunas,-12.969883,-12.229234,1.1816374063491821,1.2345958948135376,4.4000625
track_1,reverb,ulunas,-6.759345,-6.565194,1.1049727201461792,1.145901083946228,5.0000625
track_1,reverb,ulunas,-8.819673,-8.605201,1.1440634727478027,1.1964442729949951,7.2
track_1,reverb,ulunas,-10.268693,-10.119037,1.1101412773132324,1.1861600875854492,3.9
track_1,reverb,ulunas,-7.7584534,-7.759387,1.1053080558776855,1.1759860515594482,4.5
track_1,reverb,ulunas,-7.4009876,-7.355656,1.0716180801391602,1.0895768404006958,5.6
track_1,reverb,ulunas,-5.1698966,-5.0590963,1.169827938079834,1.2324377298355103,4.3
track_1,reverb,ulunas,-9.798154,-9.766243,1.1243574619293213,1.1757252216339111,4.8
track_1,reverb,ulunas,-10.787997,-10.40635,1.1136438846588135,1.216853141784668,3.5
track_1,reverb,ulunas,-10.063142,-9.907794,1.180862545967102,1.2765560150146484,3.4
track_1,reverb,ulunas,-8.817084,-8.603294,1.0893371105194092,1.1458566188812256,3.2
track_1,reverb,ulunas,-7.93935,-7.7340107,1.0464216470718384,1.1524361371994019,3.1
track_1,reverb,ulunas,-9.758311,-9.349936,1.0978832244873047,1.1338611841201782,3.0
track_1,reverb,ulunas,-9.813896,-9.833095,1.1390923261642456,1.1299264430999756,3.5
track_1,reverb,ulunas,-10.575303,-10.458843,1.2017349004745483,1.2901933193206787,3.4
track_1,reverb,ulunas,-9.039206,-8.875305,1.1558277606964111,1.22355055809021,3.5
track_1,reverb,ulunas,-6.040168,-5.8624434,1.153019666671753,1.22031569480896,3.3
track_1,reverb,ulunas,-8.300206,-8.219642,1.1583540439605713,1.3117525577545166,4.1
track_1,reverb,ulunas,-9.14017,-8.627692,1.2163994312286377,1.2881755828857422,3.4
track_1,reverb,ulunas,-11.438956,-11.318508,1.1785714626312256,1.2366803884506226,3.0
track_1,reverb,ulunas,-9.248278,-9.157904,1.187720775604248,1.2298613786697388,3.8
track_1,reverb,ulunas,-10.173292,-9.923996,1.1678352355957031,1.2076232433319092,3.5
track_1,reverb,ulunas,-8.217022,-8.115171,1.3517794609069824,1.5203872919082642,5.2000625
track_1,reverb,ulunas,-10.335281,-10.2587595,1.3252874612808228,1.3864636421203613,3.3
track_1,reverb,ulunas,-6.3227105,-6.1492133,1.2268519401550293,1.3130488395690918,6.4
track_1,reverb,ulunas,-10.867473,-10.67672,1.1911109685897827,1.2833194732666016,5.4
track_1,reverb,ulunas,-9.076911,-8.97323,1.2551740407943726,1.3317642211914062,4.3
track_1,reverb,ulunas,-6.251964,-6.1296554,1.152172327041626,1.229258418083191,3.5
track_1,reverb,ulunas,-8.994101,-8.74663,1.2236577272415161,1.3972529172897339,7.3
track_1,reverb,ulunas,-6.126505,-5.8936605,1.2374076843261719,1.3547236919403076,4.4000625
track_1,reverb,ulunas,-10.171699,-10.054955,1.2012858390808105,1.2044110298156738,3.7
track_1,reverb,ulunas,-6.813983,-6.7923126,1.4631056785583496,1.5519890785217285,4.8
track_1,reverb,ulunas,-9.754675,-9.588354,1.215716004371643,1.2863258123397827,3.9
track_1,reverb,ulunas,-10.271501,-10.090975,1.2824991941452026,1.3735452890396118,3.5
track_1,reverb,ulunas,-3.7879214,-3.7099352,1.2789636850357056,1.3276721239089966,4.0
track_1,reverb,ulunas,-2.0662184,-1.9941223,1.1878560781478882,1.2775802612304688,4.8
track_1,reverb,ulunas,-9.614503,-9.466992,1.1767873764038086,1.2528234720230103,4.1
track_1,reverb,ulunas,-10.605185,-10.352289,1.2017858028411865,1.255448579788208,6.4000625
track_1,reverb,ulunas,-8.524664,-8.369027,1.213651180267334,1.2725552320480347,4.8
track_1,reverb,ulunas,-8.861057,-8.735188,1.1742650270462036,1.329569697380066,4.2
track_1,reverb,ulunas,-5.7230053,-5.689336,1.2215690612792969,1.2375731468200684,3.9
track_1,reverb,ulunas,-10.989521,-10.542147,1.1998920440673828,1.3495553731918335,3.4
track_1,reverb,ulunas,-6.786026,-6.6848297,1.3325071334838867,1.4245771169662476,3.3
track_1,reverb,ulunas,-7.316866,-6.9955425,1.234580397605896,1.3789751529693604,3.0
track_1,reverb,ulunas,-9.903694,-9.793548,1.2525458335876465,1.2966551780700684,3.5
track_1,reverb,ulunas,-8.1224785,-7.821073,1.1475715637207031,1.2102141380310059,4.3
track_1,reverb,ulunas,-9.451632,-9.387753,1.2119781970977783,1.2604783773422241,4.0
track_1,reverb,ulunas,-8.140598,-7.969298,1.2352807521820068,1.3125298023223877,4.3
track_1,reverb,ulunas,-10.322769,-10.132875,1.2766647338867188,1.3111823797225952,3.5
track_1,reverb,ulunas,-10.545179,-10.340699,1.2008863687515259,1.2685385942459106,4.8
track_1,reverb,ulunas,-8.594102,-8.555967,1.10448157787323,1.1618090867996216,3.2
track_1,reverb,ulunas,-12.3731785,-12.166824,1.2324949502944946,1.306058645248413,7.84
track_1,reverb,ulunas,-9.920195,-9.692068,1.299459457397461,1.4849567413330078,3.24
track_1,reverb,ulunas,-11.650681,-11.338595,1.3592380285263062,1.482056736946106,6.67
track_1,reverb,ulunas,-10.970768,-10.7972145,1.4886943101882935,1.6288504600524902,4.72
track_1,reverb,ulunas,-8.214641,-8.075394,1.3015563488006592,1.4475752115249634,5.16
track_1,reverb,ulunas,-5.9806943,-5.9101624,1.1828407049179077,1.4930925369262695,4.9
track_1,reverb,ulunas,-6.109488,-5.7689314,1.3560717105865479,1.5653008222579956,6.99
track_1,reverb,ulunas,-9.079782,-8.763445,1.2531776428222656,1.4564512968063354,8.57
track_1,reverb,ulunas,-11.078987,-10.834555,1.30914306640625,1.445542573928833,6.45
track_1,reverb,ulunas,-9.512833,-9.244091,1.2369256019592285,1.2733923196792603,4.23
track_1,reverb,ulunas,-5.8003464,-5.425308,1.3589717149734497,1.5021659135818481,5.430125
track_1,reverb,ulunas,-8.984128,-8.700541,1.2523250579833984,1.3169760704040527,9.05
track_1,reverb,ulunas,-5.9409714,-5.8156834,1.381948709487915,1.3854979276657104,4.11
track_1,reverb,ulunas,-11.946028,-11.627006,1.2080200910568237,1.2925236225128174,4.78
track_1,reverb,ulunas,-7.971218,-7.6028013,1.2701079845428467,1.4224812984466553,7.69
track_1,reverb,ulunas,-7.4105034,-7.22143,1.344310998916626,1.4847822189331055,5.86
track_1,reverb,ulunas,-6.1192746,-5.755196,1.333507776260376,1.4527506828308105,4.43
track_1,reverb,ulunas,-7.6651616,-7.3683968,1.337235450744629,1.4367588758468628,7.78
track_1,reverb,ulunas,-7.9575586,-7.743507,1.3102680444717407,1.4113191366195679,3.4700625
track_1,reverb,ulunas,-10.285935,-10.071873,1.2309099435806274,1.3692535161972046,9.76
track_1,reverb,ulunas,-11.236179,-10.989079,1.194710612297058,1.1954565048217773,4.44025
track_1,reverb,ulunas,-11.47414,-11.37627,1.2234045267105103,1.2995810508728027,6.1853125
track_1,reverb,ulunas,-12.274362,-11.970369,1.3604645729064941,1.3937644958496094,3.5500625
track_1,reverb,ulunas,-9.141072,-8.974949,1.2573519945144653,1.410335659980774,3.8156875
track_1,reverb,ulunas,-8.954062,-8.774461,1.3116401433944702,1.4363675117492676,3.4125
track_1,reverb,ulunas,-10.407856,-10.248385,1.2232354879379272,1.264054536819458,3.546125
track_1,reverb,ulunas,-11.666552,-11.604378,1.339443325996399,1.3216493129730225,3.205875
track_1,reverb,ulunas,-12.137564,-12.011679,1.3728258609771729,1.443074107170105,3.3446875
track_1,reverb,ulunas,-11.513852,-11.3050785,1.3026880025863647,1.2843759059906006,3.113875
track_1,reverb,ulunas,-8.496878,-8.309681,1.4035215377807617,1.4772658348083496,3.356625
track_1,reverb,ulunas,-7.066136,-6.851157,1.3253285884857178,1.45255446434021,3.797625
track_1,reverb,ulunas,-9.968744,-9.982085,1.2772367000579834,1.3434619903564453,8.61375
track_1,reverb,ulunas,-9.439386,-9.294678,1.2978954315185547,1.3424561023712158,3.12975
track_1,reverb,ulunas,-7.602566,-7.3174906,1.2740581035614014,1.2383509874343872,3.886125
track_1,reverb,ulunas,-7.971837,-7.721369,1.2179611921310425,1.2474383115768433,3.461
track_1,reverb,ulunas,-7.157194,-7.0586805,1.3200737237930298,1.3115824460983276,3.289125
track_1,reverb,ulunas,-8.404781,-8.265457,1.2824498414993286,1.390397548675537,3.833375
track_1,reverb,ulunas,-8.075657,-7.9996195,1.1657352447509766,1.2834365367889404,4.05775
track_1,reverb,ulunas,-8.06642,-7.949443,1.465497374534607,1.5699803829193115,3.871
track_1,reverb,ulunas,-7.4144564,-7.360833,1.3345630168914795,1.337820291519165,6.084875
track_1,reverb,ulunas,-7.606945,-7.3198357,1.380110263824463,1.5310910940170288,4.23375
track_1,reverb,ulunas,-8.334073,-8.077753,1.292616605758667,1.2445712089538574,3.56025
track_1,reverb,ulunas,-5.6566358,-5.39235,1.3462506532669067,1.4668231010437012,4.4183125
track_1,reverb,ulunas,-6.649365,-6.524511,1.3961349725723267,1.4229419231414795,3.157625
track_1,reverb,ulunas,-8.034164,-7.8421493,1.3005716800689697,1.3597209453582764,3.22
track_1,reverb,ulunas,-7.9084706,-7.7638907,1.3227653503417969,1.4558049440383911,3.49925
track_1,reverb,ulunas,-7.3340282,-7.141015,1.2135450839996338,1.4369144439697266,3.7166875
track_1,reverb,ulunas,-7.1329026,-7.0666275,1.197088360786438,1.3172792196273804,5.10625
track_1,reverb,ulunas,-5.821766,-5.5701375,1.245700716972351,1.3584058284759521,4.14025
track_2,noise,gtcrn,15.358921,21.329483,1.4782570600509644,3.3546502590179443,4.336
track_2,noise,gtcrn,13.168377,20.378136,1.5042402744293213,3.15486741065979,3.6
track_2,noise,gtcrn,16.675392,23.620369,1.9126660823822021,2.8485324382781982,5.696
track_2,noise,gtcrn,10.385766,15.528572,1.351149559020996,2.0958988666534424,8.864
track_2,noise,gtcrn,12.672249,16.397589,1.4445321559906006,2.7543373107910156,8.656
track_2,noise,gtcrn,18.369698,20.390324,2.5060524940490723,2.978818893432617,3.536
track_2,noise,gtcrn,8.483633,16.892885,1.6717907190322876,2.671949625015259,3.392
track_2,noise,gtcrn,2.6418707,14.276339,1.2194757461547852,1.7549500465393066,4.304
track_2,noise,gtcrn,8.459335,12.524616,1.1682096719741821,1.898545265197754,5.52
track_2,noise,gtcrn,5.6301413,12.744406,2.0399978160858154,3.1769444942474365,6.656
track_2,noise,gtcrn,13.803712,18.303858,1.3608629703521729,2.4059395790100098,8.064
track_2,noise,gtcrn,8.188514,8.282475,1.2203369140625,1.6161216497421265,4.592
track_2,noise,gtcrn,12.002364,15.277334,1.0829757452011108,1.5444380044937134,4.224
track_2,noise,gtcrn,10.769106,16.301897,1.5048165321350098,2.612342119216919,3.296
track_2,noise,gtcrn,17.601355,22.736633,3.0585482120513916,3.643355369567871,9.904
track_2,noise,gtcrn,10.88662,18.714605,2.0791406631469727,3.241323947906494,3.552
track_2,noise,gtcrn,4.1916494,17.944794,1.2084639072418213,2.342118263244629,3.056
track_2,noise,gtcrn,-0.0660626,14.750425,1.2966303825378418,2.764158010482788,6.544
track_2,noise,gtcrn,-1.889181,4.807074,1.3244497776031494,1.3271279335021973,3.232
track_2,noise,gtcrn,5.9878726,13.395189,1.2517982721328735,1.74810791015625,3.168
track_2,noise,gtcrn,13.300834,16.249996,1.2242460250854492,1.5980918407440186,6.4
track_2,noise,gtcrn,6.8257,14.411253,1.2376611232757568,1.566075325012207,3.808
track_2,noise,gtcrn,10.893595,15.302314,1.407256841659546,2.133155584335327,3.776
track_2,noise,gtcrn,7.0650606,15.393587,1.5761427879333496,2.649824857711792,9.008
track_2,noise,gtcrn,6.4876943,19.928719,1.3613224029541016,2.327692747116089,7.088
track_2,noise,gtcrn,17.580406,25.02797,2.2813661098480225,3.2409555912017822,3.184
track_2,noise,gtcrn,9.949896,16.036137,1.760866403579712,2.4474503993988037,4.784
track_2,noise,gtcrn,7.337842,15.168962,1.3365166187286377,2.359072685241699,3.536
track_2,noise,gtcrn,3.2401457,13.079521,1.0498920679092407,1.9319868087768555,3.568
track_2,noise,gtcrn,12.561587,17.090967,1.4899952411651611,2.3126871585845947,3.344
track_2,noise,gtcrn,10.8524475,21.749916,1.8350369930267334,2.892026424407959,4.064
track_2,noise,gtcrn,5.310247,14.184998,1.0862560272216797,1.8566540479660034,3.616
track_2,noise,gtcrn,18.1591,18.699482,1.5856660604476929,2.0752015113830566,3.072
track_2,noise,gtcrn,9.291758,16.777714,1.3441331386566162,2.2549760341644287,6.768
track_2,noise,gtcrn,7.2709465,15.230389,1.357271671295166,2.3651204109191895,9.648
track_2,noise,gtcrn,20.854523,26.31809,1.7795398235321045,2.9304723739624023,4.288
track_2,noise,gtcrn,-1.4061785,10.082977,1.1421459913253784,1.6233279705047607,3.744
track_2,noise,gtcrn,0.2047167,7.265358,1.4643148183822632,2.1646032333374023,6.24
track_2,noise,gtcrn,13.361691,18.461744,1.3754010200500488,2.5623273849487305,5.952
track_2,noise,gtcrn,1.4052455,14.290801,1.0332916975021362,1.4807335138320923,6.4
track_2,noise,gtcrn,11.802603,19.120255,1.214301347732544,2.3055434226989746,3.008
track_2,noise,gtcrn,18.97243,23.802126,1.4423493146896362,3.0244321823120117,3.376
track_2,noise,gtcrn,13.8776455,19.947691,1.5300374031066895,2.9758682250976562,7.168
track_2,noise,gtcrn,4.876354,10.310906,1.097450613975525,1.3768885135650635,3.792
track_2,noise,gtcrn,6.439409,17.868168,1.379084825515747,2.2359724044799805,3.904
track_2,noise,gtcrn,6.1787014,15.081232,1.7293983697891235,3.213541269302368,9.872
track_2,noise,gtcrn,11.625977,18.506317,1.5579893589019775,2.6326656341552734,5.632
track_2,noise,gtcrn,7.8480554,16.687439,1.4463257789611816,2.4510014057159424,8.08
track_2,noise,gtcrn,8.680234,13.274716,1.2993052005767822,2.380628824234009,6.528
track_2,noise,gtcrn,9.245285,20.002546,1.3686985969543457,2.391573905944824,3.6
track_2,noise,gtcrn,8.6296625,19.891201,2.326725721359253,3.3485090732574463,9.2
track_2,noise,gtcrn,2.7737472,12.020496,1.1102080345153809,2.1615352630615234,4.928
track_2,noise,gtcrn,7.937656,14.057133,1.8285768032073975,2.9103517532348633,8.448
track_2,noise,gtcrn,6.2314105,12.504076,1.0526502132415771,1.7731225490570068,4.96
track_2,noise,gtcrn,13.446426,24.11699,2.139141082763672,3.722458839416504,9.936
track_2,noise,gtcrn,19.43375,24.458397,1.7500121593475342,2.9525089263916016,5.44
track_2,noise,gtcrn,13.930926,25.465355,2.3242993354797363,3.1982924938201904,9.2
track_2,noise,gtcrn,2.2560785,12.746216,1.179442286491394,1.7114685773849487,3.6
track_2,noise,gtcrn,19.845692,21.059025,2.6032867431640625,3.1142220497131348,5.52
track_2,noise,gtcrn,16.58714,19.826702,1.99522066116333,2.8229868412017822,4.832
track_2,noise,gtcrn,16.45217,23.599228,2.0591671466827393,3.027029037475586,3.584
track_2,noise,gtcrn,11.441984,13.310213,1.920452356338501,2.7910571098327637,3.392
track_2,noise,gtcrn,10.580315,17.982882,1.6059801578521729,2.5415713787078857,9.856
track_2,noise,gtcrn,8.497579,16.907846,1.146073818206787,1.9967536926269531,4.928
track_2,noise,gtcrn,16.906267,23.391499,1.7497427463531494,3.365825891494751,5.184
track_2,noise,gtcrn,11.944099,19.568008,1.3319107294082642,2.411947011947632,3.024
track_2,noise,gtcrn,10.923852,15.387145,1.2371296882629395,1.7689303159713745,3.648
track_2,noise,gtcrn,1.5164497,9.168343,1.0375218391418457,1.5597491264343262,4.336
track_2,noise,gtcrn,13.403611,15.4427395,1.4673454761505127,1.8439550399780273,5.168
track_2,noise,gtcrn,10.517339,15.7822695,1.2291902303695679,1.8732514381408691,8.656
track_2,noise,gtcrn,5.3852863,9.478828,1.1054810285568237,1.4837263822555542,7.312
track_2,noise,gtcrn,9.500531,14.550943,1.7912631034851074,2.3449833393096924,6.224
track_2,noise,gtcrn,10.235289,18.10751,1.4615440368652344,2.5585029125213623,4.4
track_2,noise,gtcrn,5.4803944,13.2384815,1.2636058330535889,1.8964303731918335,3.616
track_2,noise,gtcrn,7.689951,13.575716,1.1761866807937622,2.0457334518432617,3.488
track_2,noise,gtcrn,16.395931,16.565567,1.8075716495513916,1.8827815055847168,8.624
track_2,noise,gtcrn,14.621712,17.328188,1.4978891611099243,1.716173529624939,3.984
track_2,noise,gtcrn,15.830263,22.615786,2.2394418716430664,2.7179977893829346,6.32
track_2,noise,gtcrn,15.06237,18.875103,1.4053466320037842,2.0591213703155518,5.168
track_2,noise,gtcrn,1.8216238,7.1181583,1.1070847511291504,1.3314224481582642,5.408
track_2,noise,gtcrn,4.67472,15.243617,1.3500330448150635,2.139458417892456,4.256
track_2,noise,gtcrn,9.113502,17.101826,1.307017207145691,2.2395193576812744,4.576
track_2,noise,gtcrn,3.8352451,10.16127,1.1412173509597778,1.4112577438354492,3.168
track_2,noise,gtcrn,7.9590993,12.139662,1.1392619609832764,1.8219125270843506,9.504
track_2,noise,gtcrn,12.47279,22.004358,1.7031099796295166,2.7337074279785156,5.456
track_2,noise,gtcrn,6.2787666,16.777145,1.354095458984375,2.7814478874206543,5.088
track_2,noise,gtcrn,17.29192,20.93241,1.4449306726455688,2.4692180156707764,5.952
track_2,noise,gtcrn,13.969431,18.77887,1.4998726844787598,3.053291082382202,3.024
track_2,noise,gtcrn,5.1852913,9.38891,1.1986477375030518,1.6006672382354736,5.008
track_2,noise,gtcrn,10.680356,15.743094,1.3454999923706055,2.3356573581695557,6.384
track_2,noise,gtcrn,3.1158397,10.269293,1.0724494457244873,1.7101116180419922,9.568
track_2,noise,gtcrn,14.115134,18.237286,1.4784642457962036,2.383281707763672,8.16
track_2,noise,gtcrn,8.459229,12.315605,1.169472098350525,1.499103307723999,3.808
track_2,noise,gtcrn,8.600657,12.332492,1.2810251712799072,1.9749948978424072,7.024
track_2,noise,gtcrn,10.947235,15.456255,1.4283806085586548,2.296471118927002,8.576
track_2,noise,gtcrn,12.064399,15.631858,1.9731557369232178,2.785149335861206,3.984
track_2,noise,gtcrn,12.138044,16.992264,1.6240696907043457,2.789004325866699,5.408
track_2,noise,gtcrn,11.862699,16.622494,1.4836095571517944,2.3915133476257324,3.504
track_2,noise,gtcrn,6.6474667,11.997061,1.2824336290359497,2.228592872619629,9.536
track_2,noise,gtcrn,6.4759493,12.63344,1.1742876768112183,1.7493720054626465,6.32
track_2,noise,gtcrn,6.419482,11.003772,1.1721692085266113,1.6920552253723145,4.864
track_2,noise,gtcrn,11.408318,13.926571,1.406718373298645,1.862194299697876,6.016
track_2,noise,gtcrn,13.297753,16.473303,1.5866450071334839,2.25167179107666,5.6
track_2,noise,gtcrn,12.040071,15.799667,1.4340087175369263,2.1136951446533203,4.432
track_2,noise,gtcrn,4.1354485,9.786354,1.2046397924423218,1.8975938558578491,5.68
track_2,noise,gtcrn,7.558313,11.122054,1.2546782493591309,1.5328052043914795,3.296
track_2,noise,gtcrn,17.001793,18.697998,2.1661596298217773,2.5944387912750244,3.296
track_2,noise,gtcrn,4.4795732,8.107832,1.1003828048706055,1.436483383178711,3.792
track_2,noise,gtcrn,-3.548437,3.033795,1.064234733581543,1.1691092252731323,4.608
track_2,noise,gtcrn,7.9697804,17.710093,1.2711750268936157,2.1976895332336426,5.232
track_2,noise,gtcrn,9.502911,19.310568,1.135358214378357,2.0193402767181396,5.776
track_2,noise,gtcrn,11.629544,15.425502,1.209763526916504,2.1762638092041016,7.104
track_2,noise,gtcrn,4.5084543,15.186838,1.0703537464141846,1.7354605197906494,6.448
track_2,noise,gtcrn,10.702337,16.924757,1.4389489889144897,2.436556577682495,9.008
track_2,noise,gtcrn,124.845665,27.336302,4.643888473510742,4.381657600402832,7.728
track_2,noise,gtcrn,15.588432,19.185724,1.8028576374053955,2.728510856628418,8.832
track_2,noise,gtcrn,8.913224,12.987749,1.1702899932861328,1.961233377456665,7.984
track_2,noise,gtcrn,10.069771,18.06208,1.143921136856079,1.9696284532546997,5.072
track_2,noise,gtcrn,13.124535,16.20656,1.3032798767089844,2.3593430519104004,8.064
track_2,noise,gtcrn,4.4871607,8.522999,1.0915441513061523,1.353341817855835,8.736
track_2,noise,gtcrn,5.48548,11.514707,1.0730581283569336,1.6941478252410889,9.984
track_2,noise,gtcrn,8.890771,14.840668,1.1304380893707275,1.927327036857605,9.984
track_2,noise,gtcrn,10.391574,16.930012,1.5643386840820312,2.197632074356079,9.984
track_2,noise,gtcrn,8.0135765,15.983056,1.0786503553390503,1.9769867658615112,9.84
track_2,noise,gtcrn,11.824188,20.349304,3.306741714477539,3.8191983699798584,5.392
track_2,noise,gtcrn,-1.79157,11.355782,1.0319020748138428,1.452113151550293,4.512
track_2,noise,gtcrn,20.49113,26.396156,1.7000198364257812,2.8555643558502197,9.904
track_2,noise,gtcrn,9.91952,15.506477,1.2762982845306396,2.237741708755493,4.128
track_2,noise,gtcrn,9.469503,13.779772,1.1462634801864624,2.0817089080810547,9.952
track_2,noise,gtcrn,2.5505939,-4.951276,1.0524665117263794,1.0640572309494019,9.76
track_2,noise,gtcrn,5.321782,11.534686,1.210793137550354,1.7630610466003418,4.8
track_2,noise,gtcrn,7.8775096,9.967139,1.1549773216247559,1.0585412979125977,9.792
track_2,noise,gtcrn,9.256872,18.038927,1.2700824737548828,2.727571964263916,9.968
track_2,noise,gtcrn,12.416506,19.59064,1.5307203531265259,2.0937418937683105,4.688
track_2,noise,gtcrn,9.018627,10.668627,1.434425711631775,1.3243813514709473,9.968
track_2,noise,gtcrn,16.307617,5.920195,1.5716497898101807,1.700791597366333,5.248
track_2,noise,gtcrn,12.794197,14.6931305,1.2688357830047607,2.3498384952545166,9.952
track_2,noise,gtcrn,9.055666,18.799582,1.4599581956863403,2.7450454235076904,9.888
track_2,noise,gtcrn,8.402148,16.33289,1.7110106945037842,2.0819790363311768,5.616
track_2,noise,gtcrn,18.29121,20.248688,1.4907798767089844,2.233257293701172,9.984
track_2,noise,gtcrn,7.4546156,12.018454,1.8473868370056152,2.3049979209899902,9.968
track_2,noise,gtcrn,1.0009935,5.4944158,1.1019295454025269,1.3454065322875977,9.664
track_2,noise,gtcrn,14.57292,16.525543,1.4019420146942139,1.2409484386444092,9.952
track_2,noise,gtcrn,4.909478,10.521414,1.1157265901565552,1.4883257150650024,9.968
track_2,noise,gtcrn,14.612347,22.37338,1.8169169425964355,3.8534953594207764,9.84
track_2,noise,gtcrn,9.459242,15.072671,1.2573678493499756,2.170330286026001,9.904
track_2,noise,gtcrn,11.394095,18.305843,1.428301453590393,2.8206193447113037,9.936
track_2,noise,gtcrn,11.685821,12.57272,1.4047260284423828,2.1761293411254883,9.968
track_2,noise,gtcrn,8.507928,14.105682,1.1524109840393066,1.9437013864517212,4.144
track_2,noise,gtcrn,5.9916697,11.793594,1.1422762870788574,1.8122310638427734,9.936
track_2,noise,gtcrn,10.331709,17.376919,1.1742453575134277,2.254807710647583,9.952
track_2,noise,gtcrn,12.532072,10.594208,1.8139736652374268,3.1454684734344482,7.056
track_2,noise,gtcrn,8.546432,13.473297,1.159209132194519,1.7140676975250244,9.968
track_2,noise,gtcrn,8.530607,13.642912,1.378006935119629,2.3970351219177246,9.984
track_2,noise,gtcrn,-1.3957894,15.85204,1.288254976272583,2.3762519359588623,9.984
track_2,noise,gtcrn,7.771064,12.901182,1.100893259048462,1.7464239597320557,9.952
track_2,noise,gtcrn,9.514742,19.691961,1.188315987586975,2.4037680625915527,9.904
track_2,noise,gtcrn,7.347141,12.15918,1.2058830261230469,2.0632200241088867,9.888
track_2,noise,gtcrn,12.338761,17.524014,1.5569133758544922,2.951115846633911,9.84
track_2,noise,gtcrn,5.63626,18.47164,1.4329208135604858,2.924424648284912,9.024
track_2,noise,gtcrn,8.510203,13.795667,1.0898983478546143,1.9498906135559082,9.92
track_2,noise,gtcrn,9.8269615,13.140623,1.2212672233581543,2.453822612762451,5.152
track_2,noise,gtcrn,14.97751,17.507801,1.6079379320144653,2.208259105682373,9.984
track_2,noise,gtcrn,11.335655,18.66005,1.3567161560058594,2.2412912845611572,9.968
track_2,noise,gtcrn,17.240927,18.976732,1.4157161712646484,2.3676702976226807,6.384
track_2,noise,gtcrn,8.466312,17.647173,1.2299880981445312,2.0720036029815674,9.984
track_2,noise,gtcrn,12.42537,16.25919,1.4521384239196777,2.301570415496826,5.488
track_2,noise,gtcrn,10.49055,10.257329,1.29268217086792,1.604245662689209,9.984
track_2,noise,gtcrn,12.457598,15.077649,1.6473578214645386,2.3700637817382812,9.984
track_2,noise,gtcrn,-1.0403628,10.697109,1.0399675369262695,1.451878547668457,5.072
track_2,noise,gtcrn,9.761307,14.844604,1.6232272386550903,2.400385856628418,9.984
track_2,noise,gtcrn,-2.8226879,5.3053055,1.058970332145691,1.295725703239441,5.264
track_2,noise,gtcrn,8.885515,7.5195684,1.188489317893982,1.0617449283599854,9.984
track_2,noise,gtcrn,0.70194674,8.853255,1.1006208658218384,1.6702792644500732,8.8
track_2,noise,gtcrn,24.906618,24.702896,2.2901949882507324,2.880735158920288,10.0
track_2,noise,gtcrn,12.478967,18.075005,1.3705841302871704,2.4857754707336426,7.328
track_2,noise,gtcrn,-0.4258831,7.7222466,1.0261719226837158,1.4564322233200073,9.952
track_2,noise,gtcrn,7.114686,14.528064,1.4814767837524414,2.221780776977539,9.936
track_2,noise,gtcrn,8.102494,14.665472,1.189682126045227,1.8446362018585205,5.056
track_2,noise,gtcrn,18.43108,18.182262,1.3330204486846924,2.410541296005249,9.984
track_2,noise,gtcrn,9.766047,17.861998,1.4503369331359863,2.7348177433013916,9.152
track_2,noise,gtcrn,4.963047,12.673443,1.075132966041565,1.6112236976623535,9.84
track_2,noise,gtcrn,16.534502,21.57564,1.3038651943206787,2.599365472793579,9.968
track_2,noise,gtcrn,2.780264,3.2713387,1.1073986291885376,1.4605579376220703,5.088
track_2,noise,gtcrn,11.001516,15.241037,1.0842595100402832,1.6647495031356812,9.984
track_2,noise,gtcrn,12.43997,19.078485,1.8490214347839355,2.9708614349365234,9.872
track_2,noise,gtcrn,15.701786,16.646898,1.782005786895752,1.6463738679885864,9.952
track_2,noise,gtcrn,6.243882,13.9719925,1.2992522716522217,1.972602128982544,9.968
track_2,noise,gtcrn,9.174058,16.606096,1.3024731874465942,2.327026844024658,9.984
track_2,noise,gtcrn,4.710293,8.022744,1.5964926481246948,1.8104289770126343,4.208
track_2,noise,gtcrn,16.507122,9.687906,2.2161290645599365,1.9595706462860107,9.984
track_2,noise,gtcrn,14.39582,19.031519,1.4185278415679932,2.1714982986450195,9.072
track_2,noise,gtcrn,7.0563593,11.336665,1.1070798635482788,1.6501190662384033,9.808
track_2,noise,gtcrn,9.152295,15.131129,1.5327463150024414,2.5188000202178955,6.384
track_2,noise,gtcrn,18.091713,20.766981,1.528674602508545,2.5852549076080322,9.968
track_2,noise,gtcrn,9.566553,18.385992,1.0523778200149536,1.6671929359436035,9.92
track_2,noise,gtcrn,10.266136,9.763063,1.8751572370529175,1.9983835220336914,9.984
track_2,noise,gtcrn,2.5880811,11.633844,1.303696870803833,1.949413537979126,9.984
track_2,noise,gtcrn,7.2917895,12.422678,1.2354669570922852,1.7961094379425049,9.984
track_2,noise,gtcrn,7.434846,8.65683,1.1553099155426025,1.2503331899642944,9.92
track_2,noise,gtcrn,13.306446,15.6769705,1.2054799795150757,2.277578353881836,9.952
track_2,noise,gtcrn,9.508311,15.776864,1.3774241209030151,2.3411877155303955,9.968
track_2,noise,gtcrn,12.164639,17.9711,1.3649582862854004,2.318355083465576,6.496
track_2,noise,gtcrn,15.780869,19.473818,1.6083686351776123,2.4135334491729736,6.912
track_2,noise,gtcrn,10.535422,7.3914223,1.296299934387207,1.6736676692962646,4.624
track_2,noise,gtcrn,17.580135,23.751328,2.3886098861694336,3.2950589656829834,9.984
track_2,noise,gtcrn,5.5611987,11.977627,1.2507801055908203,1.8085600137710571,9.888
track_2,noise,gtcrn,11.14497,15.194274,1.3978254795074463,1.9313738346099854,9.952
track_2,noise,gtcrn,-3.8905773,8.229376,1.052860975265503,1.2837646007537842,7.456
track_2,noise,gtcrn,8.449205,12.930237,1.345794916152954,2.1216635704040527,9.968
track_2,noise,gtcrn,8.110764,11.802574,1.1631883382797241,1.7469358444213867,9.984
track_2,noise,gtcrn,7.508226,13.224987,1.0858482122421265,1.6694350242614746,5.44
track_2,noise,gtcrn,16.638697,14.943775,2.2405447959899902,2.259584426879883,9.76
track_2,noise,gtcrn,19.10936,17.462301,1.6550140380859375,2.5332088470458984,9.776
track_2,noise,gtcrn,0.79023933,18.689476,1.2449970245361328,1.840251088142395,5.92
track_2,noise,gtcrn,-1.5180726,6.446616,1.0452286005020142,1.2339472770690918,7.616
track_2,noise,gtcrn,-0.74677885,6.59591,1.366618037223816,1.7313590049743652,9.856
track_2,noise,gtcrn,10.389862,16.550451,1.2989494800567627,1.990769386291504,9.968
track_2,noise,gtcrn,6.0446877,14.462937,1.1759448051452637,1.867217779159546,9.936
track_2,noise,gtcrn,6.3821383,15.49491,1.2153137922286987,2.22428822517395,9.872
track_2,noise,gtcrn,7.6278596,13.505858,1.098301887512207,1.8128774166107178,9.952
track_2,noise,gtcrn,3.9742203,9.6781025,1.1402239799499512,1.7149652242660522,9.952
track_2,noise,gtcrn,9.18335,13.416868,1.427232027053833,2.004239797592163,8.192
track_2,noise,gtcrn,0.40441215,8.501179,1.3479230403900146,1.706992745399475,9.968
track_2,noise,gtcrn,4.96204,10.317344,1.1071903705596924,1.916449785232544,4.128
track_2,noise,gtcrn,8.426343,12.2146845,1.5741075277328491,2.2949905395507812,9.984
track_2,noise,gtcrn,11.732799,12.805092,1.3249906301498413,1.912097692489624,7.12
track_2,noise,gtcrn,7.982676,13.602048,1.3656041622161865,2.7321386337280273,9.808
track_2,noise,gtcrn,5.4015064,12.857179,1.126353144645691,1.8537137508392334,9.856
track_2,noise,gtcrn,18.147795,21.64759,1.7172610759735107,2.7207999229431152,9.968
track_2,noise,gtcrn,9.825517,17.767181,1.2186522483825684,2.0467641353607178,9.888
track_2,noise,gtcrn,15.544168,17.744923,1.5642601251602173,2.0627903938293457,6.928
track_2,noise,gtcrn,3.6722398,14.753799,1.2286499738693237,2.1683037281036377,7.536
track_2,noise,gtcrn,8.1021185,13.634572,1.0571835041046143,1.9140386581420898,9.888
track_2,noise,gtcrn,13.02279,10.571204,1.7673726081848145,1.4374040365219116,9.952
track_2,noise,gtcrn,9.677307,13.451329,1.1955690383911133,2.083822250366211,9.952
track_2,noise,gtcrn,-4.3564057,8.099075,1.0360620021820068,1.3105758428573608,9.888
track_2,noise,gtcrn,10.847141,18.161745,1.24417245388031,2.17397403717041,7.968
track_2,noise,gtcrn,6.442819,12.242769,1.5010249614715576,2.025973320007324,9.952
track_2,noise,gtcrn,14.3246765,19.938503,1.5649240016937256,2.3920795917510986,6.976
track_2,noise,gtcrn,8.976986,11.100898,1.1555795669555664,1.3683499097824097,8.336
track_2,noise,gtcrn,10.243831,15.800862,1.5959750413894653,2.592284917831421,9.84
track_2,noise,gtcrn,14.227289,18.954617,1.313330888748169,2.2819042205810547,9.904
track_2,noise,gtcrn,10.840961,18.359596,1.170916199684143,2.2944746017456055,7.52
track_2,noise,gtcrn,16.144463,18.694117,1.2521774768829346,2.2935593128204346,9.968
track_2,noise,gtcrn,15.809019,18.679138,1.2972177267074585,2.501039981842041,4.688
track_2,noise,gtcrn,5.926824,14.178539,1.0474364757537842,1.9335576295852661,3.888
track_2,noise,gtcrn,16.555689,18.313553,1.6610338687896729,2.711057186126709,4.192
track_2,noise,gtcrn,4.004156,13.037048,1.0695098638534546,1.5055643320083618,4.8
track_2,noise,gtcrn,18.991993,24.794014,1.3168413639068604,2.4313783645629883,3.2
track_2,noise,gtcrn,11.518036,16.423412,1.1316356658935547,1.8609189987182617,4.4
track_2,noise,gtcrn,15.483092,19.60969,1.609777569770813,2.724841594696045,2.992
track_2,noise,gtcrn,5.4522934,11.199522,1.0781035423278809,1.551951289176941,3.392
track_2,noise,gtcrn,11.89169,15.821644,1.4550254344940186,2.3555688858032227,3.696
track_2,noise,gtcrn,5.1003876,10.056294,1.097232699394226,1.5533101558685303,3.696
track_2,noise,gtcrn,0.14014708,6.1598053,1.080392837524414,1.3259090185165405,3.6
track_2,noise,gtcrn,8.999393,17.568533,1.1631269454956055,2.230565309524536,4.064
track_2,noise,gtcrn,11.462694,16.046799,1.383955955505371,2.032608985900879,4.192
track_2,noise,gtcrn,13.605399,15.988453,1.2260658740997314,2.1192545890808105,2.992
track_2,noise,gtcrn,9.407983,20.60464,1.0886975526809692,2.428999662399292,3.696
track_2,noise,gtcrn,3.6992755,7.213746,1.139914870262146,1.5825927257537842,4.288
track_2,noise,gtcrn,5.6910286,14.070374,1.0643922090530396,1.8286930322647095,3.296
track_2,noise,gtcrn,7.7949734,15.273006,1.161289930343628,2.171130657196045,5.488
track_2,noise,gtcrn,10.115643,14.299536,1.4554506540298462,2.3098855018615723,3.088
track_2,noise,gtcrn,5.8811846,10.965208,1.09971022605896,1.2997822761535645,5.2
track_2,noise,gtcrn,11.310627,18.143202,1.2315789461135864,2.0091352462768555,3.392
track_2,noise,gtcrn,24.05896,24.349434,2.384688377380371,3.228952407836914,7.296
track_2,noise,gtcrn,12.005096,19.428064,1.6378490924835205,2.7571041584014893,4.0
track_2,noise,gtcrn,6.128914,13.899986,1.0868685245513916,1.875699758529663,3.488
track_2,noise,gtcrn,0.82654566,12.053026,1.0403060913085938,1.427222490310669,5.088
track_2,noise,gtcrn,20.995485,23.039371,1.426117181777954,2.1679375171661377,3.2
track_2,noise,gtcrn,7.636533,21.984428,1.615545630455017,3.438331365585327,3.792
track_2,noise,gtcrn,8.625282,13.299909,1.0732982158660889,1.4678542613983154,4.288
track_2,noise,gtcrn,4.505944,13.049719,1.076831340789795,1.5361157655715942,4.896
track_2,noise,gtcrn,5.296082,13.280603,1.2693824768066406,2.4006195068359375,4.496
track_2,noise,gtcrn,6.272626,13.726389,1.0271121263504028,1.8076269626617432,3.488
track_2,noise,gtcrn,5.84635,14.407529,1.276026725769043,2.640738010406494,6.192
track_2,noise,gtcrn,0.40258917,6.261155,1.0371454954147339,1.1945643424987793,4.288
track_2,noise,gtcrn,7.873126,14.85897,1.1446092128753662,1.8553171157836914,3.2
track_2,noise,gtcrn,8.211226,16.4955,1.0390862226486206,1.9797773361206055,3.088
track_2,noise,gtcrn,8.034106,21.030132,2.2293784618377686,3.0888540744781494,5.792
track_2,noise,gtcrn,11.417761,14.6412325,1.1432769298553467,2.0789191722869873,3.488
track_2,noise,gtcrn,10.195426,15.172929,1.1174206733703613,1.843363642692566,5.6
track_2,noise,gtcrn,11.4832535,17.21561,1.2882850170135498,2.309347152709961,4.0
track_2,noise,gtcrn,13.204452,16.457155,1.1473244428634644,2.0375123023986816,5.792
track_2,noise,gtcrn,1.6033683,12.07929,1.0271588563919067,1.606622338294983,7.2
track_2,noise,gtcrn,-0.98009056,5.041084,1.0310101509094238,1.191596269607544,4.992
track_2,noise,gtcrn,4.9636564,12.275367,1.1162198781967163,1.6766307353973389,3.6
track_2,noise,gtcrn,9.108819,16.85063,1.1084767580032349,1.6060752868652344,4.288
track_2,noise,gtcrn,9.05029,12.484304,1.0944111347198486,1.7673132419586182,3.888
track_2,noise,gtcrn,15.035309,19.112583,1.2717218399047852,2.4814705848693848,3.296
track_2,noise,gtcrn,4.5617237,14.2257595,1.0288766622543335,1.5969882011413574,4.8
track_2,noise,gtcrn,12.391815,16.018255,1.2532545328140259,1.6304683685302734,4.096
track_2,noise,gtcrn,-3.0239675,5.4227343,1.0646308660507202,1.1867752075195312,5.392
track_2,noise,gtcrn,9.2502365,13.469635,1.4083755016326904,2.1538336277008057,4.288
track_2,noise,gtcrn,13.321491,18.167793,1.21710205078125,2.244222640991211,4.688
track_2,noise,gtcrn,4.8462086,11.249912,1.0713119506835938,1.4911034107208252,3.392
track_2,noise,gtcrn,5.2868295,14.52587,1.079974889755249,1.6811561584472656,3.488
track_2,noise,gtcrn,16.786999,19.899529,1.5809108018875122,2.1525471210479736,4.288
track_2,noise,gtcrn,-0.37879574,12.221983,1.0423883199691772,1.4417688846588135,3.6
track_2,noise,gtcrn,12.822355,17.298752,1.1475543975830078,1.6342936754226685,5.488
track_2,noise,gtcrn,3.6658921,12.472597,1.021821141242981,1.7148635387420654,5.088
track_2,noise,gtcrn,14.236831,18.720709,1.243678092956543,2.036139965057373,4.4
track_2,noise,gtcrn,6.717344,11.442429,1.0695587396621704,1.604035496711731,3.888
track_2,noise,gtcrn,7.8872614,15.662527,1.0496714115142822,1.681503176689148,6.192
track_2,noise,gtcrn,2.2062948,9.989813,1.038387417793274,1.4155030250549316,4.4
track_2,noise,gtcrn,13.813654,24.4179,2.3367340564727783,3.236457347869873,4.096
track_2,noise,gtcrn,7.214002,21.52837,1.4711514711380005,2.7297863960266113,4.8
track_2,noise,gtcrn,-0.58884317,12.1988125,1.254626750946045,2.046445846557617,5.392
track_2,noise,gtcrn,3.519339,10.944638,1.0548303127288818,1.4675205945968628,4.4
track_2,noise,gtcrn,12.712742,17.888361,1.1000304222106934,1.660916805267334,4.192
track_2,noise,gtcrn,6.7498164,15.689394,1.116207242012024,1.9071465730667114,3.296
track_2,noise,gtcrn,5.816145,13.150681,1.034358024597168,1.495573878288269,5.2
track_2,noise,gtcrn,3.5768752,9.249267,1.0400269031524658,1.4797260761260986,3.2
track_2,noise,gtcrn,-0.6763372,3.692827,1.0300333499908447,1.3171665668487549,4.192
track_2,noise,gtcrn,18.61107,20.771914,1.5189564228057861,2.4741315841674805,3.696
track_2,noise,gtcrn,17.764671,21.823158,1.377400279045105,2.9666779041290283,4.0
track_2,noise,gtcrn,1.2684939,10.615351,1.0352734327316284,1.4614121913909912,5.2
track_2,noise,gtcrn,10.832609,19.003666,1.4613723754882812,2.7090773582458496,4.0
track_2,noise,gtcrn,24.37849,24.461563,1.9744460582733154,2.899855375289917,3.296
track_2,noise,gtcrn,10.159576,13.91526,1.1014716625213623,1.9351074695587158,3.696
track_2,noise,gtcrn,7.2360587,15.28686,1.172635555267334,1.8019540309906006,3.792
track_2,noise,gtcrn,9.008266,18.09512,1.0665652751922607,1.9831514358520508,3.488
track_2,noise,gtcrn,15.839594,20.649576,1.3146953582763672,2.782484292984009,3.2
track_2,noise,gtcrn,0.47798726,13.280974,1.3380839824676514,2.0313713550567627,4.096
track_2,noise,gtcrn,9.580145,15.838022,1.4050627946853638,2.6959688663482666,4.0
track_2,noise,gtcrn,9.819093,15.299035,1.0697182416915894,1.6809558868408203,6.0
track_2,noise,gtcrn,3.7597754,7.6504307,1.0475375652313232,1.2612172365188599,3.888
track_2,noise,gtcrn,4.4646564,11.10643,1.1186960935592651,1.4925143718719482,3.2
track_2,noise,gtcrn,16.709904,20.70592,1.190431833267212,2.420983076095581,5.696
track_2,noise,gtcrn,10.989067,17.248302,1.8099677562713623,2.808563709259033,4.288
track_2,noise,gtcrn,4.6330028,12.446087,1.0574007034301758,1.5610787868499756,3.792
track_2,noise,gtcrn,10.147544,19.697117,1.225856065750122,1.8489644527435303,4.096
track_2,noise,gtcrn,13.474864,22.487099,1.3999719619750977,2.7367048263549805,3.792
track_2,noise,gtcrn,-1.841624,-0.5068563,1.32542085647583,1.4921019077301025,2.992
track_2,noise,gtcrn,3.1390464,13.683309,1.3711119890213013,2.2024734020233154,3.392
track_2,noise,gtcrn,5.611309,13.953659,1.034613013267517,1.705761432647705,7.296
track_2,noise,gtcrn,9.865172,15.796419,1.055440902709961,1.9512957334518433,3.888
track_2,noise,gtcrn,17.610697,20.298046,1.1777340173721313,2.012977123260498,3.488
track_2,noise,gtcrn,8.119718,12.904559,1.115006685256958,1.6993669271469116,5.2
track_2,noise,gtcrn,12.900907,17.67792,1.1873931884765625,2.2242910861968994,3.888
track_2,noise,gtcrn,10.754266,17.249954,1.0644994974136353,1.931335210800171,4.192
track_2,noise,gtcrn,14.81449,17.880583,1.3540985584259033,2.082160472869873,3.888
track_2,noise,gtcrn,8.209631,12.957015,1.0480097532272339,1.6684999465942383,3.296
track_2,noise,gtcrn,10.68694,18.11303,1.4087928533554077,2.351980686187744,4.0
track_2,noise,gtcrn,10.36316,16.098684,1.0679281949996948,2.012094497680664,5.696
track_2,noise,gtcrn,19.802505,22.890152,1.8142820596694946,3.032583713531494,3.888
track_2,noise,gtcrn,4.329733,14.338905,1.1392892599105835,1.6860065460205078,3.792
track_2,noise,gtcrn,13.1814575,16.717121,1.2370023727416992,2.0031144618988037,3.296
track_2,noise,gtcrn,8.739068,18.686544,1.7524547576904297,2.349149703979492,4.288
track_2,noise,gtcrn,10.085741,15.749298,1.4232511520385742,2.447765588760376,3.392
track_2,noise,gtcrn,20.501026,26.426516,1.5096027851104736,2.803027391433716,4.0
track_2,noise,gtcrn,9.106641,10.630965,1.4557114839553833,1.6857788562774658,4.288
track_2,noise,gtcrn,12.422629,16.791855,2.074291944503784,2.990063428878784,5.296
track_2,noise,gtcrn,7.6332827,28.966698,1.3473988771438599,3.26431941986084,4.496
track_2,noise,gtcrn,8.213434,11.684933,1.2110034227371216,2.139582872390747,4.896
track_2,noise,gtcrn,4.1175375,7.872896,1.0886783599853516,1.4983257055282593,3.488
track_2,noise,gtcrn,10.475981,14.834679,1.0564720630645752,1.782677173614502,3.296
track_2,noise,gtcrn,10.95764,17.825365,1.2242788076400757,2.265946626663208,5.392
track_2,noise,gtcrn,8.051615,15.02595,1.2280259132385254,2.823655128479004,3.792
track_2,noise,gtcrn,14.178276,21.204603,1.4300870895385742,3.6610209941864014,6.0
track_2,noise,gtcrn,8.486975,15.249975,1.5832104682922363,2.642054557800293,4.4
track_2,noise,gtcrn,4.863111,13.097354,1.108450174331665,1.9168245792388916,3.696
track_2,noise,gtcrn,4.409277,11.894857,1.0943572521209717,1.8005015850067139,3.2
track_2,noise,gtcrn,12.155373,16.248383,3.0315146446228027,3.3464081287384033,3.696
track_2,noise,gtcrn,18.088171,20.942356,1.2554326057434082,2.7746968269348145,5.696
track_2,noise,gtcrn,11.564971,19.350307,1.3420462608337402,2.0151023864746094,4.192
track_2,noise,gtcrn,1.7991328,15.206749,1.2235770225524902,2.9848809242248535,3.296
track_2,noise,gtcrn,13.409994,19.800793,2.1537017822265625,3.1896023750305176,4.8
track_2,noise,gtcrn,11.039914,12.861448,2.0162100791931152,2.4156088829040527,5.296
track_2,noise,gtcrn,5.879346,11.743429,2.065864324569702,2.3026387691497803,6.4
track_2,noise,gtcrn,10.152926,14.134164,1.3822007179260254,2.1671323776245117,3.696
track_2,noise,gtcrn,17.029766,18.140854,2.8480372428894043,3.39111328125,3.792
track_2,noise,gtcrn,7.0074167,12.141529,1.070622205734253,1.4922698736190796,4.992
track_2,noise,gtcrn,23.449574,26.21187,3.0253374576568604,3.981688976287842,4.0
track_2,noise,gtcrn,5.5937815,12.922021,1.394057273864746,2.139995813369751,3.488
track_2,noise,gtcrn,8.493848,15.295755,1.523521900177002,2.7379961013793945,6.0
track_2,noise,gtcrn,9.099047,12.912498,1.51690673828125,2.034749984741211,4.192
track_2,noise,gtcrn,10.533547,14.849035,1.4125937223434448,2.055638313293457,4.4
track_2,noise,gtcrn,11.499287,14.512662,2.077752113342285,2.7740135192871094,4.112
track_2,noise,gtcrn,17.663006,18.26592,3.2474000453948975,3.390045642852783,5.36
track_2,noise,gtcrn,7.5932317,10.832308,2.08583664894104,2.5772979259490967,7.68
track_2,noise,gtcrn,10.638896,16.601276,2.322589159011841,2.6146180629730225,6.56
track_2,noise,gtcrn,11.762014,18.52084,1.8124052286148071,2.5249886512756348,6.032
track_2,noise,gtcrn,8.216164,15.036086,1.669761300086975,2.4105470180511475,3.264
track_2,noise,gtcrn,9.653761,9.781954,1.9474709033966064,1.7590973377227783,3.456
track_2,noise,gtcrn,2.7483435,9.644319,1.2867062091827393,1.6657369136810303,3.504
track_2,noise,gtcrn,6.872777,7.931697,1.7341907024383545,1.8247827291488647,4.96
track_2,noise,gtcrn,12.724268,15.902595,1.2716773748397827,2.077009439468384,3.136
track_2,noise,gtcrn,9.8413925,12.259628,1.6009080410003662,2.244687080383301,7.28
track_2,noise,gtcrn,7.9478636,9.339836,2.2920851707458496,2.5522685050964355,4.464
track_2,noise,gtcrn,8.184112,10.546889,1.6894526481628418,1.8268210887908936,9.312
track_2,noise,gtcrn,9.743764,15.205874,1.3574765920639038,2.296926259994507,9.664
track_2,noise,gtcrn,12.147893,9.849827,3.034231662750244,2.7895402908325195,7.888
track_2,noise,gtcrn,3.054072,11.199912,1.6957461833953857,1.8517405986785889,5.984
track_2,noise,gtcrn,8.129135,12.967964,1.3221960067749023,2.0828802585601807,9.344
track_2,noise,gtcrn,7.041173,15.028229,1.6984531879425049,2.576524257659912,9.92
track_2,noise,gtcrn,10.354844,14.050632,1.2631254196166992,2.368323564529419,4.32
track_2,noise,gtcrn,9.891791,19.359163,1.2916210889816284,2.5389716625213623,3.904
track_2,noise,gtcrn,15.436321,18.733192,1.7764520645141602,2.3823535442352295,9.04
track_2,noise,gtcrn,10.061383,14.1977415,1.719171404838562,2.2464869022369385,5.856
track_2,noise,gtcrn,11.469451,14.469233,1.8012809753417969,2.5858819484710693,6.0
track_2,noise,gtcrn,16.149912,19.840052,1.8167219161987305,2.608765125274658,3.968
track_2,noise,gtcrn,6.4748383,6.937687,1.3619153499603271,1.317642331123352,3.936
track_2,noise,gtcrn,4.66652,15.532091,1.2040090560913086,2.3627471923828125,3.584
track_2,noise,gtcrn,9.103257,16.58576,1.8490755558013916,2.6203675270080566,7.808
track_2,noise,gtcrn,12.851145,23.465282,3.627511739730835,3.472085475921631,6.448
track_2,noise,gtcrn,14.273995,16.528885,1.6566911935806274,2.3070919513702393,4.768
track_2,noise,gtcrn,7.573933,14.996389,1.1323596239089966,1.6953754425048828,3.728
track_2,noise,gtcrn,0.90191245,12.001642,1.1160521507263184,1.5462969541549683,7.184
track_2,noise,gtcrn,11.553435,19.158865,1.4923945665359497,2.1717329025268555,6.16
track_2,noise,gtcrn,9.943726,16.381285,1.361724853515625,2.4931905269622803,6.224
track_2,noise,gtcrn,19.367098,21.626673,2.134586811065674,2.3884754180908203,6.16
track_2,noise,gtcrn,17.873413,20.980152,1.4897993803024292,2.2374157905578613,5.024
track_2,noise,gtcrn,9.620532,14.362626,1.4784877300262451,2.0465586185455322,7.776
track_2,noise,gtcrn,14.745645,20.327082,1.9651679992675781,2.941533327102661,8.56
track_2,noise,gtcrn,15.583056,18.08987,1.518078327178955,2.3077540397644043,5.68
track_2,noise,gtcrn,16.432001,17.261612,2.8475191593170166,3.2205069065093994,7.088
track_2,noise,gtcrn,7.260989,11.008207,1.0977839231491089,1.7364345788955688,3.328
track_2,noise,gtcrn,11.639875,22.616764,2.0791683197021484,2.9031600952148438,3.936
track_2,noise,gtcrn,6.628077,14.521432,1.1777006387710571,1.9375752210617065,5.056
track_2,noise,gtcrn,15.6723,18.895264,1.530614972114563,2.4409594535827637,3.232
track_2,noise,gtcrn,14.725117,20.822266,1.5714526176452637,2.5037105083465576,9.76
track_2,noise,gtcrn,10.690077,13.123518,1.4842723608016968,2.1227056980133057,8.992
track_2,noise,gtcrn,2.347093,5.950344,1.1686885356903076,1.3643386363983154,5.152
track_2,noise,gtcrn,7.049569,13.880467,1.236132025718689,1.8098026514053345,4.224
track_2,noise,gtcrn,5.0287933,12.306047,1.5728646516799927,2.1015143394470215,9.264
track_2,noise,gtcrn,16.946827,22.06987,1.3241349458694458,2.713362693786621,5.584
track_2,noise,gtcrn,13.795861,18.264315,1.4232523441314697,1.9346473217010498,3.632
track_2,noise,gtcrn,11.079539,20.199602,1.6689318418502808,2.1653072834014893,3.216
track_2,noise,gtcrn,13.196254,17.072895,1.5288851261138916,2.059199094772339,4.288
track_2,noise,gtcrn,5.9046345,13.674597,1.1877484321594238,1.882941722869873,6.08
track_2,noise,gtcrn,8.014574,14.122838,1.4064745903015137,2.688929557800293,3.488
track_2,noise,gtcrn,8.650398,14.098169,1.4965486526489258,1.801061749458313,3.616
track_2,noise,gtcrn,12.663995,19.101143,1.5945073366165161,1.915696382522583,3.28
track_2,noise,gtcrn,7.0076694,17.11869,1.1518572568893433,2.0469181537628174,3.808
track_2,noise,gtcrn,13.79166,18.888016,1.3319225311279297,1.995739459991455,3.664
track_2,noise,gtcrn,7.0067887,19.548496,1.6445871591567993,2.5396196842193604,5.664
track_2,noise,gtcrn,14.099751,18.363472,1.3043116331100464,2.140688419342041,3.824
track_2,noise,gtcrn,7.7382665,27.77557,2.3087432384490967,3.192317485809326,3.408
track_2,noise,gtcrn,9.568187,19.3428,1.2872538566589355,1.7457606792449951,3.12
track_2,noise,gtcrn,10.118525,27.37565,3.11238956451416,3.4426324367523193,3.184
track_2,noise,gtcrn,12.469716,18.102654,1.3577048778533936,2.1578402519226074,3.28
track_2,noise,gtcrn,7.990617,17.738325,1.7823655605316162,2.062945604324341,3.12
track_2,noise,gtcrn,9.899404,16.408009,1.298865556716919,2.0425608158111572,4.224
track_2,noise,gtcrn,21.39336,25.578032,1.6472707986831665,2.8231441974639893,4.032
track_2,noise,gtcrn,7.923341,16.999935,1.2912638187408447,2.124366521835327,4.048
track_2,noise,gtcrn,4.284796,16.464981,1.1656605005264282,1.9866044521331787,3.376
track_2,noise,gtcrn,9.552684,18.47233,1.1673632860183716,1.8819948434829712,4.048
track_2,noise,gtcrn,2.4300895,10.93919,1.081296682357788,1.8333929777145386,3.2
track_2,noise,gtcrn,1.528261,8.018995,1.0967657566070557,1.4669368267059326,3.232
track_2,noise,gtcrn,2.1726675,7.9599276,1.1100761890411377,1.6704635620117188,3.104
track_2,noise,gtcrn,-4.1015263,3.616879,1.0894098281860352,1.3383028507232666,6.688
track_2,noise,gtcrn,17.664053,18.438745,1.6040887832641602,2.5844480991363525,3.664
track_2,noise,gtcrn,15.987213,20.257023,1.8292784690856934,2.3830671310424805,3.264
track_2,noise,gtcrn,12.651335,16.073452,1.5605535507202148,2.508939266204834,3.312
track_2,noise,gtcrn,8.585449,14.838079,1.2587696313858032,1.9437038898468018,4.352
track_2,noise,gtcrn,11.789379,16.28683,1.1948100328445435,2.0178773403167725,4.048
track_2,noise,gtcrn,11.024219,16.775568,1.2303661108016968,2.0977084636688232,3.36
track_2,noise,gtcrn,8.675571,14.8533,1.173486590385437,1.653152346611023,3.872
track_2,noise,gtcrn,6.311622,12.3424425,1.2060832977294922,1.7378394603729248,3.072
track_2,noise,gtcrn,15.708175,21.15876,1.690134048461914,2.7371938228607178,3.856
track_2,noise,gtcrn,22.13257,20.516794,1.991727352142334,2.7071259021759033,3.712
track_2,noise,gtcrn,13.225871,16.901737,1.6525768041610718,2.0593042373657227,3.584
track_2,noise,gtcrn,-8.558134,4.1619577,1.3647443056106567,1.2306005954742432,6.848
track_2,noise,gtcrn,11.274686,24.224201,2.6291213035583496,2.5969371795654297,3.392
track_2,noise,gtcrn,5.343123,13.428636,1.3109997510910034,1.9763762950897217,3.712
track_2,noise,gtcrn,10.215216,18.144121,1.3797922134399414,2.267993450164795,3.104
track_2,noise,gtcrn,12.505825,20.008413,1.5532195568084717,2.0214688777923584,3.536
track_2,noise,gtcrn,12.210396,16.55347,1.4821839332580566,2.084484815597534,3.856
track_2,noise,gtcrn,-0.109103434,9.21178,1.1068710088729858,1.573146104812622,3.232
track_2,noise,gtcrn,4.5443916,12.759367,1.0731678009033203,1.4626001119613647,3.824
track_2,noise,gtcrn,17.316341,16.465008,2.7581701278686523,2.498440742492676,4.48
track_2,noise,gtcrn,9.506401,15.823748,1.4422637224197388,2.5677921772003174,5.568
track_2,noise,gtcrn,10.522462,15.838896,2.273853302001953,2.5989909172058105,4.032
track_2,noise,gtcrn,9.429548,18.519342,1.3145194053649902,2.1051666736602783,3.552
track_2,noise,gtcrn,13.121104,18.645594,1.955479621887207,2.6353437900543213,3.584
track_2,noise,gtcrn,7.8317647,18.457129,1.599548578262329,2.755944013595581,4.208
track_2,noise,gtcrn,12.739859,18.921074,1.3065431118011475,2.0855872631073,3.584
track_2,noise,gtcrn,10.666292,23.160732,2.01072096824646,3.0767600536346436,4.064
track_2,noise,gtcrn,5.567877,16.458447,1.7307077646255493,2.3319787979125977,3.408
track_2,noise,gtcrn,-1.6822809,14.561359,1.0400350093841553,2.2693123817443848,3.184
track_2,noise,gtcrn,16.946625,21.812588,2.480010509490967,3.1538379192352295,3.872
track_2,noise,gtcrn,17.77889,20.907639,2.145078659057617,2.6676106452941895,4.448
track_2,noise,gtcrn,8.911274,15.189938,1.4246309995651245,2.3347601890563965,4.512
track_2,noise,gtcrn,5.3968196,18.178705,1.3051652908325195,2.373718023300171,3.568
track_2,noise,gtcrn,5.5657654,16.647064,1.1962544918060303,2.4061098098754883,3.216
track_2,noise,gtcrn,3.5802813,11.017085,1.1441974639892578,1.8516395092010498,3.76
track_2,noise,gtcrn,-0.9912199,9.123173,1.0766602754592896,1.697339415550232,3.872
track_2,noise,gtcrn,1.4789599,14.662074,1.1423068046569824,1.7876514196395874,4.128
track_2,noise,gtcrn,7.236814,14.365267,1.1289327144622803,1.7929414510726929,3.36
track_2,noise,gtcrn,11.185279,17.248823,1.1765968799591064,1.8000507354736328,4.048
track_2,noise,gtcrn,8.301386,13.174841,1.1645331382751465,1.7026454210281372,3.456
track_2,noise,gtcrn,1.898366,10.741566,1.13936448097229,1.8561102151870728,3.504
track_2,noise,gtcrn,1.8983258,10.647606,1.1237423419952393,2.0202438831329346,3.152
track_2,noise,gtcrn,15.817297,20.239393,1.6491930484771729,2.5574469566345215,9.12
track_2,noise,gtcrn,7.2906065,14.51709,1.1152565479278564,1.6722054481506348,4.736
track_2,noise,gtcrn,7.4839325,15.434197,1.1964932680130005,2.570181131362915,3.376
track_2,noise,gtcrn,9.947651,22.09464,1.165100336074829,2.1860733032226562,4.32
track_2,noise,gtcrn,15.055713,21.787413,1.1921132802963257,2.724921464920044,3.152
track_2,noise,ulunas,15.358921,22.44055,1.4782570600509644,3.9024224281311035,4.336
track_2,noise,ulunas,13.168377,21.768587,1.5042402744293213,1.9741733074188232,3.6
track_2,noise,ulunas,16.675392,26.84141,1.9126660823822021,3.4882712364196777,5.696
track_2,noise,ulunas,10.385766,16.7074,1.351149559020996,2.4117343425750732,8.8640625
track_2,noise,ulunas,12.672249,18.372501,1.4445321559906006,2.7700283527374268,8.656
track_2,noise,ulunas,18.369698,21.9165,2.5060524940490723,3.2467620372772217,3.536
track_2,noise,ulunas,8.483633,18.717825,1.6717907190322876,2.469144105911255,3.392
track_2,noise,ulunas,2.6418707,15.552026,1.2194757461547852,1.6686447858810425,4.304
track_2,noise,ulunas,8.459335,13.647793,1.1682096719741821,2.0404322147369385,5.52
track_2,noise,ulunas,5.6301413,25.939472,2.0399978160858154,3.6993556022644043,6.656
track_2,noise,ulunas,13.803712,18.690628,1.3608629703521729,3.0600643157958984,8.064
track_2,noise,ulunas,8.188514,14.115347,1.2203369140625,1.8725159168243408,4.592
track_2,noise,ulunas,12.002364,14.911549,1.0829757452011108,1.5376160144805908,4.224
track_2,noise,ulunas,10.769106,17.3368,1.5048165321350098,3.159863233566284,3.296
track_2,noise,ulunas,17.601355,23.594425,3.0585482120513916,3.8593876361846924,9.904
track_2,noise,ulunas,10.88662,19.747292,2.0791406631469727,3.6102004051208496,3.552
track_2,noise,ulunas,4.1916494,19.44865,1.2084639072418213,2.71766996383667,3.056
track_2,noise,ulunas,-0.0660626,16.309175,1.2966303825378418,3.0460867881774902,6.544
track_2,noise,ulunas,-1.889181,5.506954,1.3244497776031494,1.4941250085830688,3.2320625
track_2,noise,ulunas,5.9878726,14.614532,1.2517982721328735,1.9600883722305298,3.1680625
track_2,noise,ulunas,13.300834,16.709898,1.2242460250854492,1.6600556373596191,6.4
track_2,noise,ulunas,6.8257,15.994846,1.2376611232757568,1.8053557872772217,3.808
track_2,noise,ulunas,10.893595,15.524595,1.407256841659546,1.960470199584961,3.776
track_2,noise,ulunas,7.0650606,17.189388,1.5761427879333496,3.159597158432007,9.008
track_2,noise,ulunas,6.4876943,19.595377,1.3613224029541016,2.173069477081299,7.088
track_2,noise,ulunas,17.580406,24.515564,2.2813661098480225,3.2463252544403076,3.184
track_2,noise,ulunas,9.949896,17.38647,1.760866403579712,2.754220485687256,4.784
track_2,noise,ulunas,7.337842,16.427834,1.3365166187286377,2.3860912322998047,3.536
track_2,noise,ulunas,3.2401457,13.843395,1.0498920679092407,2.2106685638427734,3.568
track_2,noise,ulunas,12.561587,17.57497,1.4899952411651611,2.4668171405792236,3.344
track_2,noise,ulunas,10.8524475,21.155167,1.8350369930267334,2.8866984844207764,4.064
track_2,noise,ulunas,5.310247,15.829485,1.0862560272216797,2.171535015106201,3.616
track_2,noise,ulunas,18.1591,19.526577,1.5856660604476929,2.7330119609832764,3.072
track_2,noise,ulunas,9.291758,15.555476,1.3441331386566162,2.3557662963867188,6.781375
track_2,noise,ulunas,7.2709465,16.861015,1.357271671295166,2.8554749488830566,9.6480625
track_2,noise,ulunas,20.854523,26.479073,1.7795398235321045,3.086322069168091,4.288
track_2,noise,ulunas,-1.4061785,10.284012,1.1421459913253784,1.5575313568115234,3.744
track_2,noise,ulunas,0.2047167,14.346398,1.4643148183822632,2.989121675491333,6.24
track_2,noise,ulunas,13.361691,20.284828,1.3754010200500488,3.2069034576416016,5.952
track_2,noise,ulunas,1.4052455,13.733372,1.0332916975021362,1.662690281867981,6.4
track_2,noise,ulunas,11.802603,19.572618,1.214301347732544,2.1823136806488037,3.0080625
track_2,noise,ulunas,18.97243,26.549332,1.4423493146896362,2.845435380935669,3.376
track_2,noise,ulunas,13.8776455,20.675716,1.5300374031066895,3.029679775238037,7.168
track_2,noise,ulunas,4.876354,10.623945,1.097450613975525,1.3490021228790283,3.792
track_2,noise,ulunas,6.439409,17.526985,1.379084825515747,2.501692295074463,3.904
track_2,noise,ulunas,6.1787014,16.7828,1.7293983697891235,3.398151159286499,9.872
track_2,noise,ulunas,11.625977,19.913801,1.5579893589019775,3.0614423751831055,5.632
track_2,noise,ulunas,7.8480554,18.076439,1.4463257789611816,2.5311224460601807,8.08
track_2,noise,ulunas,8.680234,14.474441,1.2993052005767822,2.389038324356079,6.528
track_2,noise,ulunas,9.245285,20.248163,1.3686985969543457,2.2247586250305176,3.6
track_2,noise,ulunas,8.6296625,20.772161,2.326725721359253,3.321063280105591,9.2
track_2,noise,ulunas,2.7737472,12.97639,1.1102080345153809,2.4575934410095215,4.9280625
track_2,noise,ulunas,7.937656,15.276302,1.8285768032073975,3.095489501953125,8.461375
track_2,noise,ulunas,6.2314105,12.908193,1.0526502132415771,1.734824776649475,4.96
track_2,noise,ulunas,13.446426,24.605047,2.139141082763672,3.7983031272888184,9.936
track_2,noise,ulunas,19.43375,25.77281,1.7500121593475342,3.2975778579711914,5.44
track_2,noise,ulunas,13.930926,26.219702,2.3242993354797363,3.15694260597229,9.2
track_2,noise,ulunas,2.2560785,13.235024,1.179442286491394,1.775369644165039,3.6
track_2,noise,ulunas,19.845692,21.789438,2.6032867431640625,2.9106638431549072,5.52
track_2,noise,ulunas,16.58714,20.259201,1.99522066116333,3.0820610523223877,4.845375
track_2,noise,ulunas,16.45217,24.012394,2.0591671466827393,3.079378604888916,3.584
track_2,noise,ulunas,11.441984,13.812233,1.920452356338501,2.742892265319824,3.392
track_2,noise,ulunas,10.580315,18.560787,1.6059801578521729,2.7769012451171875,9.856
track_2,noise,ulunas,8.497579,18.755306,1.146073818206787,2.0975046157836914,4.928
track_2,noise,ulunas,16.906267,24.02049,1.7497427463531494,3.568469762802124,5.184
track_2,noise,ulunas,11.944099,20.508148,1.3319107294082642,2.5973687171936035,3.024
track_2,noise,ulunas,10.923852,17.79616,1.2371296882629395,2.0588884353637695,3.648
track_2,noise,ulunas,1.5164497,9.511946,1.0375218391418457,1.6514053344726562,4.336
track_2,noise,ulunas,13.403611,15.679972,1.4673454761505127,1.9698866605758667,5.168
track_2,noise,ulunas,10.517339,16.652346,1.2291902303695679,2.100660562515259,8.656
track_2,noise,ulunas,5.3852863,11.158497,1.1054810285568237,1.4772861003875732,7.312
track_2,noise,ulunas,9.500531,14.322994,1.7912631034851074,2.3581244945526123,6.224
track_2,noise,ulunas,10.235289,18.734024,1.4615440368652344,2.7293097972869873,4.4
track_2,noise,ulunas,5.4803944,14.167052,1.2636058330535889,2.1221208572387695,3.616
track_2,noise,ulunas,7.689951,11.523772,1.1761866807937622,2.6288459300994873,3.488
track_2,noise,ulunas,16.395931,14.312708,1.8075716495513916,1.7400318384170532,8.624
track_2,noise,ulunas,14.621712,18.512295,1.4978891611099243,2.1003081798553467,3.984
track_2,noise,ulunas,15.830263,22.516361,2.2394418716430664,2.8639512062072754,6.333375
track_2,noise,ulunas,15.06237,19.373018,1.4053466320037842,2.4563567638397217,5.168
track_2,noise,ulunas,1.8216238,8.819462,1.1070847511291504,1.8816332817077637,5.408
track_2,noise,ulunas,4.67472,15.5999,1.3500330448150635,2.1741721630096436,4.256
track_2,noise,ulunas,9.113502,18.54748,1.307017207145691,2.654301881790161,4.5760625
track_2,noise,ulunas,3.8352451,11.76303,1.1412173509597778,1.5711193084716797,3.1680625
track_2,noise,ulunas,7.9590993,12.792555,1.1392619609832764,1.9848408699035645,9.504
track_2,noise,ulunas,12.47279,22.639925,1.7031099796295166,2.5914430618286133,5.456
track_2,noise,ulunas,6.2787666,17.180676,1.354095458984375,2.9615297317504883,5.088
track_2,noise,ulunas,17.29192,21.675701,1.4449306726455688,2.012739419937134,5.952
track_2,noise,ulunas,13.969431,20.355576,1.4998726844787598,3.2680253982543945,3.024
track_2,noise,ulunas,5.1852913,11.151285,1.1986477375030518,1.9266722202301025,5.021375
track_2,noise,ulunas,10.680356,16.500895,1.3454999923706055,2.707956552505493,6.384
track_2,noise,ulunas,3.1158397,10.504742,1.0724494457244873,1.7070093154907227,9.568
track_2,noise,ulunas,14.115134,18.996773,1.4784642457962036,2.6984219551086426,8.16
track_2,noise,ulunas,8.459229,13.37476,1.169472098350525,2.1685338020324707,3.808
track_2,noise,ulunas,8.600657,12.900499,1.2810251712799072,2.152522325515747,7.024
track_2,noise,ulunas,10.947235,16.039917,1.4283806085586548,2.5609989166259766,8.576
track_2,noise,ulunas,12.064399,16.217264,1.9731557369232178,2.6438753604888916,3.984
track_2,noise,ulunas,12.138044,17.505981,1.6240696907043457,3.0889816284179688,5.408
track_2,noise,ulunas,11.862699,16.874279,1.4836095571517944,2.597158908843994,3.504
track_2,noise,ulunas,6.6474667,12.725649,1.2824336290359497,2.400411367416382,9.536
track_2,noise,ulunas,6.4759493,12.400921,1.1742876768112183,1.7302613258361816,6.333375
track_2,noise,ulunas,6.419482,12.21238,1.1721692085266113,1.8115851879119873,4.864
track_2,noise,ulunas,11.408318,14.92566,1.406718373298645,1.8708102703094482,6.016
track_2,noise,ulunas,13.297753,16.745708,1.5866450071334839,2.5437216758728027,5.6
track_2,noise,ulunas,12.040071,16.629032,1.4340087175369263,2.4701478481292725,4.432
track_2,noise,ulunas,4.1354485,10.956614,1.2046397924423218,1.8796292543411255,5.68
track_2,noise,ulunas,7.558313,11.083846,1.2546782493591309,1.5675636529922485,3.296
track_2,noise,ulunas,17.001793,19.156717,2.1661596298217773,2.497868299484253,3.296
track_2,noise,ulunas,4.4795732,8.9891405,1.1003828048706055,1.6282081604003906,3.792
track_2,noise,ulunas,-3.548437,4.679108,1.064234733581543,1.286999225616455,4.608
track_2,noise,ulunas,7.9697804,18.410458,1.2711750268936157,2.4626877307891846,5.232
track_2,noise,ulunas,9.502911,19.764082,1.135358214378357,2.112119197845459,5.776
track_2,noise,ulunas,11.629544,15.91148,1.209763526916504,2.370210647583008,7.104
track_2,noise,ulunas,4.5084543,15.627531,1.0703537464141846,1.9807826280593872,6.461375
track_2,noise,ulunas,10.702337,18.714846,1.4389489889144897,2.684434413909912,9.008
track_2,noise,ulunas,124.845665,29.661428,4.643888473510742,4.324394226074219,7.728
track_2,noise,ulunas,15.588432,19.942095,1.8028576374053955,2.979357957839966,8.832
track_2,noise,ulunas,8.913224,13.661367,1.1702899932861328,2.150817632675171,7.984
track_2,noise,ulunas,10.069771,18.509665,1.143921136856079,2.0730066299438477,5.072
track_2,noise,ulunas,13.124535,16.83293,1.3032798767089844,2.794477939605713,8.064
track_2,noise,ulunas,4.4871607,10.245899,1.0915441513061523,1.462732195854187,8.736
track_2,noise,ulunas,5.48548,12.347464,1.0730581283569336,1.689512014389038,9.9975
track_2,noise,ulunas,8.890771,15.787879,1.1304380893707275,2.2199766635894775,9.9895
track_2,noise,ulunas,10.391574,19.049725,1.5643386840820312,2.3437933921813965,9.9885
track_2,noise,ulunas,8.0135765,16.658226,1.0786503553390503,2.347020149230957,9.8425
track_2,noise,ulunas,11.824188,19.437044,3.306741714477539,3.222428798675537,5.402
track_2,noise,ulunas,-1.79157,12.0392,1.0319020748138428,1.6065545082092285,4.524125
track_2,noise,ulunas,20.49113,25.446896,1.7000198364257812,3.010902166366577,9.911
track_2,noise,ulunas,9.91952,16.066986,1.2762982845306396,2.4344828128814697,4.132625
track_2,noise,ulunas,9.469503,14.894694,1.1462634801864624,2.0933635234832764,9.958
track_2,noise,ulunas,2.5505939,0.1658392,1.0524665117263794,1.1436374187469482,9.762
track_2,noise,ulunas,5.321782,12.231863,1.210793137550354,1.8378303050994873,4.806625
track_2,noise,ulunas,7.8775096,9.320535,1.1549773216247559,1.0377295017242432,9.807
track_2,noise,ulunas,9.256872,18.739449,1.2700824737548828,3.2063639163970947,9.982
track_2,noise,ulunas,12.416506,19.37179,1.5307203531265259,2.2241153717041016,4.689375
track_2,noise,ulunas,9.018627,5.5930114,1.434425711631775,1.0419658422470093,9.972
track_2,noise,ulunas,16.307617,3.036199,1.5716497898101807,1.4502503871917725,5.24825
track_2,noise,ulunas,12.794197,14.490614,1.2688357830047607,2.4492955207824707,9.9525
track_2,noise,ulunas,9.055666,19.380127,1.4599581956863403,2.971276044845581,9.89875
track_2,noise,ulunas,8.402148,19.80118,1.7110106945037842,2.3277251720428467,5.6275
track_2,noise,ulunas,18.29121,21.722603,1.4907798767089844,2.484069585800171,9.99775
track_2,noise,ulunas,7.4546156,13.461095,1.8473868370056152,2.405388593673706,9.9755
track_2,noise,ulunas,1.0009935,6.649156,1.1019295454025269,1.5095040798187256,9.6735
track_2,noise,ulunas,14.57292,13.9930935,1.4019420146942139,1.160369873046875,9.9555
track_2,noise,ulunas,4.909478,12.008209,1.1157265901565552,1.5455905199050903,9.97025
track_2,noise,ulunas,14.612347,21.951572,1.8169169425964355,4.082106590270996,9.85225
track_2,noise,ulunas,9.459242,15.933751,1.2573678493499756,2.298529624938965,9.918
track_2,noise,ulunas,11.394095,19.779043,1.428301453590393,2.88755202293396,9.94075
track_2,noise,ulunas,11.685821,13.1240635,1.4047260284423828,2.4196841716766357,9.9725
track_2,noise,ulunas,8.507928,14.969704,1.1524109840393066,2.2178924083709717,4.15125
track_2,noise,ulunas,5.9916697,12.533898,1.1422762870788574,1.9736799001693726,9.9465
track_2,noise,ulunas,10.331709,13.553198,1.1742453575134277,2.4362435340881348,9.961
track_2,noise,ulunas,12.532072,21.977154,1.8139736652374268,3.5442891120910645,7.065875
track_2,noise,ulunas,8.546432,15.283316,1.159209132194519,2.1414496898651123,9.971
track_2,noise,ulunas,8.530607,14.674186,1.378006935119629,2.554428815841675,9.9965
track_2,noise,ulunas,-1.3957894,17.237915,1.288254976272583,2.3514204025268555,9.9895
track_2,noise,ulunas,7.771064,14.100028,1.100893259048462,1.7928237915039062,9.9635
track_2,noise,ulunas,9.514742,20.097906,1.188315987586975,2.5536134243011475,9.916
track_2,noise,ulunas,7.347141,12.812867,1.2058830261230469,2.264296293258667,9.90075
track_2,noise,ulunas,12.338761,18.931229,1.5569133758544922,3.369521379470825,9.8515
track_2,noise,ulunas,5.63626,19.421581,1.4329208135604858,3.1123790740966797,9.039125
track_2,noise,ulunas,8.510203,14.542779,1.0898983478546143,2.018850803375244,9.925
track_2,noise,ulunas,9.8269615,12.702843,1.2212672233581543,2.689756393432617,5.156125
track_2,noise,ulunas,14.97751,15.579464,1.6079379320144653,2.332146644592285,9.999
track_2,noise,ulunas,11.335655,19.308435,1.3567161560058594,2.3717334270477295,9.98025
track_2,noise,ulunas,17.240927,20.175829,1.4157161712646484,2.7188355922698975,6.391875
track_2,noise,ulunas,8.466312,18.539038,1.2299880981445312,2.1001789569854736,9.99675
track_2,noise,ulunas,12.42537,17.786602,1.4521384239196777,2.8524911403656006,5.498625
track_2,noise,ulunas,10.49055,9.662475,1.29268217086792,1.5111359357833862,9.986
track_2,noise,ulunas,12.457598,16.02023,1.6473578214645386,2.5657811164855957,9.99475
track_2,noise,ulunas,-1.0403628,10.039642,1.0399675369262695,1.4589147567749023,5.0735625
track_2,noise,ulunas,9.761307,15.135703,1.6232272386550903,2.6576359272003174,9.99775
track_2,noise,ulunas,-2.8226879,9.106945,1.058970332145691,1.6931681632995605,5.2655
track_2,noise,ulunas,8.885515,3.4979343,1.188489317893982,1.0321918725967407,9.9845
track_2,noise,ulunas,0.70194674,9.117617,1.1006208658218384,1.8319213390350342,8.8086875
track_2,noise,ulunas,24.906618,27.375937,2.2901949882507324,3.370785713195801,10.0
track_2,noise,ulunas,12.478967,19.268044,1.3705841302871704,2.76017689704895,7.33175
track_2,noise,ulunas,-0.4258831,8.42348,1.0261719226837158,1.5164111852645874,9.964
track_2,noise,ulunas,7.114686,17.172363,1.4814767837524414,2.974884510040283,9.947
track_2,noise,ulunas,8.102494,15.081511,1.189682126045227,2.0050134658813477,5.0680625
track_2,noise,ulunas,18.43108,19.422644,1.3330204486846924,2.661433219909668,9.9925
track_2,noise,ulunas,9.766047,16.932373,1.4503369331359863,2.8505876064300537,9.1655
track_2,noise,ulunas,4.963047,13.535911,1.075132966041565,1.7701183557510376,9.8535
track_2,noise,ulunas,16.534502,22.357075,1.3038651943206787,3.016456365585327,9.9695
track_2,noise,ulunas,2.780264,13.903626,1.1073986291885376,1.9361616373062134,5.088125
track_2,noise,ulunas,11.001516,15.050852,1.0842595100402832,1.6818535327911377,9.997
track_2,noise,ulunas,12.43997,16.748133,1.8490214347839355,2.9936418533325195,9.87775
track_2,noise,ulunas,15.701786,10.814438,1.782005786895752,1.1531118154525757,9.963
track_2,noise,ulunas,6.243882,15.295896,1.2992522716522217,2.2056756019592285,9.9765
track_2,noise,ulunas,9.174058,20.412754,1.3024731874465942,2.7735843658447266,9.9915
track_2,noise,ulunas,4.710293,9.04993,1.5964926481246948,2.1151256561279297,4.2116875
track_2,noise,ulunas,16.507122,12.082715,2.2161290645599365,1.9262988567352295,9.9975
track_2,noise,ulunas,14.39582,13.124344,1.4185278415679932,2.2263121604919434,9.0805
track_2,noise,ulunas,7.0563593,13.572853,1.1070798635482788,2.0511884689331055,9.8205
track_2,noise,ulunas,9.152295,16.782711,1.5327463150024414,2.6709444522857666,6.3856875
track_2,noise,ulunas,18.091713,10.217411,1.528674602508545,2.3476579189300537,9.9825
track_2,noise,ulunas,9.566553,15.596242,1.0523778200149536,1.626800537109375,9.93575
track_2,noise,ulunas,10.266136,8.603376,1.8751572370529175,2.1354751586914062,9.9855
track_2,noise,ulunas,2.5880811,12.8995495,1.303696870803833,2.0422072410583496,9.995
track_2,noise,ulunas,7.2917895,19.25845,1.2354669570922852,1.9260408878326416,9.99225
track_2,noise,ulunas,7.434846,2.661061,1.1553099155426025,2.28351092338562,9.9285
track_2,noise,ulunas,13.306446,18.512737,1.2054799795150757,2.554661273956299,9.95775
track_2,noise,ulunas,9.508311,16.128939,1.3774241209030151,2.359862804412842,9.9785
track_2,noise,ulunas,12.164639,18.811476,1.3649582862854004,2.310915231704712,6.5080625
track_2,noise,ulunas,15.780869,21.639568,1.6083686351776123,2.776559591293335,6.913
track_2,noise,ulunas,10.535422,7.398404,1.296299934387207,2.0153398513793945,4.63125
track_2,noise,ulunas,17.580135,24.230518,2.3886098861694336,3.4241275787353516,9.98875
track_2,noise,ulunas,5.5611987,13.462972,1.2507801055908203,1.8827457427978516,9.8975
track_2,noise,ulunas,11.14497,17.108423,1.3978254795074463,2.299349308013916,9.9575
track_2,noise,ulunas,-3.8905773,8.793484,1.052860975265503,1.3053174018859863,7.460875
track_2,noise,ulunas,8.449205,13.262777,1.345794916152954,2.3278510570526123,9.975
track_2,noise,ulunas,8.110764,14.41172,1.1631883382797241,1.9637887477874756,9.997
track_2,noise,ulunas,7.508226,14.167948,1.0858482122421265,1.8336787223815918,5.4495
track_2,noise,ulunas,16.638697,14.753546,2.2405447959899902,2.2480242252349854,9.7635
track_2,noise,ulunas,19.10936,14.349649,1.6550140380859375,2.880073070526123,9.7825
track_2,noise,ulunas,0.79023933,19.503977,1.2449970245361328,2.2672860622406006,5.923875
track_2,noise,ulunas,-1.5180726,6.8598795,1.0452286005020142,1.268707036972046,7.6165625
track_2,noise,ulunas,-0.74677885,9.984298,1.366618037223816,2.226670742034912,9.862
track_2,noise,ulunas,10.389862,17.157022,1.2989494800567627,2.0425493717193604,9.98075
track_2,noise,ulunas,6.0446877,15.107111,1.1759448051452637,2.3332579135894775,9.9385
track_2,noise,ulunas,6.3821383,16.229046,1.2153137922286987,2.6342835426330566,9.8765
track_2,noise,ulunas,7.6278596,14.384952,1.098301887512207,2.037456512451172,9.958
track_2,noise,ulunas,3.9742203,10.465402,1.1402239799499512,1.7693276405334473,9.9635
track_2,noise,ulunas,9.18335,14.130216,1.427232027053833,1.5861232280731201,8.198625
track_2,noise,ulunas,0.40441215,8.348114,1.3479230403900146,1.732903242111206,9.97
track_2,noise,ulunas,4.96204,10.998501,1.1071903705596924,1.864948034286499,4.1291875
track_2,noise,ulunas,8.426343,13.169832,1.5741075277328491,2.3510475158691406,9.9905
track_2,noise,ulunas,11.732799,13.520356,1.3249906301498413,2.149535894393921,7.134375
track_2,noise,ulunas,7.982676,14.125017,1.3656041622161865,3.0643022060394287,9.80825
track_2,noise,ulunas,5.4015064,13.6991205,1.126353144645691,2.1096084117889404,9.862
track_2,noise,ulunas,18.147795,22.77959,1.7172610759735107,2.9348108768463135,9.96825
track_2,noise,ulunas,9.825517,18.783968,1.2186522483825684,2.285588026046753,9.8895
track_2,noise,ulunas,15.544168,15.247918,1.5642601251602173,2.263761043548584,6.938
track_2,noise,ulunas,3.6722398,18.679598,1.2286499738693237,2.3946590423583984,7.55125
track_2,noise,ulunas,8.1021185,14.085136,1.0571835041046143,2.015404462814331,9.8885
track_2,noise,ulunas,13.02279,5.9517007,1.7673726081848145,1.2315125465393066,9.956
track_2,noise,ulunas,9.677307,17.346348,1.1955690383911133,2.4153008460998535,9.961
track_2,noise,ulunas,-4.3564057,8.85085,1.0360620021820068,1.4562299251556396,9.9035
track_2,noise,ulunas,10.847141,19.519876,1.24417245388031,2.4331817626953125,7.9765
track_2,noise,ulunas,6.442819,12.215776,1.5010249614715576,1.9572758674621582,9.9615
track_2,noise,ulunas,14.3246765,21.95742,1.5649240016937256,3.014085531234741,6.9805
track_2,noise,ulunas,8.976986,12.858907,1.1555795669555664,1.495966911315918,8.34675
track_2,noise,ulunas,10.243831,18.297237,1.5959750413894653,2.605179786682129,9.843
track_2,noise,ulunas,14.227289,20.607412,1.313330888748169,2.8308045864105225,9.9115
track_2,noise,ulunas,10.840961,15.896674,1.170916199684143,2.267707347869873,7.53525
track_2,noise,ulunas,16.144463,18.886768,1.2521774768829346,2.4792864322662354,9.9745
track_2,noise,ulunas,15.809019,18.947952,1.2972177267074585,2.6152172088623047,4.7
track_2,noise,ulunas,5.926824,14.430515,1.0474364757537842,2.252645969390869,3.9
track_2,noise,ulunas,16.555689,17.739054,1.6610338687896729,2.9109387397766113,4.2
track_2,noise,ulunas,4.004156,13.433957,1.0695098638534546,1.5085917711257935,4.8
track_2,noise,ulunas,18.991993,26.574564,1.3168413639068604,3.4532299041748047,3.2
track_2,noise,ulunas,11.518036,16.67365,1.1316356658935547,2.094304084777832,4.4
track_2,noise,ulunas,15.483092,19.938076,1.609777569770813,2.9245405197143555,3.0
track_2,noise,ulunas,5.4522934,11.924929,1.0781035423278809,1.832446575164795,3.4
track_2,noise,ulunas,11.89169,19.205103,1.4550254344940186,2.8999075889587402,3.7
track_2,noise,ulunas,5.1003876,10.440134,1.097232699394226,1.6466833353042603,3.7
track_2,noise,ulunas,0.14014708,7.3562055,1.080392837524414,1.4921053647994995,3.6
track_2,noise,ulunas,8.999393,18.471634,1.1631269454956055,2.738800048828125,4.076
track_2,noise,ulunas,11.462694,20.95804,1.383955955505371,2.381484031677246,4.2
track_2,noise,ulunas,13.605399,16.17567,1.2260658740997314,2.14102840423584,3.0
track_2,noise,ulunas,9.407983,20.977251,1.0886975526809692,2.7011539936065674,3.7
track_2,noise,ulunas,3.6992755,8.806886,1.139914870262146,1.6449519395828247,4.3
track_2,noise,ulunas,5.6910286,14.366971,1.0643922090530396,1.9694457054138184,3.3
track_2,noise,ulunas,7.7949734,16.809263,1.161289930343628,2.5754051208496094,5.5
track_2,noise,ulunas,10.115643,18.091438,1.4554506540298462,2.8744678497314453,3.1
track_2,noise,ulunas,5.8811846,16.635494,1.09971022605896,2.2613728046417236,5.2
track_2,noise,ulunas,11.310627,19.376675,1.2315789461135864,2.4051613807678223,3.4
track_2,noise,ulunas,24.05896,25.583221,2.384688377380371,3.321817636489868,7.3
track_2,noise,ulunas,12.005096,22.349686,1.6378490924835205,3.3789327144622803,4.0
track_2,noise,ulunas,6.128914,14.389488,1.0868685245513916,1.9235241413116455,3.5
track_2,noise,ulunas,0.82654566,12.046402,1.0403060913085938,1.4100360870361328,5.1
track_2,noise,ulunas,20.995485,24.32535,1.426117181777954,3.023939609527588,3.2
track_2,noise,ulunas,7.636533,24.343288,1.615545630455017,3.5960075855255127,3.8
track_2,noise,ulunas,8.625282,13.732866,1.0732982158660889,1.6318176984786987,4.3
track_2,noise,ulunas,4.505944,13.487502,1.076831340789795,1.5129084587097168,4.9
track_2,noise,ulunas,5.296082,12.975154,1.2693824768066406,2.4503092765808105,4.5
track_2,noise,ulunas,6.272626,14.537507,1.0271121263504028,1.9975497722625732,3.5
track_2,noise,ulunas,5.84635,16.14571,1.276026725769043,3.098395824432373,6.2
track_2,noise,ulunas,0.40258917,7.0776873,1.0371454954147339,1.2372684478759766,4.3
track_2,noise,ulunas,7.873126,15.410337,1.1446092128753662,1.9779527187347412,3.2
track_2,noise,ulunas,8.211226,16.648643,1.0390862226486206,2.0875139236450195,3.1
track_2,noise,ulunas,8.034106,21.887857,2.2293784618377686,3.155902147293091,5.8000625
track_2,noise,ulunas,11.417761,15.281396,1.1432769298553467,2.19165301322937,3.5
track_2,noise,ulunas,10.195426,15.656225,1.1174206733703613,2.002595901489258,5.6
track_2,noise,ulunas,11.4832535,17.965944,1.2882850170135498,2.527409553527832,4.0
track_2,noise,ulunas,13.204452,17.026909,1.1473244428634644,2.4191579818725586,5.8
track_2,noise,ulunas,1.6033683,12.516869,1.0271588563919067,1.712496280670166,7.2
track_2,noise,ulunas,-0.98009056,6.0060577,1.0310101509094238,1.2519220113754272,5.0000625
track_2,noise,ulunas,4.9636564,12.847285,1.1162198781967163,1.6388272047042847,3.6
track_2,noise,ulunas,9.108819,17.192463,1.1084767580032349,1.7139697074890137,4.3
track_2,noise,ulunas,9.05029,13.141703,1.0944111347198486,2.1931400299072266,3.9
track_2,noise,ulunas,15.035309,20.15893,1.2717218399047852,2.1665360927581787,3.3
track_2,noise,ulunas,4.5617237,14.669683,1.0288766622543335,1.7150828838348389,4.8
track_2,noise,ulunas,12.391815,15.716758,1.2532545328140259,1.926685094833374,4.1
track_2,noise,ulunas,-3.0239675,6.2364917,1.0646308660507202,1.2804309129714966,5.4
track_2,noise,ulunas,9.2502365,14.009392,1.4083755016326904,2.462169647216797,4.3
track_2,noise,ulunas,13.321491,18.475224,1.21710205078125,2.3846116065979004,4.7
track_2,noise,ulunas,4.8462086,11.834331,1.0713119506835938,1.51973295211792,3.4
track_2,noise,ulunas,5.2868295,14.901087,1.079974889755249,1.776496171951294,3.5
track_2,noise,ulunas,16.786999,21.801266,1.5809108018875122,2.4938807487487793,4.3
track_2,noise,ulunas,-0.37879574,12.520487,1.0423883199691772,1.6125385761260986,3.6
track_2,noise,ulunas,12.822355,18.199585,1.1475543975830078,2.1089775562286377,5.5
track_2,noise,ulunas,3.6658921,12.589383,1.021821141242981,1.64534592628479,5.1
track_2,noise,ulunas,14.236831,19.198292,1.243678092956543,2.419966459274292,4.4
track_2,noise,ulunas,6.717344,11.585009,1.0695587396621704,1.7131435871124268,3.9
track_2,noise,ulunas,7.8872614,16.538597,1.0496714115142822,1.9479060173034668,6.2
track_2,noise,ulunas,2.2062948,10.615763,1.038387417793274,1.5739072561264038,4.4000625
track_2,noise,ulunas,13.813654,23.488348,2.3367340564727783,3.2615575790405273,4.1
track_2,noise,ulunas,7.214002,21.461847,1.4711514711380005,2.9414541721343994,4.8
track_2,noise,ulunas,-0.58884317,13.024681,1.254626750946045,2.2714688777923584,5.4
track_2,noise,ulunas,3.519339,10.746935,1.0548303127288818,1.5278191566467285,4.4
track_2,noise,ulunas,12.712742,18.581234,1.1000304222106934,1.9405033588409424,4.2
track_2,noise,ulunas,6.7498164,16.266415,1.116207242012024,1.8787989616394043,3.3
track_2,noise,ulunas,5.816145,13.189154,1.034358024597168,1.5289268493652344,5.2
track_2,noise,ulunas,3.5768752,10.15367,1.0400269031524658,1.5836524963378906,3.2
track_2,noise,ulunas,-0.6763372,5.408755,1.0300333499908447,1.3437244892120361,4.2
track_2,noise,ulunas,18.61107,20.851723,1.5189564228057861,2.618347644805908,3.7
track_2,noise,ulunas,17.764671,22.298717,1.377400279045105,3.1822993755340576,4.0
track_2,noise,ulunas,1.2684939,11.054934,1.0352734327316284,1.561273455619812,5.2
track_2,noise,ulunas,10.832609,19.742332,1.4613723754882812,2.8314762115478516,4.0
track_2,noise,ulunas,24.37849,27.3209,1.9744460582733154,3.2494006156921387,3.3
track_2,noise,ulunas,10.159576,14.507484,1.1014716625213623,2.0885813236236572,3.7
track_2,noise,ulunas,7.2360587,16.3043,1.172635555267334,1.9326937198638916,3.8
track_2,noise,ulunas,9.008266,18.377186,1.0665652751922607,2.0107245445251465,3.5
track_2,noise,ulunas,15.839594,21.885004,1.3146953582763672,2.992717742919922,3.2
track_2,noise,ulunas,0.47798726,14.160739,1.3380839824676514,2.1892247200012207,4.1
track_2,noise,ulunas,9.580145,16.920654,1.4050627946853638,3.200737714767456,4.0
track_2,noise,ulunas,9.819093,15.608097,1.0697182416915894,1.991065263748169,6.0000625
track_2,noise,ulunas,3.7597754,8.435336,1.0475375652313232,1.2513058185577393,3.9
track_2,noise,ulunas,4.4646564,12.97029,1.1186960935592651,1.7589209079742432,3.2
track_2,noise,ulunas,16.709904,21.724005,1.190431833267212,2.6263511180877686,5.7000625
track_2,noise,ulunas,10.989067,18.339064,1.8099677562713623,3.006911516189575,4.3
track_2,noise,ulunas,4.6330028,12.801858,1.0574007034301758,1.607381820678711,3.8
track_2,noise,ulunas,10.147544,20.619545,1.225856065750122,2.029287338256836,4.1
track_2,noise,ulunas,13.474864,23.191017,1.3999719619750977,2.7465076446533203,3.8
track_2,noise,ulunas,-1.841624,10.326928,1.32542085647583,1.7790427207946777,3.0
track_2,noise,ulunas,3.1390464,16.281384,1.3711119890213013,2.791158437728882,3.4
track_2,noise,ulunas,5.611309,14.646181,1.034613013267517,1.86763334274292,7.3
track_2,noise,ulunas,9.865172,16.10213,1.055440902709961,1.976658582687378,3.9
track_2,noise,ulunas,17.610697,21.723673,1.1777340173721313,2.6142141819000244,3.5
track_2,noise,ulunas,8.119718,13.568772,1.115006685256958,1.7517175674438477,5.2
track_2,noise,ulunas,12.900907,17.692677,1.1873931884765625,2.2277395725250244,3.9
track_2,noise,ulunas,10.754266,17.527502,1.0644994974136353,2.174241781234741,4.2
track_2,noise,ulunas,14.81449,17.938564,1.3540985584259033,2.6933796405792236,3.9
track_2,noise,ulunas,8.209631,13.571327,1.0480097532272339,1.9030661582946777,3.3
track_2,noise,ulunas,10.68694,19.50137,1.4087928533554077,2.838728427886963,4.0
track_2,noise,ulunas,10.36316,16.592297,1.0679281949996948,2.162519931793213,5.7
track_2,noise,ulunas,19.802505,22.21611,1.8142820596694946,3.578747034072876,3.9
track_2,noise,ulunas,4.329733,14.795471,1.1392892599105835,1.8424465656280518,3.8
track_2,noise,ulunas,13.1814575,18.660595,1.2370023727416992,2.175699472427368,3.3
track_2,noise,ulunas,8.739068,21.584373,1.7524547576904297,3.0637903213500977,4.3
track_2,noise,ulunas,10.085741,16.290247,1.4232511520385742,2.66803240776062,3.4
track_2,noise,ulunas,20.501026,26.00693,1.5096027851104736,3.5432143211364746,4.0
track_2,noise,ulunas,9.106641,12.295809,1.4557114839553833,2.1295061111450195,4.3
track_2,noise,ulunas,12.422629,17.074436,2.074291944503784,3.359593152999878,5.3
track_2,noise,ulunas,7.6332827,29.01484,1.3473988771438599,3.4797000885009766,4.5000625
track_2,noise,ulunas,8.213434,13.118378,1.2110034227371216,2.325657844543457,4.9000625
track_2,noise,ulunas,4.1175375,8.750814,1.0886783599853516,1.6223621368408203,3.5
track_2,noise,ulunas,10.475981,15.369751,1.0564720630645752,2.0412397384643555,3.3
track_2,noise,ulunas,10.95764,18.203682,1.2242788076400757,2.247499704360962,5.4
track_2,noise,ulunas,8.051615,16.06542,1.2280259132385254,3.5587399005889893,3.8
track_2,noise,ulunas,14.178276,17.585058,1.4300870895385742,3.8852245807647705,6.0
track_2,noise,ulunas,8.486975,15.613628,1.5832104682922363,2.5037450790405273,4.4
track_2,noise,ulunas,4.863111,13.092055,1.108450174331665,2.0675203800201416,3.7
track_2,noise,ulunas,4.409277,12.151592,1.0943572521209717,1.823704719543457,3.2
track_2,noise,ulunas,12.155373,17.43881,3.0315146446228027,3.3992207050323486,3.7
track_2,noise,ulunas,18.088171,19.66576,1.2554326057434082,2.7137036323547363,5.7
track_2,noise,ulunas,11.564971,20.614855,1.3420462608337402,2.20546293258667,4.2
track_2,noise,ulunas,1.7991328,16.027796,1.2235770225524902,3.041468381881714,3.3
track_2,noise,ulunas,13.409994,20.70966,2.1537017822265625,3.3988077640533447,4.8
track_2,noise,ulunas,11.039914,14.180155,2.0162100791931152,2.8400144577026367,5.3
track_2,noise,ulunas,5.879346,14.600768,2.065864324569702,2.744097948074341,6.4
track_2,noise,ulunas,10.152926,15.785822,1.3822007179260254,2.4800095558166504,3.7
track_2,noise,ulunas,17.029766,21.994364,2.8480372428894043,3.3729400634765625,3.8
track_2,noise,ulunas,7.0074167,13.096693,1.070622205734253,1.737821102142334,5.0
track_2,noise,ulunas,23.449574,24.220266,3.0253374576568604,4.0383100509643555,4.0
track_2,noise,ulunas,5.5937815,14.150345,1.394057273864746,2.1743671894073486,3.5
track_2,noise,ulunas,8.493848,17.83429,1.523521900177002,3.013840436935425,6.0
track_2,noise,ulunas,9.099047,13.244104,1.51690673828125,2.4084229469299316,4.2
track_2,noise,ulunas,10.533547,16.567394,1.4125937223434448,2.8518919944763184,4.4
track_2,noise,ulunas,11.499287,15.346402,2.077752113342285,2.9480955600738525,4.12
track_2,noise,ulunas,17.663006,17.289125,3.2474000453948975,3.3192458152770996,5.36
track_2,noise,ulunas,7.5932317,13.420209,2.08583664894104,2.913062810897827,7.69
track_2,noise,ulunas,10.638896,16.985346,2.322589159011841,2.9085335731506348,6.5699375
track_2,noise,ulunas,11.762014,19.566753,1.8124052286148071,2.7594659328460693,6.04
track_2,noise,ulunas,8.216164,15.414687,1.669761300086975,2.7233119010925293,3.27
track_2,noise,ulunas,9.653761,14.500188,1.9474709033966064,2.200529098510742,3.4700625
track_2,noise,ulunas,2.7483435,9.784788,1.2867062091827393,1.7582452297210693,3.51
track_2,noise,ulunas,6.872777,8.118077,1.7341907024383545,2.2414255142211914,4.97
track_2,noise,ulunas,12.724268,16.971647,1.2716773748397827,2.581183910369873,3.14
track_2,noise,ulunas,9.8413925,19.823727,1.6009080410003662,2.7333734035491943,7.28
track_2,noise,ulunas,7.9478636,17.554865,2.2920851707458496,3.0459468364715576,4.47
track_2,noise,ulunas,8.184112,14.107475,1.6894526481628418,2.1426308155059814,9.32
track_2,noise,ulunas,9.743764,16.300892,1.3574765920639038,2.4667487144470215,9.67
track_2,noise,ulunas,12.147893,15.685195,3.034231662750244,3.305225133895874,7.89
track_2,noise,ulunas,3.054072,15.323042,1.6957461833953857,2.264963150024414,5.99
track_2,noise,ulunas,8.129135,13.211541,1.3221960067749023,2.1581919193267822,9.3500625
track_2,noise,ulunas,7.041173,14.632614,1.6984531879425049,2.7111573219299316,9.92
track_2,noise,ulunas,10.354844,16.242846,1.2631254196166992,2.619346857070923,4.32
track_2,noise,ulunas,9.891791,19.829472,1.2916210889816284,2.851396322250366,3.91
track_2,noise,ulunas,15.436321,20.729506,1.7764520645141602,2.8195855617523193,9.04
track_2,noise,ulunas,10.061383,17.977823,1.719171404838562,2.751403570175171,5.86
track_2,noise,ulunas,11.469451,14.748267,1.8012809753417969,2.7334537506103516,6.01
track_2,noise,ulunas,16.149912,21.524525,1.8167219161987305,3.099654197692871,3.97
track_2,noise,ulunas,6.4748383,5.513177,1.3619153499603271,1.343360185623169,3.95
track_2,noise,ulunas,4.66652,17.15149,1.2040090560913086,2.3857576847076416,3.59
track_2,noise,ulunas,9.103257,18.134073,1.8490755558013916,2.8618290424346924,7.81
track_2,noise,ulunas,12.851145,25.76202,3.627511739730835,3.6078741550445557,6.45
track_2,noise,ulunas,14.273995,15.881714,1.6566911935806274,2.6741034984588623,4.78
track_2,noise,ulunas,7.573933,15.52895,1.1323596239089966,1.964900255203247,3.73
track_2,noise,ulunas,0.90191245,13.458906,1.1160521507263184,1.9816865921020508,7.19
track_2,noise,ulunas,11.553435,18.588068,1.4923945665359497,2.534851551055908,6.16
track_2,noise,ulunas,9.943726,16.987133,1.361724853515625,2.7459516525268555,6.23
track_2,noise,ulunas,19.367098,23.683487,2.134586811065674,2.8504419326782227,6.16
track_2,noise,ulunas,17.873413,20.702595,1.4897993803024292,2.6351680755615234,5.0300625
track_2,noise,ulunas,9.620532,17.03487,1.4784877300262451,2.1571097373962402,7.78
track_2,noise,ulunas,14.745645,20.913471,1.9651679992675781,3.012227773666382,8.57
track_2,noise,ulunas,15.583056,17.776777,1.518078327178955,2.5973005294799805,5.68
track_2,noise,ulunas,16.432001,20.53766,2.8475191593170166,3.1254324913024902,7.1
track_2,noise,ulunas,7.260989,11.7790785,1.0977839231491089,1.7948557138442993,3.33
track_2,noise,ulunas,11.639875,23.03046,2.0791683197021484,3.150312662124634,3.95
track_2,noise,ulunas,6.628077,16.021318,1.1777006387710571,2.3680031299591064,5.0700625
track_2,noise,ulunas,15.6723,21.53329,1.530614972114563,3.1953601837158203,3.24
track_2,noise,ulunas,14.725117,21.819183,1.5714526176452637,2.878462791442871,9.76
track_2,noise,ulunas,10.690077,14.311856,1.4842723608016968,2.3406453132629395,9.0
track_2,noise,ulunas,2.347093,8.777399,1.1686885356903076,1.7187647819519043,5.16
track_2,noise,ulunas,7.049569,11.103698,1.236132025718689,2.0233616828918457,4.23
track_2,noise,ulunas,5.0287933,13.644723,1.5728646516799927,2.3637521266937256,9.27
track_2,noise,ulunas,16.946827,22.094423,1.3241349458694458,3.1050848960876465,5.59
track_2,noise,ulunas,13.795861,18.621098,1.4232523441314697,2.010745048522949,3.64
track_2,noise,ulunas,11.079539,21.041569,1.6689318418502808,2.1651697158813477,3.22
track_2,noise,ulunas,13.196254,15.5857,1.5288851261138916,2.2274093627929688,4.2965625
track_2,noise,ulunas,5.9046345,15.348274,1.1877484321594238,2.1001272201538086,6.084875
track_2,noise,ulunas,8.014574,17.639668,1.4064745903015137,1.8848824501037598,3.4994375
track_2,noise,ulunas,8.650398,14.20809,1.4965486526489258,2.0118584632873535,3.6314375
track_2,noise,ulunas,12.663995,18.989492,1.5945073366165161,2.0543253421783447,3.289125
track_2,noise,ulunas,7.0076694,17.088898,1.1518572568893433,2.0664279460906982,3.8091875
track_2,noise,ulunas,13.79166,19.672607,1.3319225311279297,2.002553701400757,3.672875
track_2,noise,ulunas,7.0067887,19.179667,1.6445871591567993,2.7406935691833496,5.6716875
track_2,noise,ulunas,14.099751,21.456108,1.3043116331100464,2.450627565383911,3.8339375
track_2,noise,ulunas,7.7382665,26.088326,2.3087432384490967,3.037851095199585,3.4183125
track_2,noise,ulunas,9.568187,20.232216,1.2872538566589355,2.157477378845215,3.129625
track_2,noise,ulunas,10.118525,27.551361,3.11238956451416,3.437584400177002,3.1959375
track_2,noise,ulunas,12.469716,18.20854,1.3577048778533936,1.8734116554260254,3.287125
track_2,noise,ulunas,7.990617,20.396618,1.7823655605316162,2.1830835342407227,3.12975
track_2,noise,ulunas,9.899404,16.422695,1.298865556716919,2.164219856262207,4.23375
track_2,noise,ulunas,21.39336,25.056053,1.6472707986831665,2.7239391803741455,4.034625
track_2,noise,ulunas,7.923341,20.056164,1.2912638187408447,2.2569422721862793,4.058
track_2,noise,ulunas,4.284796,17.488382,1.1656605005264282,2.208163261413574,3.38725
track_2,noise,ulunas,9.552684,18.370756,1.1673632860183716,1.9824552536010742,4.0494375
track_2,noise,ulunas,2.4300895,11.2234,1.081296682357788,1.9661526679992676,3.21575
track_2,noise,ulunas,1.528261,8.552073,1.0967657566070557,1.5859688520431519,3.246
track_2,noise,ulunas,2.1726675,8.622598,1.1100761890411377,1.7706449031829834,3.113875
track_2,noise,ulunas,-4.1015263,4.4157224,1.0894098281860352,1.41301691532135,6.7035625
track_2,noise,ulunas,17.664053,19.666214,1.6040887832641602,2.7531681060791016,3.6700625
track_2,noise,ulunas,15.987213,20.573809,1.8292784690856934,2.4815399646759033,3.2653125
track_2,noise,ulunas,12.651335,16.570923,1.5605535507202148,2.7764413356781006,3.313125
track_2,noise,ulunas,8.585449,15.229452,1.2587696313858032,1.9262275695800781,4.35475
track_2,noise,ulunas,11.789379,16.848265,1.1948100328445435,2.223015069961548,4.056125
track_2,noise,ulunas,11.024219,17.536373,1.2303661108016968,2.1676058769226074,3.37175
track_2,noise,ulunas,8.675571,15.339217,1.173486590385437,1.6496429443359375,3.886125
track_2,noise,ulunas,6.311622,12.791798,1.2060832977294922,2.148319959640503,3.07725
track_2,noise,ulunas,15.708175,21.617376,1.690134048461914,2.764310359954834,3.871
track_2,noise,ulunas,22.13257,23.091099,1.991727352142334,3.101428270339966,3.71475
track_2,noise,ulunas,13.225871,17.496296,1.6525768041610718,2.201871156692505,3.5846875
track_2,noise,ulunas,-8.558134,6.099501,1.3647443056106567,1.261293649673462,6.859
track_2,noise,ulunas,11.274686,16.555304,2.6291213035583496,2.680644989013672,3.40725
track_2,noise,ulunas,5.343123,13.92736,1.3109997510910034,2.15694522857666,3.7153125
track_2,noise,ulunas,10.215216,18.73449,1.3797922134399414,2.2173311710357666,3.11625
track_2,noise,ulunas,12.505825,19.788874,1.5532195568084717,2.2903549671173096,3.5456875
track_2,noise,ulunas,12.210396,19.205015,1.4821839332580566,2.489130973815918,3.865375
track_2,noise,ulunas,-0.109103434,8.720744,1.1068710088729858,1.5480453968048096,3.24725
track_2,noise,ulunas,4.5443916,13.786215,1.0731678009033203,1.4401745796203613,3.833375
track_2,noise,ulunas,17.316341,17.280659,2.7581701278686523,2.5902915000915527,4.480625
track_2,noise,ulunas,9.506401,16.353868,1.4422637224197388,2.546516180038452,5.58125
track_2,noise,ulunas,10.522462,15.934564,2.273853302001953,2.093770980834961,4.0376875
track_2,noise,ulunas,9.429548,18.995539,1.3145194053649902,2.5259416103363037,3.56025
track_2,noise,ulunas,13.121104,22.311604,1.955479621887207,2.7696993350982666,3.587
track_2,noise,ulunas,7.8317647,18.62354,1.599548578262329,2.8943095207214355,4.217625
track_2,noise,ulunas,12.739859,19.467745,1.3065431118011475,2.2647483348846436,3.5851875
track_2,noise,ulunas,10.666292,21.29063,2.01072096824646,2.777879476547241,4.068125
track_2,noise,ulunas,5.567877,15.953495,1.7307077646255493,2.1960527896881104,3.42125
track_2,noise,ulunas,-1.6822809,16.042439,1.0400350093841553,2.5450432300567627,3.1866875
track_2,noise,ulunas,16.946625,23.88321,2.480010509490967,3.3604161739349365,3.884
track_2,noise,ulunas,17.77889,22.273447,2.145078659057617,2.963019371032715,4.4555625
track_2,noise,ulunas,8.911274,15.201301,1.4246309995651245,2.4632155895233154,4.5275625
track_2,noise,ulunas,5.3968196,18.045168,1.3051652908325195,2.8030202388763428,3.5751875
track_2,noise,ulunas,5.5657654,17.254272,1.1962544918060303,2.594022035598755,3.2280625
track_2,noise,ulunas,3.5802813,11.370356,1.1441974639892578,2.023463487625122,3.771625
track_2,noise,ulunas,-0.9912199,9.6973505,1.0766602754592896,1.8992908000946045,3.87775
track_2,noise,ulunas,1.4789599,15.618074,1.1423068046569824,1.9186842441558838,4.14025
track_2,noise,ulunas,7.236814,14.650582,1.1289327144622803,2.0456016063690186,3.373625
track_2,noise,ulunas,11.185279,18.789297,1.1765968799591064,2.003344774246216,4.05775
track_2,noise,ulunas,8.301386,15.436878,1.1645331382751465,1.9733800888061523,3.46275
track_2,noise,ulunas,1.898366,10.911692,1.13936448097229,1.8756394386291504,3.518625
track_2,noise,ulunas,1.8983258,11.053812,1.1237423419952393,2.0495238304138184,3.1615625
track_2,noise,ulunas,15.817297,21.569275,1.6491930484771729,2.727085828781128,9.122375
track_2,noise,ulunas,7.2906065,15.648588,1.1152565479278564,1.7006115913391113,4.749875
track_2,noise,ulunas,7.4839325,15.563006,1.1964932680130005,2.64924693107605,3.38175
track_2,noise,ulunas,9.947651,22.337929,1.165100336074829,2.292452812194824,4.33225
track_2,noise,ulunas,15.055713,22.287825,1.1921132802963257,2.796077013015747,3.16175
track_2,reverb,gtcrn,-7.8157415,-7.638924,1.3766361474990845,1.4190901517868042,5.488
track_2,reverb,gtcrn,-12.262101,-12.100334,1.2142815589904785,1.2575676441192627,7.184
track_2,reverb,gtcrn,-12.092608,-11.84411,1.1315951347351074,1.201341152191162,5.392
track_2,reverb,gtcrn,-12.112622,-11.992712,1.160667896270752,1.197625994682312,5.696
track_2,reverb,gtcrn,-9.435941,-8.997678,1.2944915294647217,1.4007513523101807,3.952
track_2,reverb,gtcrn,-9.605347,-9.380709,1.2351293563842773,1.3041387796401978,4.688
track_2,reverb,gtcrn,-12.137938,-11.673564,1.1035397052764893,1.1353003978729248,3.792
track_2,reverb,gtcrn,-8.868292,-8.886671,1.6243619918823242,1.7236857414245605,6.768
track_2,reverb,gtcrn,-9.156284,-8.855212,1.3078463077545166,1.4374152421951294,9.728
track_2,reverb,gtcrn,-6.82998,-6.431453,1.1541553735733032,1.2213709354400635,3.888
track_2,reverb,gtcrn,-10.495274,-10.15317,1.0830225944519043,1.1241086721420288,4.496
track_2,reverb,gtcrn,-11.224873,-11.192316,1.157397985458374,1.2321785688400269,4.0
track_2,reverb,gtcrn,-5.1507974,-5.0475235,1.1232213973999023,1.1414129734039307,5.088
track_2,reverb,gtcrn,-9.910591,-9.762493,1.2179819345474243,1.2489795684814453,4.8
track_2,reverb,gtcrn,-7.2467813,-7.084064,1.1752903461456299,1.162209391593933,3.088
track_2,reverb,gtcrn,-7.6931696,-7.5475655,1.420383095741272,1.508624792098999,3.392
track_2,reverb,gtcrn,-7.5667324,-7.2480683,1.0710151195526123,1.0954197645187378,4.0
track_2,reverb,gtcrn,-10.707879,-10.565847,1.3020052909851074,1.3750836849212646,9.968
track_2,reverb,gtcrn,-6.136585,-6.011301,1.1614018678665161,1.2418835163116455,9.888
track_2,reverb,gtcrn,-8.49448,-8.361031,1.1783393621444702,1.2089900970458984,8.864
track_2,reverb,gtcrn,-12.078392,-11.685812,1.2972471714019775,1.4014359712600708,6.608
track_2,reverb,gtcrn,-11.27478,-11.01769,1.1902930736541748,1.2185317277908325,4.176
track_2,reverb,gtcrn,-11.508899,-11.2867985,1.1850340366363525,1.2217671871185303,4.208
track_2,reverb,gtcrn,-11.004606,-10.866196,1.25944983959198,1.3517404794692993,6.0
track_2,reverb,gtcrn,-11.548998,-11.36361,1.1866241693496704,1.2134078741073608,3.68
track_2,reverb,gtcrn,-5.2515993,-5.059696,1.3671321868896484,1.522937297821045,3.504
track_2,reverb,gtcrn,-23.407343,-22.661087,1.2522355318069458,1.3159960508346558,3.984
track_2,reverb,gtcrn,-5.7650304,-5.4315586,1.2049477100372314,1.2797355651855469,3.296
track_2,reverb,gtcrn,-8.393062,-7.274255,1.19134521484375,1.2875723838806152,3.744
track_2,reverb,gtcrn,-15.160169,-14.341592,1.0530941486358643,1.1038416624069214,3.888
track_2,reverb,gtcrn,-11.697765,-11.52021,1.1500831842422485,1.1911695003509521,5.12
track_2,reverb,gtcrn,-9.8709135,-9.83468,1.252009391784668,1.2663191556930542,9.984
track_2,reverb,gtcrn,-8.928788,-8.512353,1.09133780002594,1.13005793094635,2.992
track_2,reverb,gtcrn,-13.668599,-13.510314,1.173628568649292,1.2120648622512817,6.4
track_2,reverb,gtcrn,-8.277372,-8.200807,1.1289063692092896,1.1760672330856323,4.896
track_2,reverb,gtcrn,-10.357401,-10.185429,1.4731626510620117,1.4320034980773926,3.184
track_2,reverb,gtcrn,-7.5364237,-7.3369646,1.613783359527588,1.7848219871520996,5.84
track_2,reverb,gtcrn,-3.3934398,-4.9744425,1.45151948928833,1.4494463205337524,9.664
track_2,reverb,gtcrn,-14.702663,-13.646042,1.1776479482650757,1.2871685028076172,9.984
track_2,reverb,gtcrn,-35.497772,-24.147072,1.1405872106552124,1.1004884243011475,5.008
track_2,reverb,gtcrn,-10.530291,-10.401621,1.335175633430481,1.3545184135437012,9.984
track_2,reverb,gtcrn,-12.50386,-12.482406,1.3212255239486694,1.4105571508407593,6.016
track_2,reverb,gtcrn,-10.186174,-10.010098,1.2724019289016724,1.3777871131896973,4.592
track_2,reverb,gtcrn,-9.423314,-9.320764,1.5596048831939697,1.6451654434204102,9.936
track_2,reverb,gtcrn,-6.566171,-6.380592,1.2284144163131714,1.3217880725860596,9.568
track_2,reverb,gtcrn,-10.185932,-10.060293,1.2530860900878906,1.305245041847229,9.488
track_2,reverb,gtcrn,-9.471108,-9.136563,1.1078368425369263,1.1452854871749878,4.288
track_2,reverb,gtcrn,-10.918449,-10.699125,1.2773836851119995,1.2641181945800781,3.344
track_2,reverb,gtcrn,-7.8702264,-7.641551,1.3526581525802612,1.4225895404815674,4.736
track_2,reverb,gtcrn,-11.659634,-11.540627,1.1625045537948608,1.2171062231063843,3.488
track_2,reverb,gtcrn,-10.368784,-9.943055,1.2586452960968018,1.2992042303085327,4.192
track_2,reverb,gtcrn,-6.6355567,-6.5561132,1.1747180223464966,1.2232962846755981,4.288
track_2,reverb,gtcrn,-8.053494,-7.965124,1.378345012664795,1.4563450813293457,6.128
track_2,reverb,gtcrn,-9.432891,-9.08938,1.1472293138504028,1.1809234619140625,4.8
track_2,reverb,gtcrn,-10.851211,-13.102685,1.275062084197998,1.2648049592971802,9.968
track_2,reverb,gtcrn,-10.368232,-9.890115,1.1485682725906372,1.2077866792678833,3.952
track_2,reverb,gtcrn,-7.7990956,-7.6374846,1.3343039751052856,1.3122470378875732,5.28
track_2,reverb,gtcrn,-6.939973,-6.726653,1.4269779920578003,1.5131279230117798,4.768
track_2,reverb,gtcrn,-16.663727,-16.176308,1.3796755075454712,1.3416377305984497,9.984
track_2,reverb,gtcrn,-12.531237,-12.329117,1.3043432235717773,1.353447675704956,9.952
track_2,reverb,gtcrn,-11.76417,-11.579809,1.1564089059829712,1.210669994354248,4.992
track_2,reverb,gtcrn,-9.281799,-9.187974,1.09659743309021,1.100933313369751,4.432
track_2,reverb,gtcrn,-11.517517,-11.288164,1.1524592638015747,1.201218843460083,8.208
track_2,reverb,gtcrn,-12.3787,-11.996059,1.1647510528564453,1.2185778617858887,9.904
track_2,reverb,gtcrn,-12.021461,-11.491246,1.166628360748291,1.3310054540634155,4.944
track_2,reverb,gtcrn,-8.986835,-8.845099,1.3248577117919922,1.395674467086792,4.56
track_2,reverb,gtcrn,-11.706153,-11.262661,1.1179944276809692,1.1809309720993042,9.376
track_2,reverb,gtcrn,-11.755462,-11.577684,1.1582218408584595,1.1949124336242676,4.784
track_2,reverb,gtcrn,-9.603017,-9.553304,1.1648533344268799,1.2227983474731445,5.296
track_2,reverb,gtcrn,-8.587653,-8.446757,1.4124807119369507,1.5024460554122925,9.952
track_2,reverb,gtcrn,-10.231644,-10.083149,1.2025974988937378,1.2438476085662842,9.984
track_2,reverb,gtcrn,-7.048586,-6.2864885,1.23942232131958,1.312499761581421,3.488
track_2,reverb,gtcrn,-8.003366,-7.151325,1.2457207441329956,1.2987091541290283,3.168
track_2,reverb,gtcrn,-9.426182,-9.256845,1.2539541721343994,1.3059782981872559,4.592
track_2,reverb,gtcrn,-9.282934,-9.030938,1.2294666767120361,1.2795430421829224,3.664
track_2,reverb,gtcrn,-11.742982,-11.169292,1.102285385131836,1.1304121017456055,8.208
track_2,reverb,gtcrn,-11.688299,-11.544926,1.1988425254821777,1.265364408493042,9.968
track_2,reverb,gtcrn,-4.2093244,-4.1500683,1.170409083366394,1.193436861038208,9.248
track_2,reverb,gtcrn,-5.6243877,-5.4911747,1.265997052192688,1.2596577405929565,4.496
track_2,reverb,gtcrn,-11.464883,-11.196817,1.1662452220916748,1.230682134628296,4.112
track_2,reverb,gtcrn,-6.9070764,-7.7409296,1.3554006814956665,1.4084837436676025,5.744
track_2,reverb,gtcrn,-7.5756273,-7.4389124,1.2384954690933228,1.2494559288024902,3.296
track_2,reverb,gtcrn,-13.0169,-12.951414,1.1032171249389648,1.134284496307373,4.096
track_2,reverb,gtcrn,-9.305618,-9.154467,1.4280405044555664,1.4353147745132446,3.088
track_2,reverb,gtcrn,-14.154284,-13.67005,1.166596531867981,1.2529805898666382,9.984
track_2,reverb,gtcrn,-7.925393,-7.7084,1.3159064054489136,1.2927100658416748,3.712
track_2,reverb,gtcrn,-6.953237,-6.900099,1.3242582082748413,1.3973462581634521,3.488
track_2,reverb,gtcrn,-11.641139,-10.753254,1.145157814025879,1.152569055557251,5.072
track_2,reverb,gtcrn,-11.05734,-10.765541,1.245558261871338,1.2883257865905762,4.992
track_2,reverb,gtcrn,-12.31201,-11.460162,1.138075590133667,1.2051427364349365,7.168
track_2,reverb,gtcrn,-8.004099,-7.033306,1.1594688892364502,1.2142902612686157,4.736
track_2,reverb,gtcrn,-7.7978272,-7.5231433,1.2449661493301392,1.3441476821899414,4.0
track_2,reverb,gtcrn,-13.061923,-12.870075,1.1787171363830566,1.2091431617736816,3.504
track_2,reverb,gtcrn,-7.8927116,-7.809654,1.1783093214035034,1.241021990776062,5.2
track_2,reverb,gtcrn,-9.916383,-9.856235,1.3623688220977783,1.3320454359054565,3.408
track_2,reverb,gtcrn,-14.701614,-14.421077,1.3370453119277954,1.3900768756866455,5.52
track_2,reverb,gtcrn,-11.363054,-11.24013,1.257594108581543,1.3165054321289062,3.296
track_2,reverb,gtcrn,-10.77751,-10.602919,1.1486997604370117,1.2003878355026245,8.624
track_2,reverb,gtcrn,-7.701426,-7.4212456,1.1366455554962158,1.181849718093872,4.4
track_2,reverb,gtcrn,-12.157608,-12.067768,1.2214117050170898,1.2646361589431763,4.928
track_2,reverb,gtcrn,-8.401204,-7.144098,1.1547858715057373,1.225926399230957,3.792
track_2,reverb,gtcrn,-11.7426405,-11.604772,1.112810492515564,1.1379890441894531,3.296
track_2,reverb,gtcrn,-8.270221,-8.120972,1.3898636102676392,1.4095897674560547,3.408
track_2,reverb,gtcrn,-27.145199,-23.779263,1.4331281185150146,1.4693293571472168,9.872
track_2,reverb,gtcrn,-10.009506,-9.827823,1.3934428691864014,1.4825364351272583,3.344
track_2,reverb,gtcrn,-10.809095,-10.590387,1.1029598712921143,1.1335805654525757,4.48
track_2,reverb,gtcrn,-12.777622,-12.636231,1.1799914836883545,1.2427818775177002,9.92
track_2,reverb,gtcrn,-10.335379,-10.225536,1.3905363082885742,1.3871283531188965,8.864
track_2,reverb,gtcrn,-11.350536,-11.267832,1.14963960647583,1.173525094985962,3.792
track_2,reverb,gtcrn,-8.533148,-8.406657,1.510307788848877,1.5679943561553955,9.984
track_2,reverb,gtcrn,-13.510212,-13.441773,1.1880546808242798,1.2301273345947266,3.6
track_2,reverb,gtcrn,-7.967937,-7.9255886,1.5027352571487427,1.5824896097183228,9.936
track_2,reverb,gtcrn,-12.379111,-12.437482,1.1179267168045044,1.1552059650421143,3.6
track_2,reverb,gtcrn,-9.720086,-9.560587,1.3942248821258545,1.4553942680358887,9.936
track_2,reverb,gtcrn,-8.102351,-7.66136,1.1889445781707764,1.2330087423324585,5.296
track_2,reverb,gtcrn,-2.3247042,-2.2049568,1.1762696504592896,1.2489867210388184,4.8
track_2,reverb,gtcrn,-7.3291225,-7.178858,1.2693986892700195,1.326023817062378,9.984
track_2,reverb,gtcrn,-11.365725,-11.282595,1.0827752351760864,1.1292312145233154,4.288
track_2,reverb,gtcrn,-12.222939,-12.118234,1.3969322443008423,1.39381742477417,3.824
track_2,reverb,gtcrn,-9.494923,-9.261679,1.1931880712509155,1.2873740196228027,6.24
track_2,reverb,gtcrn,-10.598082,-10.502053,1.3765177726745605,1.4403302669525146,9.984
track_2,reverb,gtcrn,-12.009472,-11.935531,1.2103124856948853,1.248750925064087,8.096
track_2,reverb,gtcrn,-11.834811,-11.630343,1.2669328451156616,1.3197020292282104,9.984
track_2,reverb,gtcrn,-11.44915,-11.327539,1.239054560661316,1.3222304582595825,9.968
track_2,reverb,gtcrn,-8.281329,-7.631128,1.2164735794067383,1.1749415397644043,5.792
track_2,reverb,gtcrn,-8.760736,-8.548956,1.2802422046661377,1.317755103111267,3.536
track_2,reverb,gtcrn,-9.577999,-9.442394,1.2710422277450562,1.3373658657073975,5.344
track_2,reverb,gtcrn,-6.8856883,-6.8075757,1.3607800006866455,1.44047212600708,3.28
track_2,reverb,gtcrn,-8.621484,-8.466954,1.30318021774292,1.3705034255981445,4.496
track_2,reverb,gtcrn,-11.454514,-11.124829,1.2561120986938477,1.3276715278625488,3.216
track_2,reverb,gtcrn,-12.136236,-11.545492,1.1902270317077637,1.2293283939361572,6.656
track_2,reverb,gtcrn,-11.311384,-11.035047,1.6161497831344604,1.7153642177581787,9.952
track_2,reverb,gtcrn,-13.026656,-12.664942,1.1481691598892212,1.1920245885849,7.072
track_2,reverb,gtcrn,-7.926243,-7.567791,1.209147572517395,1.2475519180297852,8.4
track_2,reverb,gtcrn,-8.826584,-8.542762,1.1639372110366821,1.2145304679870605,3.792
track_2,reverb,gtcrn,-10.832247,-10.784124,1.4673008918762207,1.4396388530731201,4.048
track_2,reverb,gtcrn,-12.222396,-11.204027,1.0639878511428833,1.131885290145874,4.288
track_2,reverb,gtcrn,-12.244834,-12.827034,1.1592543125152588,1.1513370275497437,9.936
track_2,reverb,gtcrn,-9.438417,-9.315116,1.390822410583496,1.4211331605911255,9.984
track_2,reverb,gtcrn,-11.303807,-10.894071,1.3712666034698486,1.4943790435791016,9.984
track_2,reverb,gtcrn,-9.871414,-9.724199,1.4042245149612427,1.4538880586624146,9.968
track_2,reverb,gtcrn,-12.171375,-12.176401,1.1425343751907349,1.1931291818618774,3.696
track_2,reverb,gtcrn,-10.304612,-10.203576,1.432571530342102,1.4658843278884888,6.656
track_2,reverb,gtcrn,-9.730433,-9.576603,1.23514986038208,1.262205719947815,8.608
track_2,reverb,gtcrn,-7.319689,-7.2498617,1.1503790616989136,1.207605004310608,3.888
track_2,reverb,gtcrn,-9.877236,-9.832886,1.2131261825561523,1.2704359292984009,9.984
track_2,reverb,gtcrn,-7.6231422,-7.4806237,1.5121350288391113,1.50629460811615,3.2
track_2,reverb,gtcrn,-9.317437,-8.987511,1.2837766408920288,1.35117769241333,9.84
track_2,reverb,gtcrn,-9.059155,-8.807344,1.2507994174957275,1.3050094842910767,9.936
track_2,reverb,gtcrn,-12.545038,-12.0037155,1.0678683519363403,1.0787237882614136,3.2
track_2,reverb,gtcrn,-7.418767,-7.1447988,1.2081191539764404,1.2554773092269897,4.96
track_2,reverb,gtcrn,-6.3447313,-6.1729627,1.2670657634735107,1.3334249258041382,5.456
track_2,reverb,gtcrn,-12.183476,-11.405826,1.1640262603759766,1.226836919784546,4.224
track_2,reverb,gtcrn,-10.073939,-9.77415,1.2034757137298584,1.2284085750579834,7.536
track_2,reverb,gtcrn,-13.794697,-12.639695,1.1216328144073486,1.1520072221755981,8.24
track_2,reverb,gtcrn,-10.01514,-9.725772,1.2724108695983887,1.3482205867767334,3.488
track_2,reverb,gtcrn,-7.7533555,-7.4770775,1.1538838148117065,1.2042142152786255,4.496
track_2,reverb,gtcrn,-8.086205,-7.9871073,1.2548880577087402,1.2766644954681396,3.408
track_2,reverb,gtcrn,-7.975172,-7.329012,1.1683603525161743,1.2752299308776855,3.488
track_2,reverb,gtcrn,-8.520819,-8.3892765,1.11902916431427,1.1375426054000854,9.984
track_2,reverb,gtcrn,-8.817983,-8.707458,1.2511552572250366,1.3069913387298584,3.296
track_2,reverb,gtcrn,-7.7007504,-7.529233,1.1375960111618042,1.157345175743103,4.8
track_2,reverb,gtcrn,-11.302896,-11.125594,1.5047622919082642,1.664764642715454,5.216
track_2,reverb,gtcrn,-7.541291,-7.4129553,1.3934680223464966,1.4607739448547363,10.032
track_2,reverb,gtcrn,-6.264387,-6.024126,1.203830361366272,1.2835341691970825,9.952
track_2,reverb,gtcrn,-9.111465,-8.685944,1.1823471784591675,1.2517704963684082,3.296
track_2,reverb,gtcrn,-12.384442,-12.132652,1.1985435485839844,1.2504630088806152,7.84
track_2,reverb,gtcrn,-9.768872,-9.411809,1.3636350631713867,1.3370733261108398,3.36
track_2,reverb,gtcrn,-11.273087,-11.2745495,1.1853269338607788,1.173781394958496,3.2
track_2,reverb,gtcrn,-9.705202,-8.655969,1.0906357765197754,1.1426197290420532,7.008
track_2,reverb,gtcrn,-8.350388,-7.9583178,1.0578601360321045,1.0847452878952026,3.984
track_2,reverb,gtcrn,-7.719347,-7.384535,1.1966230869293213,1.271907925605774,3.44
track_2,reverb,gtcrn,-10.02162,-9.916839,1.231764554977417,1.3050085306167603,3.488
track_2,reverb,gtcrn,-8.846744,-8.66966,1.2599077224731445,1.3249742984771729,5.76
track_2,reverb,gtcrn,-11.871896,-11.665779,1.2849899530410767,1.3432285785675049,5.472
track_2,reverb,gtcrn,-10.378285,-10.219625,1.0904333591461182,1.136752963066101,7.072
track_2,reverb,gtcrn,-8.727165,-8.600932,1.225481629371643,1.283249855041504,3.472
track_2,reverb,gtcrn,-12.180747,-12.082811,1.2760334014892578,1.3647799491882324,9.984
track_2,reverb,gtcrn,-13.348771,-12.759314,1.0981736183166504,1.1499218940734863,9.92
track_2,reverb,gtcrn,-12.13504,-12.122289,1.135095238685608,1.1306840181350708,3.392
track_2,reverb,gtcrn,-11.566488,-11.549791,1.1196767091751099,1.1421165466308594,4.688
track_2,reverb,gtcrn,-11.613301,-11.468332,1.1977565288543701,1.2858610153198242,9.904
track_2,reverb,gtcrn,-14.142065,-14.475755,1.1043484210968018,1.1342743635177612,4.288
track_2,reverb,gtcrn,-10.702446,-10.599209,1.4644719362258911,1.4798439741134644,3.536
track_2,reverb,gtcrn,-8.824531,-8.319493,1.2266807556152344,1.3433692455291748,9.152
track_2,reverb,gtcrn,-6.5567927,-6.4162498,1.3359034061431885,1.4209764003753662,8.864
track_2,reverb,gtcrn,-8.496,-8.318614,1.3312733173370361,1.3819903135299683,3.616
track_2,reverb,gtcrn,-11.0474205,-11.044454,1.1242517232894897,1.1539386510849,3.088
track_2,reverb,gtcrn,-6.2059093,-6.0183806,1.0705935955047607,1.0986204147338867,6.192
track_2,reverb,gtcrn,-8.7046,-8.434557,1.2520637512207031,1.2986679077148438,6.304
track_2,reverb,gtcrn,-8.495082,-8.403136,1.3788973093032837,1.4443286657333374,7.632
track_2,reverb,gtcrn,-6.8250246,-6.762866,1.7683266401290894,1.7994484901428223,3.616
track_2,reverb,gtcrn,-10.955028,-10.804884,1.3330655097961426,1.3794909715652466,9.984
track_2,reverb,gtcrn,-9.373558,-9.219635,1.3033325672149658,1.317805290222168,6.176
track_2,reverb,gtcrn,-12.079794,-11.968105,1.259124994277954,1.3632577657699585,3.792
track_2,reverb,gtcrn,-14.640876,-14.163365,1.2292956113815308,1.2314903736114502,9.856
track_2,reverb,gtcrn,-5.19854,-5.1230454,1.1611018180847168,1.1747838258743286,4.32
track_2,reverb,gtcrn,-13.81659,-13.268409,1.0835235118865967,1.0992861986160278,4.496
track_2,reverb,gtcrn,-12.261691,-11.979356,1.1519525051116943,1.2383896112442017,9.92
track_2,reverb,gtcrn,-13.851251,-13.261095,1.1769839525222778,1.286428451538086,3.808
track_2,reverb,ulunas,-7.8157415,-7.5818343,1.3766361474990845,1.4502712488174438,5.5
track_2,reverb,ulunas,-12.262101,-12.035444,1.2142815589904785,1.2872979640960693,7.184
track_2,reverb,ulunas,-12.092608,-11.807499,1.1315951347351074,1.2380985021591187,5.4
track_2,reverb,ulunas,-12.112622,-11.953238,1.160667896270752,1.2073454856872559,5.6960625
track_2,reverb,ulunas,-9.435941,-8.666089,1.2944915294647217,1.4295368194580078,3.958
track_2,reverb,ulunas,-9.605347,-9.412402,1.2351293563842773,1.3114464282989502,4.7
track_2,reverb,ulunas,-12.137938,-11.662844,1.1035397052764893,1.1414127349853516,3.792
track_2,reverb,ulunas,-8.868292,-8.829908,1.6243619918823242,1.7192367315292358,6.768
track_2,reverb,ulunas,-9.156284,-8.707651,1.3078463077545166,1.4309357404708862,9.74
track_2,reverb,ulunas,-6.82998,-6.3696694,1.1541553735733032,1.2516188621520996,3.9
track_2,reverb,ulunas,-10.495274,-9.762976,1.0830225944519043,1.1397230625152588,4.496
track_2,reverb,ulunas,-11.224873,-11.165061,1.157397985458374,1.216517448425293,4.0
track_2,reverb,ulunas,-5.1507974,-5.025313,1.1232213973999023,1.1414541006088257,5.088
track_2,reverb,ulunas,-9.910591,-9.674827,1.2179819345474243,1.2350486516952515,4.8
track_2,reverb,ulunas,-7.2467813,-7.0270944,1.1752903461456299,1.173459768295288,3.1
track_2,reverb,ulunas,-7.6931696,-7.673549,1.420383095741272,1.5219789743423462,3.396125
track_2,reverb,ulunas,-7.5667324,-7.8253245,1.0710151195526123,1.103447437286377,4.0
track_2,reverb,ulunas,-10.707879,-10.469671,1.3020052909851074,1.3802772760391235,9.9705
track_2,reverb,ulunas,-6.136585,-7.436718,1.1614018678665161,1.1849217414855957,9.902
track_2,reverb,ulunas,-8.49448,-8.335318,1.1783393621444702,1.2089381217956543,8.8640625
track_2,reverb,ulunas,-12.078392,-11.612282,1.2972471714019775,1.3763775825500488,6.61
track_2,reverb,ulunas,-11.27478,-10.789437,1.1902930736541748,1.2463343143463135,4.19
track_2,reverb,ulunas,-11.508899,-11.305183,1.1850340366363525,1.2563598155975342,4.21
track_2,reverb,ulunas,-11.004606,-10.74124,1.25944983959198,1.3797168731689453,6.0
track_2,reverb,ulunas,-11.548998,-11.353676,1.1866241693496704,1.2070324420928955,3.69
track_2,reverb,ulunas,-5.2515993,-5.138088,1.3671321868896484,1.518977165222168,3.5100625
track_2,reverb,ulunas,-23.407343,-22.676687,1.2522355318069458,1.3438053131103516,3.99
track_2,reverb,ulunas,-5.7650304,-5.4005437,1.2049477100372314,1.2323886156082153,3.296
track_2,reverb,ulunas,-8.393062,-6.5768456,1.19134521484375,1.3335882425308228,3.757375
track_2,reverb,ulunas,-15.160169,-13.897551,1.0530941486358643,1.115816354751587,3.892
track_2,reverb,ulunas,-11.697765,-11.45035,1.1500831842422485,1.235670804977417,5.133375
track_2,reverb,ulunas,-9.8709135,-9.784605,1.252009391784668,1.2700687646865845,9.996
track_2,reverb,ulunas,-8.928788,-8.375923,1.09133780002594,1.134049654006958,3.0
track_2,reverb,ulunas,-13.668599,-13.306137,1.173628568649292,1.217567801475525,6.4000625
track_2,reverb,ulunas,-8.277372,-8.205341,1.1289063692092896,1.1750458478927612,4.9
track_2,reverb,ulunas,-10.357401,-10.342084,1.4731626510620117,1.519516944885254,3.184
track_2,reverb,ulunas,-7.5364237,-7.3298054,1.613783359527588,1.7742313146591187,5.8454375
track_2,reverb,ulunas,-3.3934398,-4.7488356,1.45151948928833,1.3930904865264893,9.6675
track_2,reverb,ulunas,-14.702663,-13.08688,1.1776479482650757,1.3191571235656738,9.9905
track_2,reverb,ulunas,-35.497772,-21.527199,1.1405872106552124,1.1032944917678833,5.01725
track_2,reverb,ulunas,-10.530291,-10.450635,1.335175633430481,1.3844051361083984,9.9985
track_2,reverb,ulunas,-12.50386,-12.340128,1.3212255239486694,1.4012832641601562,6.016
track_2,reverb,ulunas,-10.186174,-10.029575,1.2724019289016724,1.3989156484603882,4.6
track_2,reverb,ulunas,-9.423314,-9.126483,1.5596048831939697,1.7174148559570312,9.941
track_2,reverb,ulunas,-6.566171,-6.3876276,1.2284144163131714,1.3322561979293823,9.568
track_2,reverb,ulunas,-10.185932,-9.948194,1.2530860900878906,1.3241286277770996,9.501375
track_2,reverb,ulunas,-9.471108,-8.878318,1.1078368425369263,1.1856801509857178,4.288
track_2,reverb,ulunas,-10.918449,-10.812965,1.2773836851119995,1.3119443655014038,3.3446875
track_2,reverb,ulunas,-7.8702264,-7.5055265,1.3526581525802612,1.4357168674468994,4.736
track_2,reverb,ulunas,-11.659634,-11.52369,1.1625045537948608,1.214383602142334,3.5
track_2,reverb,ulunas,-10.368784,-10.040112,1.2586452960968018,1.3264875411987305,4.2
track_2,reverb,ulunas,-6.6355567,-6.5076756,1.1747180223464966,1.2330111265182495,4.3
track_2,reverb,ulunas,-8.053494,-7.9389815,1.378345012664795,1.4018058776855469,6.128
track_2,reverb,ulunas,-9.432891,-8.967467,1.1472293138504028,1.2118504047393799,4.8
track_2,reverb,ulunas,-10.851211,-10.868073,1.275062084197998,1.3389577865600586,9.9735
track_2,reverb,ulunas,-10.368232,-9.354447,1.1485682725906372,1.232024073600769,3.952
track_2,reverb,ulunas,-7.7990956,-7.6599855,1.3343039751052856,1.278351902961731,5.28
track_2,reverb,ulunas,-6.939973,-6.705159,1.4269779920578003,1.5255802869796753,4.768125
track_2,reverb,ulunas,-16.663727,-17.355131,1.3796755075454712,1.346326470375061,9.988
track_2,reverb,ulunas,-12.531237,-12.367491,1.3043432235717773,1.3440526723861694,9.9585
track_2,reverb,ulunas,-11.76417,-11.612396,1.1564089059829712,1.2114934921264648,5.0
track_2,reverb,ulunas,-9.281799,-9.140011,1.09659743309021,1.112842321395874,4.432
track_2,reverb,ulunas,-11.517517,-11.395245,1.1524592638015747,1.2094069719314575,8.2080625
track_2,reverb,ulunas,-12.3787,-11.063986,1.1647510528564453,1.274756908416748,9.919
track_2,reverb,ulunas,-12.021461,-10.729909,1.166628360748291,1.3125104904174805,4.9455
track_2,reverb,ulunas,-8.986835,-8.715077,1.3248577117919922,1.3571244478225708,4.56025
track_2,reverb,ulunas,-11.706153,-11.02532,1.1179944276809692,1.2147798538208008,9.389375
track_2,reverb,ulunas,-11.755462,-11.426667,1.1582218408584595,1.2576320171356201,4.784
track_2,reverb,ulunas,-9.603017,-9.565462,1.1648533344268799,1.2214875221252441,5.3
track_2,reverb,ulunas,-8.587653,-8.373662,1.4124807119369507,1.5167956352233887,9.961
track_2,reverb,ulunas,-10.231644,-10.069194,1.2025974988937378,1.243182897567749,9.986
track_2,reverb,ulunas,-7.048586,-5.5940127,1.23942232131958,1.3611453771591187,3.49
track_2,reverb,ulunas,-8.003366,-6.928124,1.2457207441329956,1.3340110778808594,3.1680625
track_2,reverb,ulunas,-9.426182,-9.248205,1.2539541721343994,1.2951642274856567,4.6
track_2,reverb,ulunas,-9.282934,-8.984341,1.2294666767120361,1.261112928390503,3.669875
track_2,reverb,ulunas,-11.742982,-10.716332,1.102285385131836,1.1567927598953247,8.2080625
track_2,reverb,ulunas,-11.688299,-11.609354,1.1988425254821777,1.2835400104522705,9.98
track_2,reverb,ulunas,-4.2093244,-4.1256247,1.170409083366394,1.1930512189865112,9.248
track_2,reverb,ulunas,-5.6243877,-5.554562,1.265997052192688,1.2425109148025513,4.5000625
track_2,reverb,ulunas,-11.464883,-11.128311,1.1662452220916748,1.2505428791046143,4.112
track_2,reverb,ulunas,-6.9070764,-6.617242,1.3554006814956665,1.5414021015167236,5.744
track_2,reverb,ulunas,-7.5756273,-7.5317993,1.2384954690933228,1.2590934038162231,3.3
track_2,reverb,ulunas,-13.0169,-12.70039,1.1032171249389648,1.1374008655548096,4.1
track_2,reverb,ulunas,-9.305618,-9.038857,1.4280405044555664,1.504568338394165,3.1
track_2,reverb,ulunas,-14.154284,-13.231267,1.166596531867981,1.2746059894561768,9.9945
track_2,reverb,ulunas,-7.925393,-7.6359124,1.3159064054489136,1.3111270666122437,3.71525
track_2,reverb,ulunas,-6.953237,-6.8975663,1.3242582082748413,1.4074188470840454,3.5
track_2,reverb,ulunas,-11.641139,-10.411417,1.145157814025879,1.1786739826202393,5.08
track_2,reverb,ulunas,-11.05734,-10.652356,1.245558261871338,1.2613741159439087,4.992
track_2,reverb,ulunas,-12.31201,-11.411757,1.138075590133667,1.2464423179626465,7.168
track_2,reverb,ulunas,-8.004099,-7.560334,1.1594688892364502,1.2380763292312622,4.74925
track_2,reverb,ulunas,-7.7978272,-7.572507,1.2449661493301392,1.3440701961517334,4.0
track_2,reverb,ulunas,-13.061923,-13.497249,1.1787171363830566,1.1762043237686157,3.517125
track_2,reverb,ulunas,-7.8927116,-7.8313355,1.1783093214035034,1.2378735542297363,5.2000625
track_2,reverb,ulunas,-9.916383,-9.712045,1.3623688220977783,1.3884958028793335,3.4125
track_2,reverb,ulunas,-14.701614,-14.534151,1.3370453119277954,1.4177051782608032,5.5354375
track_2,reverb,ulunas,-11.363054,-11.22488,1.257594108581543,1.3435850143432617,3.3
track_2,reverb,ulunas,-10.77751,-10.558117,1.1486997604370117,1.2155942916870117,8.624
track_2,reverb,ulunas,-7.701426,-7.458355,1.1366455554962158,1.18211030960083,4.4000625
track_2,reverb,ulunas,-12.157608,-11.941174,1.2214117050170898,1.2899012565612793,4.9280625
track_2,reverb,ulunas,-8.401204,-6.5824246,1.1547858715057373,1.2047488689422607,3.799875
track_2,reverb,ulunas,-11.7426405,-10.72513,1.112810492515564,1.15336275100708,3.3
track_2,reverb,ulunas,-8.270221,-8.137492,1.3898636102676392,1.36019766330719,3.421375
track_2,reverb,ulunas,-27.145199,-20.964949,1.4331281185150146,1.2554614543914795,9.8805
track_2,reverb,ulunas,-10.009506,-9.800635,1.3934428691864014,1.4745233058929443,3.356625
track_2,reverb,ulunas,-10.809095,-10.413824,1.1029598712921143,1.1403429508209229,4.4935
track_2,reverb,ulunas,-12.777622,-12.595793,1.1799914836883545,1.2702585458755493,9.9335
track_2,reverb,ulunas,-10.335379,-10.233226,1.3905363082885742,1.3858311176300049,8.864
track_2,reverb,ulunas,-11.350536,-11.033807,1.14963960647583,1.237320899963379,3.792
track_2,reverb,ulunas,-8.533148,-8.428852,1.510307788848877,1.5430223941802979,9.9975
track_2,reverb,ulunas,-13.510212,-13.248357,1.1880546808242798,1.2350972890853882,3.6
track_2,reverb,ulunas,-7.967937,-7.9161825,1.5027352571487427,1.595099925994873,9.9445
track_2,reverb,ulunas,-12.379111,-12.417512,1.1179267168045044,1.163919448852539,3.6
track_2,reverb,ulunas,-9.720086,-9.57597,1.3942248821258545,1.4738777875900269,9.941
track_2,reverb,ulunas,-8.102351,-7.9491806,1.1889445781707764,1.306159257888794,5.3
track_2,reverb,ulunas,-2.3247042,-2.217982,1.1762696504592896,1.2605891227722168,4.8
track_2,reverb,ulunas,-7.3291225,-7.1369305,1.2693986892700195,1.3488283157348633,9.9855
track_2,reverb,ulunas,-11.365725,-10.806674,1.0827752351760864,1.126050591468811,4.3
track_2,reverb,ulunas,-12.222939,-11.966341,1.3969322443008423,1.510852575302124,3.827
track_2,reverb,ulunas,-9.494923,-9.304659,1.1931880712509155,1.2887144088745117,6.24
track_2,reverb,ulunas,-10.598082,-10.378578,1.3765177726745605,1.4898790121078491,9.99925
track_2,reverb,ulunas,-12.009472,-11.78051,1.2103124856948853,1.2741299867630005,8.096
track_2,reverb,ulunas,-11.834811,-11.476136,1.2669328451156616,1.3289260864257812,9.9985
track_2,reverb,ulunas,-11.44915,-11.272746,1.239054560661316,1.3506935834884644,9.968
track_2,reverb,ulunas,-8.281329,-7.606348,1.2164735794067383,1.258614420890808,5.805375
track_2,reverb,ulunas,-8.760736,-8.422261,1.2802422046661377,1.3436452150344849,3.5463125
track_2,reverb,ulunas,-9.577999,-9.428731,1.2710422277450562,1.3217980861663818,5.35
track_2,reverb,ulunas,-6.8856883,-6.7304807,1.3607800006866455,1.4214494228363037,3.289
track_2,reverb,ulunas,-8.621484,-8.542098,1.30318021774292,1.3895606994628906,4.5
track_2,reverb,ulunas,-11.454514,-11.147528,1.2561120986938477,1.339307427406311,3.2160625
track_2,reverb,ulunas,-12.136236,-11.266251,1.1902270317077637,1.259777545928955,6.6600625
track_2,reverb,ulunas,-11.311384,-11.166516,1.6161497831344604,1.7201170921325684,9.9665
track_2,reverb,ulunas,-13.026656,-12.646402,1.1481691598892212,1.2248551845550537,7.072
track_2,reverb,ulunas,-7.926243,-7.368639,1.209147572517395,1.287853479385376,8.4105
track_2,reverb,ulunas,-8.826584,-8.564497,1.1639372110366821,1.2160776853561401,3.8
track_2,reverb,ulunas,-10.832247,-10.702552,1.4673008918762207,1.5345158576965332,4.052875
track_2,reverb,ulunas,-12.222396,-11.007908,1.0639878511428833,1.135266900062561,4.3
track_2,reverb,ulunas,-12.244834,-13.628979,1.1592543125152588,1.205784797668457,9.942
track_2,reverb,ulunas,-9.438417,-9.282762,1.390822410583496,1.4491324424743652,9.98525
track_2,reverb,ulunas,-11.303807,-10.4027195,1.3712666034698486,1.5918114185333252,9.9885
track_2,reverb,ulunas,-9.871414,-9.639833,1.4042245149612427,1.4750893115997314,9.9795
track_2,reverb,ulunas,-12.171375,-11.928252,1.1425343751907349,1.2156527042388916,3.7
track_2,reverb,ulunas,-10.304612,-10.174583,1.432571530342102,1.5521321296691895,6.67
track_2,reverb,ulunas,-9.730433,-9.455413,1.23514986038208,1.2668544054031372,8.61375
track_2,reverb,ulunas,-7.319689,-7.2773514,1.1503790616989136,1.2444742918014526,3.9
track_2,reverb,ulunas,-9.877236,-9.7112055,1.2131261825561523,1.2718614339828491,9.9945
track_2,reverb,ulunas,-7.6231422,-7.4023476,1.5121350288391113,1.6116151809692383,3.205875
track_2,reverb,ulunas,-9.317437,-8.745311,1.2837766408920288,1.3703975677490234,9.851
track_2,reverb,ulunas,-9.059155,-8.602299,1.2507994174957275,1.3270827531814575,9.944
track_2,reverb,ulunas,-12.545038,-12.043399,1.0678683519363403,1.0917912721633911,3.2
track_2,reverb,ulunas,-7.418767,-7.1374893,1.2081191539764404,1.2816580533981323,4.96
track_2,reverb,ulunas,-6.3447313,-6.0921936,1.2670657634735107,1.3471263647079468,5.464
track_2,reverb,ulunas,-12.183476,-10.902237,1.1640262603759766,1.2783687114715576,4.23
track_2,reverb,ulunas,-10.073939,-9.574785,1.2034757137298584,1.2659697532653809,7.55
track_2,reverb,ulunas,-13.794697,-12.167884,1.1216328144073486,1.1829512119293213,8.24
track_2,reverb,ulunas,-10.01514,-9.775361,1.2724108695983887,1.3103346824645996,3.49925
track_2,reverb,ulunas,-7.7533555,-7.3939257,1.1538838148117065,1.182466983795166,4.5
track_2,reverb,ulunas,-8.086205,-8.005163,1.2548880577087402,1.2973310947418213,3.41425
track_2,reverb,ulunas,-7.975172,-7.4212165,1.1683603525161743,1.305206537246704,3.488
track_2,reverb,ulunas,-8.520819,-8.861564,1.11902916431427,1.145634412765503,9.993
track_2,reverb,ulunas,-8.817983,-8.744799,1.2511552572250366,1.2982800006866455,3.3
track_2,reverb,ulunas,-7.7007504,-7.587224,1.1375960111618042,1.1688752174377441,4.8
track_2,reverb,ulunas,-11.302896,-11.099451,1.5047622919082642,1.7071483135223389,5.228625
track_2,reverb,ulunas,-7.541291,-7.428658,1.3934680223464966,1.463921308517456,10.0415625
track_2,reverb,ulunas,-6.264387,-5.9810677,1.203830361366272,1.304857850074768,9.956
track_2,reverb,ulunas,-9.111465,-8.529509,1.1823471784591675,1.2324031591415405,3.3
track_2,reverb,ulunas,-12.384442,-12.110184,1.1985435485839844,1.2703857421875,7.84
track_2,reverb,ulunas,-9.768872,-9.515042,1.3636350631713867,1.38027822971344,3.3739375
track_2,reverb,ulunas,-11.273087,-11.039342,1.1853269338607788,1.2155380249023438,3.2
track_2,reverb,ulunas,-9.705202,-7.6162667,1.0906357765197754,1.1661444902420044,7.0185
track_2,reverb,ulunas,-8.350388,-7.9068637,1.0578601360321045,1.1108206510543823,3.984
track_2,reverb,ulunas,-7.719347,-7.3449554,1.1966230869293213,1.2578023672103882,3.442375
track_2,reverb,ulunas,-10.02162,-9.878264,1.231764554977417,1.2963403463363647,3.5
track_2,reverb,ulunas,-8.846744,-8.534175,1.2599077224731445,1.325744390487671,5.7663125
track_2,reverb,ulunas,-11.871896,-11.696131,1.2849899530410767,1.3716087341308594,5.48775
track_2,reverb,ulunas,-10.378285,-9.962203,1.0904333591461182,1.1501961946487427,7.072
track_2,reverb,ulunas,-8.727165,-8.471667,1.225481629371643,1.327726125717163,3.472
track_2,reverb,ulunas,-12.180747,-11.983782,1.2760334014892578,1.401390790939331,9.999
track_2,reverb,ulunas,-13.348771,-12.779539,1.0981736183166504,1.1780850887298584,9.92575
track_2,reverb,ulunas,-12.13504,-12.237703,1.135095238685608,1.1284265518188477,3.4
track_2,reverb,ulunas,-11.566488,-11.404629,1.1196767091751099,1.1549689769744873,4.7
track_2,reverb,ulunas,-11.613301,-11.445427,1.1977565288543701,1.298218011856079,9.904
track_2,reverb,ulunas,-14.142065,-14.520721,1.1043484210968018,1.158024787902832,4.3
track_2,reverb,ulunas,-10.702446,-10.506658,1.4644719362258911,1.463066816329956,3.5500625
track_2,reverb,ulunas,-8.824531,-8.17157,1.2266807556152344,1.358863353729248,9.16
track_2,reverb,ulunas,-6.5567927,-6.401999,1.3359034061431885,1.4207594394683838,8.8695
track_2,reverb,ulunas,-8.496,-8.21525,1.3312733173370361,1.4029968976974487,3.618625
track_2,reverb,ulunas,-11.0474205,-11.51371,1.1242517232894897,1.1869231462478638,3.096
track_2,reverb,ulunas,-6.2059093,-6.004342,1.0705935955047607,1.0865048170089722,6.1920625
track_2,reverb,ulunas,-8.7046,-8.354816,1.2520637512207031,1.3215770721435547,6.31
track_2,reverb,ulunas,-8.495082,-8.406535,1.3788973093032837,1.403423547744751,7.632
track_2,reverb,ulunas,-6.8250246,-6.6912894,1.7683266401290894,1.829613447189331,3.6160625
track_2,reverb,ulunas,-10.955028,-10.7154665,1.3330655097961426,1.3941659927368164,9.9895
track_2,reverb,ulunas,-9.373558,-9.167744,1.3033325672149658,1.345438003540039,6.1853125
track_2,reverb,ulunas,-12.079794,-11.96177,1.259124994277954,1.3683134317398071,3.8
track_2,reverb,ulunas,-14.640876,-13.843624,1.2292956113815308,1.2747818231582642,9.8695
track_2,reverb,ulunas,-5.19854,-5.0654173,1.1611018180847168,1.1876552104949951,4.3200625
track_2,reverb,ulunas,-13.81659,-12.81827,1.0835235118865967,1.104986548423767,4.5
track_2,reverb,ulunas,-12.261691,-11.930538,1.1519525051116943,1.2345590591430664,9.9205
track_2,reverb,ulunas,-13.851251,-13.193607,1.1769839525222778,1.3261748552322388,3.8156875
